pokemon_1,pokemon_2,winner,label,turns
Houndoom,Meowth,Houndoom,1,1
Granbull,Mareep,Granbull,1,2
Morgrem,Drapion,Drapion,0,1
Spinda,Mr-Rime,Mr-Rime,0,2
Leavanny,Muk,Muk,0,2
Prinplup,Snorlax,Snorlax,0,2
Toxapex,Altaria,Toxapex,1,2
Zangoose,Brambleghast,Zangoose,1,2
Machop,Keldeo-Ordinary,Keldeo-Ordinary,0,1
Landorus-Incarnate,Bronzor,Landorus-Incarnate,1,1
Wattrel,Whismur,Whismur,0,1
Cufant,Inteleon,Inteleon,0,2
Trapinch,Sirfetchd,Sirfetchd,0,1
Tinkaton,Panpour,Tinkaton,1,2
Tyrantrum,Houndoom,Tyrantrum,1,1
Sewaddle,Clamperl,Sewaddle,1,1
Cranidos,Illumise,Cranidos,1,1
Ivysaur,Scatterbug,Ivysaur,1,1
Mandibuzz,Darkrai,Darkrai,0,3
Venipede,Runerigus,Runerigus,0,1
Terrakion,Inteleon,Inteleon,0,2
Gliscor,Drapion,Drapion,0,2
Zoroark,Iron-Thorns,Iron-Thorns,0,2
Slowking,Arctovish,Slowking,1,4
Cyndaquil,Meowscarada,Meowscarada,0,1
Nidoqueen,Sunflora,Nidoqueen,1,1
Iron-Thorns,Brute-Bonnet,Brute-Bonnet,0,3
Arctibax,Carvanha,Arctibax,1,1
Electabuzz,Reshiram,Reshiram,0,2
Kabuto,Azelf,Azelf,0,1
Magneton,Ariados,Magneton,1,2
Thwackey,Dustox,Dustox,0,2
Mew,Bronzong,Bronzong,0,5
Sharpedo,Crustle,Crustle,0,1
Swadloon,Wo-Chien,Wo-Chien,0,2
Cascoon,Seismitoad,Seismitoad,0,1
Raticate,Kingdra,Kingdra,0,2
Durant,Mareanie,Durant,1,2
Chewtle,Swalot,Swalot,0,2
Aegislash-Shield,Sandaconda,Sandaconda,0,2
Palafin-Zero,Finneon,Palafin-Zero,1,3
Hoopa,Skwovet,Hoopa,1,1
Primeape,Hitmontop,Primeape,1,2
Reshiram,Regieleki,Reshiram,1,2
Luxio,Wishiwashi-Solo,Luxio,1,1
Reshiram,Combusken,Reshiram,1,1
Rolycoly,Flabebe,Flabebe,0,2
Accelgor,Dubwool,Dubwool,0,2
Bonsly,Glimmora,Glimmora,0,2
Sunflora,Azelf,Azelf,0,2
Mewtwo,Naclstack,Mewtwo,1,2
Butterfree,Magcargo,Magcargo,0,1
Scovillain,Exeggutor,Scovillain,1,2
Chespin,Floragato,Floragato,0,2
Flamigo,Pawmo,Flamigo,1,1
Iron-Jugulis,Manaphy,Manaphy,0,3
Flittle,Clobbopus,Flittle,1,1
Zubat,Drampa,Drampa,0,1
Impidimp,Drapion,Drapion,0,1
Celesteela,Barbaracle,Barbaracle,0,4
Florges,Stunky,Florges,1,1
Zorua,Cursola,Cursola,0,1
Yveltal,Abomasnow,Yveltal,1,1
Kadabra,Herdier,Herdier,0,1
Smeargle,Riolu,Riolu,0,1
Smeargle,Seviper,Seviper,0,1
Sandygast,Scorbunny,Sandygast,1,1
Tepig,Snubbull,Tepig,1,3
Raichu,Grimmsnarl,Grimmsnarl,0,2
Darumaka,Iron-Bundle,Iron-Bundle,0,1
Fletchling,Samurott,Samurott,0,1
Emboar,Scovillain,Emboar,1,2
Cinccino,Archen,Cinccino,1,2
Veluza,Iron-Valiant,Iron-Valiant,0,2
Sliggoo,Snom,Sliggoo,1,1
Arboliva,Darmanitan-Standard,Darmanitan-Standard,0,3
Ducklett,Dunsparce,Dunsparce,0,2
Klink,Marshtomp,Marshtomp,0,1
Raichu,Vanillish,Raichu,1,2
Rookidee,Miraidon,Miraidon,0,1
Aggron,Golurk,Golurk,0,1
Grapploct,Lickilicky,Grapploct,1,2
Pineco,Drifblim,Drifblim,0,2
Finizen,Ferroseed,Ferroseed,0,3
Weavile,Aggron,Aggron,0,1
Mandibuzz,Frillish-Male,Mandibuzz,1,2
Magneton,Dreepy,Magneton,1,1
Oddish,Krokorok,Oddish,1,1
Sprigatito,Zorua,Zorua,0,1
Miraidon,Hoppip,Miraidon,1,1
Sneasel,Flygon,Sneasel,1,2
Landorus-Incarnate,Munna,Landorus-Incarnate,1,2
Barraskewda,Rhydon,Barraskewda,1,1
Sprigatito,Hitmonlee,Hitmonlee,0,1
Calyrex,Iron-Jugulis,Iron-Jugulis,0,2
Sunkern,Weavile,Weavile,0,1
Miltank,Gulpin,Miltank,1,2
Hariyama,Tapu-Lele,Tapu-Lele,0,2
Tyrantrum,Petilil,Tyrantrum,1,1
Ting-Lu,Lairon,Ting-Lu,1,1
Silvally,Naclstack,Silvally,1,3
Minun,Munkidori,Munkidori,0,2
Armarouge,Nidoran-M,Armarouge,1,1
Swalot,Meganium,Swalot,1,2
Bruxish,Genesect,Genesect,0,1
Geodude,Kabutops,Kabutops,0,1
Electivire,Politoed,Electivire,1,2
Onix,Spewpa,Onix,1,2
Feebas,Absol,Absol,0,1
Loudred,Probopass,Probopass,0,3
Alcremie,Pansear,Alcremie,1,2
Elgyem,Vileplume,Vileplume,0,2
Archaludon,Emolga,Archaludon,1,1
Chimchar,Simisear,Simisear,0,2
Deino,Sneasler,Sneasler,0,1
Elgyem,Floette,Floette,0,2
Lunatone,Woobat,Lunatone,1,1
Helioptile,Tyrogue,Helioptile,1,1
Lickilicky,Raboot,Lickilicky,1,2
Seismitoad,Dhelmise,Dhelmise,0,1
Meowth,Skiddo,Skiddo,0,1
Mienfoo,Rolycoly,Mienfoo,1,1
Walking-Wake,Smoochum,Walking-Wake,1,1
Arboliva,Bewear,Bewear,0,2
Girafarig,Ting-Lu,Ting-Lu,0,2
Fomantis,Gumshoos,Gumshoos,0,1
Nacli,Skiploom,Skiploom,0,1
Gloom,Cubone,Gloom,1,1
Cherrim,Kabutops,Cherrim,1,1
Froslass,Gogoat,Gogoat,0,2
Mantine,Persian,Mantine,1,3
Octillery,Fidough,Octillery,1,1
Stunfisk,Bellibolt,Bellibolt,0,3
Marshtomp,Tirtouga,Marshtomp,1,2
Dracovish,Pineco,Dracovish,1,1
Chatot,Arctozolt,Arctozolt,0,1
Clobbopus,Quagsire,Quagsire,0,2
Togepi,Sunkern,Togepi,1,1
Scyther,Furfrou,Scyther,1,2
Foongus,Virizion,Virizion,0,2
Fomantis,Tyrogue,Fomantis,1,1
Psyduck,Petilil,Psyduck,1,1
Tyrunt,Diancie,Diancie,0,1
Rookidee,Snorlax,Snorlax,0,1
Chatot,Pyukumuku,Pyukumuku,0,4
Stantler,Klefki,Klefki,0,3
Roggenrola,Jellicent-Male,Jellicent-Male,0,1
Wynaut,Wurmple,Wurmple,0,2
Jigglypuff,Maschiff,Maschiff,0,2
Oddish,Vivillon,Vivillon,0,1
Cutiefly,Ampharos,Ampharos,0,1
Furret,Thwackey,Furret,1,3
Mawile,Palkia,Palkia,0,1
Illumise,Cyndaquil,Cyndaquil,0,2
Fletchinder,Meloetta-Aria,Meloetta-Aria,0,2
Larvesta,Bramblin,Larvesta,1,1
Totodile,Sudowoodo,Totodile,1,2
Deoxys-Normal,Bunnelby,Deoxys-Normal,1,1
Pawmot,Scizor,Pawmot,1,3
Ducklett,Buzzwole,Buzzwole,0,2
Lunala,Vanillite,Lunala,1,1
Medicham,Aromatisse,Aromatisse,0,1
Poipole,Wurmple,Poipole,1,1
Type-Null,Gogoat,Gogoat,0,4
Gardevoir,Carvanha,Gardevoir,1,1
Rapidash,Skrelp,Rapidash,1,2
Whiscash,Spectrier,Whiscash,1,3
Staraptor,Lurantis,Staraptor,1,2
Cacturne,Rampardos,Cacturne,1,1
Bounsweet,Qwilfish,Qwilfish,0,1
Pichu,Vibrava,Vibrava,0,1
Glastrier,Skiploom,Glastrier,1,1
Golduck,Sizzlipede,Golduck,1,1
Ariados,Golisopod,Golisopod,0,3
Wugtrio,Nymble,Wugtrio,1,1
Spiritomb,Meditite,Spiritomb,1,1
Amoonguss,Giratina-Altered,Giratina-Altered,0,3
Exploud,Ferroseed,Exploud,1,3
Golbat,Necrozma,Necrozma,0,1
Nidoking,Trumbeak,Nidoking,1,1
Shuckle,Aegislash-Shield,Aegislash-Shield,0,2
Farigiraf,Beldum,Farigiraf,1,3
Glimmora,Pidove,Glimmora,1,1
Krabby,Doublade,Doublade,0,1
Ursaluna,Lunala,Lunala,0,3
Tynamo,Greninja,Greninja,0,1
Quaquaval,Frosmoth,Quaquaval,1,2
Goldeen,Meganium,Meganium,0,1
Trapinch,Kadabra,Kadabra,0,1
Tentacool,Marshtomp,Marshtomp,0,1
Machoke,Roselia,Roselia,0,2
Zoroark,Simisage,Zoroark,1,2
Quaquaval,Happiny,Quaquaval,1,1
Iron-Valiant,Shieldon,Iron-Valiant,1,1
Quaxly,Flaaffy,Flaaffy,0,1
Eevee,Joltik,Eevee,1,2
Burmy,Shroomish,Shroomish,0,3
Farigiraf,Appletun,Farigiraf,1,2
Goodra,Zigzagoon,Goodra,1,1
Salamence,Wurmple,Salamence,1,1
Torchic,Illumise,Torchic,1,2
Shinx,Cofagrigus,Cofagrigus,0,1
Cradily,Gulpin,Cradily,1,2
Spinarak,Gengar,Gengar,0,1
Purugly,Sinistea,Purugly,1,2
Dubwool,Axew,Dubwool,1,1
Clobbopus,Iron-Hands,Iron-Hands,0,1
Braixen,Phantump,Braixen,1,1
Slugma,Braixen,Braixen,0,2
Hattrem,Purrloin,Hattrem,1,1
Tornadus-Incarnate,Torterra,Tornadus-Incarnate,1,1
Iron-Boulder,Durant,Durant,0,2
Palafin-Zero,Sawsbuck,Sawsbuck,0,2
Bidoof,Ribombee,Ribombee,0,1
Cinccino,Entei,Entei,0,2
Corviknight,Pecharunt,Pecharunt,0,5
Clefairy,Morelull,Clefairy,1,2
Houndstone,Whirlipede,Houndstone,1,2
Bruxish,Mawile,Bruxish,1,2
Arrokuda,Buizel,Buizel,0,2
Drifloon,Vivillon,Vivillon,0,2
Leavanny,Iron-Hands,Iron-Hands,0,3
Sigilyph,Foongus,Sigilyph,1,1
Melmetal,Klefki,Melmetal,1,2
Dudunsparce-Two-Segment,Mime-Jr,Dudunsparce-Two-Segment,1,1
Gardevoir,Octillery,Gardevoir,1,2
Barraskewda,Espurr,Barraskewda,1,2
Cetitan,Tatsugiri-Curly,Cetitan,1,3
Hatenna,Snorunt,Snorunt,0,2
Jellicent-Male,Ponyta,Jellicent-Male,1,1
Vanillish,Squawkabilly-Green-Plumage,Vanillish,1,1
Tinkaton,Scraggy,Tinkaton,1,1
Wattrel,Woobat,Woobat,0,1
Starly,Wynaut,Wynaut,0,2
Tatsugiri-Curly,Talonflame,Tatsugiri-Curly,1,1
Whimsicott,Furfrou,Furfrou,0,3
Volcarona,Miltank,Miltank,0,3
Lucario,Herdier,Lucario,1,1
Lechonk,Oricorio-Baile,Oricorio-Baile,0,2
Skiddo,Enamorus-Incarnate,Enamorus-Incarnate,0,1
Hoppip,Quaxwell,Quaxwell,0,1
Armarouge,Seaking,Armarouge,1,3
Jynx,Aerodactyl,Aerodactyl,0,1
Relicanth,Wingull,Relicanth,1,1
Kommo-O,Nymble,Kommo-O,1,1
Seedot,Avalugg,Avalugg,0,1
Poochyena,Lumineon,Lumineon,0,1
Toedscruel,Alcremie,Alcremie,0,2
Impidimp,Nidorino,Nidorino,0,1
Lechonk,Voltorb,Voltorb,0,2
Jellicent-Male,Uxie,Jellicent-Male,1,4
Eiscue-Ice,Fezandipiti,Fezandipiti,0,4
Seaking,Arrokuda,Seaking,1,2
Bewear,Aipom,Bewear,1,1
Magnemite,Mewtwo,Mewtwo,0,1
Garchomp,Dudunsparce-Two-Segment,Dudunsparce-Two-Segment,0,2
Farigiraf,Serperior,Farigiraf,1,2
Durant,Palpitoad,Durant,1,2
Pachirisu,Bewear,Bewear,0,2
Elgyem,Volbeat,Volbeat,0,1
Patrat,Iron-Crown,Iron-Crown,0,1
Wo-Chien,Roaring-Moon,Roaring-Moon,0,4
Gardevoir,Porygon-Z,Gardevoir,1,2
Gholdengo,Nidorino,Gholdengo,1,2
Dracovish,Gorebyss,Dracovish,1,3
Lickilicky,Cryogonal,Lickilicky,1,2
Kangaskhan,Raticate,Kangaskhan,1,2
Grimer,Glaceon,Glaceon,0,2
Machamp,Gorebyss,Machamp,1,2
Totodile,Cubchoo,Totodile,1,2
Slakoth,Sentret,Slakoth,1,1
Glastrier,Probopass,Glastrier,1,1
Scorbunny,Flabebe,Scorbunny,1,2
Bruxish,Togetic,Bruxish,1,3
Durant,Skeledirge,Skeledirge,0,1
Lokix,Boltund,Boltund,0,2
Toxel,Pheromosa,Pheromosa,0,1
Tepig,Armaldo,Armaldo,0,1
Nosepass,Gyarados,Gyarados,0,1
Totodile,Crabominable,Crabominable,0,1
Kricketot,Tadbulb,Tadbulb,0,1
Aegislash-Shield,Bruxish,Aegislash-Shield,1,2
Burmy,Dudunsparce-Two-Segment,Dudunsparce-Two-Segment,0,1
Ferroseed,Iron-Valiant,Iron-Valiant,0,1
Gothorita,Stakataka,Stakataka,0,2
Honchkrow,Calyrex,Honchkrow,1,2
Musharna,Gulpin,Musharna,1,1
Dudunsparce-Two-Segment,Rookidee,Dudunsparce-Two-Segment,1,1
Golem,Charjabug,Golem,1,1
Togepi,Octillery,Octillery,0,1
Cloyster,Skwovet,Cloyster,1,2
Croagunk,Quaxwell,Quaxwell,0,2
Beheeyem,Clobbopus,Beheeyem,1,1
Ninjask,Noibat,Ninjask,1,1
Iron-Treads,Noibat,Iron-Treads,1,1
Braixen,Omanyte,Omanyte,0,1
Octillery,Lunatone,Octillery,1,2
Regice,Kyogre,Kyogre,0,5
Thundurus-Incarnate,Xurkitree,Xurkitree,0,2
Igglybuff,Shiftry,Shiftry,0,1
Oranguru,Nincada,Oranguru,1,1
Tapu-Lele,Runerigus,Tapu-Lele,1,2
Vigoroth,Rayquaza,Rayquaza,0,2
Okidogi,Carkol,Okidogi,1,2
Klink,Machoke,Machoke,0,1
Ceruledge,Munkidori,Ceruledge,1,1
Araquanid,Seel,Araquanid,1,2
Machoke,Pawmo,Machoke,1,1
Miltank,Regigigas,Regigigas,0,3
Lileep,Talonflame,Lileep,1,2
Silicobra,Mr-Mime,Mr-Mime,0,1
Ludicolo,Simisage,Ludicolo,1,2
Sandygast,Fidough,Sandygast,1,2
Gholdengo,Florges,Gholdengo,1,2
Gyarados,Cinderace,Gyarados,1,2
Iron-Moth,Goomy,Iron-Moth,1,1
Maschiff,Nidoking,Nidoking,0,2
Lombre,Mienfoo,Mienfoo,0,2
Barboach,Hitmonchan,Hitmonchan,0,1
Uxie,Dracozolt,Uxie,1,3
Sirfetchd,Lombre,Sirfetchd,1,1
Granbull,Scizor,Scizor,0,2
Whismur,Kabutops,Kabutops,0,1
Basculegion-Male,Hoopa,Basculegion-Male,1,1
Sandaconda,Floragato,Floragato,0,2
Landorus-Incarnate,Slakoth,Landorus-Incarnate,1,2
Golduck,Stunfisk,Stunfisk,0,2
Solgaleo,Phanpy,Solgaleo,1,2
Nihilego,Obstagoon,Nihilego,1,4
Blipbug,Crobat,Crobat,0,1
Pichu,Hydreigon,Hydreigon,0,1
Sharpedo,Floette,Floette,0,1
Flareon,Larvesta,Flareon,1,2
Chansey,Zweilous,Zweilous,0,1
Raichu,Gardevoir,Gardevoir,0,2
Sandile,Blissey,Blissey,0,1
Lapras,Sawk,Sawk,0,2
Lurantis,Camerupt,Camerupt,0,2
Oshawott,Onix,Oshawott,1,1
Tentacruel,Impidimp,Tentacruel,1,1
Froakie,Maractus,Maractus,0,1
Lickitung,Gorebyss,Gorebyss,0,3
Ferrothorn,Golurk,Golurk,0,3
Venomoth,Froslass,Froslass,0,3
Morgrem,Miraidon,Miraidon,0,2
Arrokuda,Tsareena,Tsareena,0,1
Nuzleaf,Meltan,Nuzleaf,1,2
Stakataka,Flabebe,Stakataka,1,1
Octillery,Sharpedo,Octillery,1,2
Larvitar,Politoed,Politoed,0,1
Farfetchd,Chatot,Chatot,0,2
Gurdurr,Tropius,Tropius,0,2
Slakoth,Lugia,Lugia,0,1
Cascoon,Budew,Budew,0,2
Vileplume,Eevee,Vileplume,1,2
Cubone,Lileep,Lileep,0,1
Kommo-O,Stonjourner,Kommo-O,1,1
Gothita,Quaquaval,Quaquaval,0,2
Electabuzz,Flaaffy,Electabuzz,1,3
Iron-Jugulis,Sliggoo,Iron-Jugulis,1,2
Gothitelle,Staryu,Gothitelle,1,1
Dusknoir,Spinda,Dusknoir,1,3
Dusclops,Snorunt,Dusclops,1,2
Shedinja,Deoxys-Normal,Deoxys-Normal,0,1
Deino,Wynaut,Deino,1,2
Wormadam-Plant,Cascoon,Wormadam-Plant,1,1
Talonflame,Mr-Mime,Talonflame,1,2
Passimian,Thwackey,Passimian,1,2
Baxcalibur,Chespin,Baxcalibur,1,1
Pikipek,Mantyke,Mantyke,0,1
Eelektross,Poochyena,Eelektross,1,1
Marshadow,Machoke,Marshadow,1,2
Honedge,Feraligatr,Feraligatr,0,1
Bellossom,Binacle,Bellossom,1,1
Omastar,Zygarde-50,Zygarde-50,0,2
Iron-Leaves,Turtonator,Iron-Leaves,1,3
Tympole,Sneasel,Sneasel,0,2
Sandy-Shocks,Kadabra,Sandy-Shocks,1,1
Weezing,Steelix,Steelix,0,2
Umbreon,Exeggcute,Umbreon,1,1
Rhydon,Crabrawler,Rhydon,1,1
Great-Tusk,Rampardos,Great-Tusk,1,1
Ariados,Glimmora,Glimmora,0,2
Registeel,Bewear,Bewear,0,2
Pinsir,Manectric,Manectric,0,2
Electabuzz,Nihilego,Nihilego,0,3
Sableye,Pupitar,Pupitar,0,2
Sentret,Urshifu-Single-Strike,Urshifu-Single-Strike,0,1
Drilbur,Delphox,Delphox,0,1
Pheromosa,Raboot,Raboot,0,1
Raichu,Morgrem,Raichu,1,2
Gligar,Sawsbuck,Sawsbuck,0,1
Swadloon,Tapu-Koko,Tapu-Koko,0,2
Corviknight,Slowbro,Slowbro,0,4
Meowscarada,Greninja,Greninja,0,2
Passimian,Horsea,Passimian,1,1
Nickit,Wingull,Wingull,0,2
Machamp,Charcadet,Machamp,1,1
Morelull,Capsakid,Morelull,1,1
Tsareena,Chien-Pao,Chien-Pao,0,2
Politoed,Vanilluxe,Politoed,1,3
Rattata,Greavard,Greavard,0,2
Tirtouga,Milcery,Tirtouga,1,1
Mienfoo,Raboot,Raboot,0,2
Reuniclus,Haxorus,Reuniclus,1,2
Haxorus,Deoxys-Normal,Deoxys-Normal,0,1
Thievul,Delphox,Thievul,1,2
Torterra,Carbink,Torterra,1,2
Feebas,Bagon,Bagon,0,1
Metang,Binacle,Metang,1,2
Klawf,Blissey,Klawf,1,2
Jangmo-O,Haxorus,Haxorus,0,1
Bastiodon,Dedenne,Bastiodon,1,3
Sigilyph,Mismagius,Mismagius,0,2
Dracozolt,Nickit,Dracozolt,1,1
Rampardos,Oranguru,Rampardos,1,2
Goodra,Virizion,Virizion,0,3
Shiftry,Dedenne,Dedenne,0,2
Abomasnow,Dustox,Dustox,0,3
Kingler,Corsola,Corsola,0,4
Sneasel,Blissey,Sneasel,1,1
Shieldon,Sawk,Sawk,0,1
Applin,Elgyem,Elgyem,0,1
Scream-Tail,Meowstic-Male,Scream-Tail,1,4
Exeggutor,Forretress,Forretress,0,1
Tornadus-Incarnate,Frosmoth,Tornadus-Incarnate,1,1
Gengar,Raticate,Gengar,1,2
Sunkern,Comfey,Comfey,0,1
Charcadet,Dwebble,Dwebble,0,1
Cursola,Crawdaunt,Crawdaunt,0,2
Calyrex,Shelgon,Calyrex,1,2
Iron-Treads,Gholdengo,Iron-Treads,1,2
Snover,Clawitzer,Clawitzer,0,2
Cosmog,Lairon,Lairon,0,1
Rhydon,Arbok,Rhydon,1,1
Barboach,Meganium,Meganium,0,1
Zorua,Cubone,Zorua,1,1
Azelf,Furret,Azelf,1,2
Vulpix,Qwilfish,Qwilfish,0,1
Hoppip,Pawniard,Pawniard,0,1
Charcadet,Aurorus,Aurorus,0,1
Squawkabilly-Green-Plumage,Doublade,Doublade,0,2
Sylveon,Popplio,Sylveon,1,2
Vigoroth,Coalossal,Coalossal,0,3
Grovyle,Pawmot,Pawmot,0,1
Iron-Boulder,Blastoise,Iron-Boulder,1,3
Buzzwole,Diggersby,Buzzwole,1,1
Purrloin,Sigilyph,Sigilyph,0,1
Nuzleaf,Surskit,Surskit,0,1
Cubchoo,Reshiram,Reshiram,0,1
Burmy,Honchkrow,Honchkrow,0,1
Ludicolo,Walrein,Ludicolo,1,3
Sawsbuck,Mr-Rime,Mr-Rime,0,2
Emolga,Simisear,Simisear,0,2
Abomasnow,Celesteela,Celesteela,0,2
Tornadus-Incarnate,Rhyhorn,Tornadus-Incarnate,1,1
Meowscarada,Magnezone,Magnezone,0,2
Eelektrik,Lokix,Lokix,0,2
Leavanny,Beautifly,Beautifly,0,1
Carvanha,Magneton,Magneton,0,1
Accelgor,Roaring-Moon,Roaring-Moon,0,2
Spinda,Clobbopus,Clobbopus,0,1
Doublade,Honedge,Doublade,1,1
Flamigo,Rattata,Flamigo,1,1
Emboar,Magneton,Emboar,1,1
Solgaleo,Gigalith,Solgaleo,1,2
Shellder,Lampent,Lampent,0,1
Umbreon,Baltoy,Umbreon,1,1
Jolteon,Purugly,Jolteon,1,2
Urshifu-Single-Strike,Dragonair,Urshifu-Single-Strike,1,2
Zapdos,Magmortar,Zapdos,1,3
Gengar,Dragonite,Gengar,1,2
Jangmo-O,Grookey,Grookey,0,2
Elgyem,Makuhita,Elgyem,1,1
Oranguru,Ekans,Oranguru,1,1
Metapod,Meltan,Meltan,0,2
Shedinja,Flygon,Flygon,0,1
Smeargle,Shelgon,Shelgon,0,2
Omanyte,Simisear,Omanyte,1,2
Staravia,Quilladin,Staravia,1,2
Cufant,Cradily,Cufant,1,2
Kingambit,Toedscool,Kingambit,1,1
Ariados,Gothorita,Ariados,1,1
Typhlosion,Cyndaquil,Typhlosion,1,2
Golem,Conkeldurr,Conkeldurr,0,2
Galvantula,Shiftry,Galvantula,1,1
Fearow,Manaphy,Manaphy,0,2
Skitty,Iron-Bundle,Iron-Bundle,0,1
Gallade,Magikarp,Gallade,1,1
Crabominable,Pheromosa,Pheromosa,0,2
Sigilyph,Sewaddle,Sigilyph,1,1
Turtonator,Mudbray,Mudbray,0,2
Klefki,Baxcalibur,Baxcalibur,0,3
Raikou,Gliscor,Raikou,1,1
Farigiraf,Dudunsparce-Two-Segment,Farigiraf,1,4
Jigglypuff,Swanna,Swanna,0,2
Whismur,Salamence,Salamence,0,1
Dedenne,Dolliv,Dedenne,1,2
Morgrem,Meditite,Morgrem,1,1
Slowbro,Miltank,Slowbro,1,3
Slither-Wing,Dhelmise,Dhelmise,0,2
Pichu,Swanna,Swanna,0,1
Butterfree,Beedrill,Beedrill,0,2
Swalot,Frosmoth,Frosmoth,0,3
Stufful,Iron-Bundle,Iron-Bundle,0,2
Glaceon,Lechonk,Glaceon,1,1
Rookidee,Helioptile,Helioptile,0,1
Hitmonchan,Flygon,Flygon,0,2
Sawk,Carnivine,Sawk,1,2
Goldeen,Absol,Absol,0,2
Gallade,Armaldo,Armaldo,0,2
Wooloo,Bastiodon,Bastiodon,0,2
Archeops,Rhyperior,Rhyperior,0,1
Tympole,Absol,Absol,0,1
Eelektrik,Tyrantrum,Tyrantrum,0,2
Silvally,Iron-Bundle,Iron-Bundle,0,3
Glaceon,Keldeo-Ordinary,Keldeo-Ordinary,0,2
Hawlucha,Quilava,Hawlucha,1,2
Chimchar,Iron-Boulder,Iron-Boulder,0,1
Whirlipede,Ambipom,Ambipom,0,2
Walking-Wake,Kakuna,Walking-Wake,1,1
Slither-Wing,Bounsweet,Slither-Wing,1,1
Cofagrigus,Iron-Valiant,Iron-Valiant,0,2
Runerigus,Clodsire,Runerigus,1,2
Mabosstiff,Keldeo-Ordinary,Keldeo-Ordinary,0,2
Sawk,Regigigas,Regigigas,0,2
Toxapex,Rookidee,Toxapex,1,1
Yanmega,Forretress,Forretress,0,3
Keldeo-Ordinary,Arctibax,Keldeo-Ordinary,1,2
Veluza,Murkrow,Veluza,1,1
Swoobat,Sliggoo,Sliggoo,0,2
Vanillish,Popplio,Vanillish,1,3
Cursola,Gossifleur,Cursola,1,1
Togekiss,Reshiram,Reshiram,0,2
Rockruff,Pawmot,Pawmot,0,1
Mesprit,Simipour,Mesprit,1,2
Psyduck,Raboot,Raboot,0,2
Leafeon,Herdier,Leafeon,1,3
Crustle,Quaxly,Crustle,1,1
Armarouge,Kubfu,Armarouge,1,1
Bergmite,Flutter-Mane,Flutter-Mane,0,1
Mudsdale,Cramorant,Mudsdale,1,2
Miraidon,Tatsugiri-Curly,Miraidon,1,1
Porygon-Z,Beedrill,Porygon-Z,1,2
Komala,Drapion,Drapion,0,2
Vanilluxe,Sandile,Vanilluxe,1,1
Alomomola,Skarmory,Alomomola,1,5
Klawf,Alakazam,Alakazam,0,2
Prinplup,Pansear,Prinplup,1,1
Liepard,Cosmog,Liepard,1,1
Bellsprout,Cranidos,Cranidos,0,1
Buneary,Glimmet,Glimmet,0,2
Brute-Bonnet,Haxorus,Brute-Bonnet,1,3
Dewgong,Cetoddle,Dewgong,1,3
Gulpin,Swinub,Swinub,0,2
Starly,Gloom,Gloom,0,1
Iron-Moth,Spectrier,Spectrier,0,3
Carvanha,Pawmi,Carvanha,1,1
Ivysaur,Togedemaru,Togedemaru,0,2
Buzzwole,Torterra,Buzzwole,1,2
Porygon,Shellder,Porygon,1,2
Xurkitree,Chi-Yu,Chi-Yu,0,2
Lopunny,Koraidon,Koraidon,0,1
Electabuzz,Crabominable,Crabominable,0,2
Zapdos,Golurk,Zapdos,1,2
Liepard,Huntail,Liepard,1,2
Eiscue-Ice,Heracross,Heracross,0,2
Rowlet,Kyurem,Kyurem,0,1
Cramorant,Dracovish,Dracovish,0,3
Vanillish,Nidoking,Nidoking,0,2
Archen,Swalot,Swalot,0,2
Skwovet,Munchlax,Munchlax,0,2
Shelmet,Ponyta,Ponyta,0,2
Sinistea,Pupitar,Pupitar,0,1
Arbok,Kommo-O,Kommo-O,0,2
Stakataka,Quaxwell,Quaxwell,0,2
Cetitan,Electrode,Cetitan,1,3
Watchog,Serperior,Serperior,0,3
Bisharp,Anorith,Bisharp,1,1
Nosepass,Sneasler,Sneasler,0,1
Passimian,Wailmer,Passimian,1,2
Foongus,Nidoran-F,Nidoran-F,0,3
Nincada,Ninetales,Ninetales,0,1
Roggenrola,Feebas,Roggenrola,1,1
Rellor,Pidgeot,Pidgeot,0,1
Vikavolt,Piloswine,Piloswine,0,3
Tadbulb,Vileplume,Vileplume,0,1
Chi-Yu,Blacephalon,Chi-Yu,1,1
Mienshao,Palkia,Palkia,0,2
Gothita,Magnezone,Magnezone,0,1
Flaaffy,Hakamo-O,Hakamo-O,0,2
Virizion,Pangoro,Virizion,1,2
Swellow,Arctozolt,Arctozolt,0,1
Torkoal,Quilladin,Torkoal,1,1
Nosepass,Poliwhirl,Poliwhirl,0,2
Sigilyph,Minun,Sigilyph,1,2
Mamoswine,Probopass,Mamoswine,1,1
Dondozo,Shiftry,Shiftry,0,3
Krookodile,Arrokuda,Krookodile,1,1
Floatzel,Flareon,Floatzel,1,2
Indeedee-Male,Eldegoss,Indeedee-Male,1,2
Slowpoke,Octillery,Octillery,0,3
Ferroseed,Ursaluna,Ursaluna,0,2
Shedinja,Klawf,Klawf,0,1
Donphan,Relicanth,Relicanth,0,3
Pansear,Scatterbug,Pansear,1,1
Sceptile,Hoppip,Sceptile,1,1
Tapu-Bulu,Trapinch,Tapu-Bulu,1,1
Malamar,Medicham,Malamar,1,3
Pidove,Raichu,Raichu,0,1
Butterfree,Dipplin,Butterfree,1,2
Zorua,Drifblim,Drifblim,0,1
Golem,Azurill,Golem,1,1
Haxorus,Honedge,Haxorus,1,3
Vikavolt,Geodude,Vikavolt,1,1
Togedemaru,Omastar,Omastar,0,2
Honchkrow,Mismagius,Mismagius,0,2
Escavalier,Eiscue-Ice,Escavalier,1,2
Gouging-Fire,Walking-Wake,Walking-Wake,0,2
Blissey,Drifloon,Blissey,1,2
Solosis,Blitzle,Solosis,1,1
Weedle,Stantler,Stantler,0,1
Poliwag,Wynaut,Wynaut,0,3
Toxel,Kangaskhan,Kangaskhan,0,1
Keldeo-Ordinary,Jigglypuff,Keldeo-Ordinary,1,1
Litten,Flareon,Flareon,0,1
Whiscash,Kartana,Kartana,0,2
Xatu,Archaludon,Archaludon,0,2
Mothim,Aipom,Aipom,0,2
Larvesta,Florges,Florges,0,3
Cloyster,Mareep,Mareep,0,1
Virizion,Parasect,Virizion,1,2
Overqwil,Miltank,Miltank,0,4
Fuecoco,Cubone,Cubone,0,2
Quaquaval,Brionne,Quaquaval,1,2
Rabsca,Lotad,Rabsca,1,1
Misdreavus,Garganacl,Garganacl,0,2
Lycanroc-Midday,Poipole,Lycanroc-Midday,1,2
Donphan,Hoopa,Hoopa,0,2
Swinub,Pyroar-Male,Pyroar-Male,0,1
Grafaiai,Rookidee,Grafaiai,1,1
Grumpig,Slither-Wing,Slither-Wing,0,1
Arctovish,Urshifu-Single-Strike,Urshifu-Single-Strike,0,2
Arctibax,Smeargle,Arctibax,1,1
Snorunt,Heatmor,Heatmor,0,1
Togedemaru,Florges,Togedemaru,1,2
Bulbasaur,Delcatty,Delcatty,0,2
Beartic,Pawniard,Beartic,1,1
Marill,Pidgeotto,Pidgeotto,0,3
Duosion,Kadabra,Kadabra,0,2
Dusclops,Flamigo,Flamigo,0,2
Mudkip,Taillow,Mudkip,1,1
Regidrago,Pelipper,Regidrago,1,2
Relicanth,Squawkabilly-Green-Plumage,Relicanth,1,1
Latios,Falinks,Latios,1,1
Heatran,Krokorok,Heatran,1,1
Rapidash,Iron-Treads,Iron-Treads,0,1
Ninjask,Cinccino,Ninjask,1,2
Feraligatr,Virizion,Virizion,0,2
Honedge,Perrserker,Perrserker,0,4
Mankey,Karrablast,Mankey,1,2
Woobat,Nidorina,Woobat,1,2
Palkia,Iron-Moth,Palkia,1,2
Arrokuda,Tapu-Koko,Tapu-Koko,0,1
Purugly,Klefki,Klefki,0,3
Throh,Azurill,Throh,1,1
Lokix,Hakamo-O,Lokix,1,3
Whimsicott,Wobbuffet,Wobbuffet,0,4
Quaquaval,Hoopa,Hoopa,0,1
Jumpluff,Seadra,Jumpluff,1,1
Ho-Oh,Larvitar,Ho-Oh,1,1
Registeel,Houndour,Registeel,1,2
Talonflame,Swoobat,Talonflame,1,2
Venipede,Walrein,Walrein,0,1
Stakataka,Clamperl,Stakataka,1,1
Slugma,Enamorus-Incarnate,Enamorus-Incarnate,0,1
Simisear,Quaquaval,Quaquaval,0,2
Marshadow,Wartortle,Marshadow,1,2
Lickilicky,Squirtle,Lickilicky,1,2
Druddigon,Rookidee,Druddigon,1,1
Tyrantrum,Ledyba,Tyrantrum,1,1
Vespiquen,Glalie,Glalie,0,2
Arctibax,Igglybuff,Arctibax,1,1
Geodude,Starly,Geodude,1,1
Heatmor,Terapagos,Heatmor,1,3
Bellibolt,Aggron,Bellibolt,1,2
Tepig,Cascoon,Tepig,1,1
Misdreavus,Charcadet,Misdreavus,1,2
Gyarados,Vespiquen,Gyarados,1,2
Gardevoir,Bunnelby,Gardevoir,1,1
Dusclops,Binacle,Dusclops,1,2
Nuzleaf,Forretress,Forretress,0,1
Baxcalibur,Ledian,Baxcalibur,1,2
Cetitan,Swampert,Cetitan,1,5
Hippowdon,Capsakid,Hippowdon,1,1
Aggron,Houndstone,Aggron,1,3
Snorunt,Torkoal,Torkoal,0,1
Skeledirge,Pyroar-Male,Skeledirge,1,5
Gumshoos,Krookodile,Krookodile,0,2
Castform,Goomy,Castform,1,1
Feebas,Glaceon,Glaceon,0,1
Glimmora,Toedscool,Glimmora,1,1
Lillipup,Stoutland,Stoutland,0,1
Aggron,Metapod,Aggron,1,1
Bellsprout,Snom,Bellsprout,1,1
Unown,Dachsbun,Dachsbun,0,2
Manaphy,Politoed,Manaphy,1,5
Lampent,Frosmoth,Lampent,1,1
Drifloon,Ledian,Drifloon,1,2
Rabsca,Doduo,Rabsca,1,1
Cherubi,Masquerain,Masquerain,0,1
Clodsire,Honchkrow,Honchkrow,0,3
Finizen,Klink,Finizen,1,3
Totodile,Octillery,Octillery,0,2
Sinistea,Lombre,Lombre,0,2
Binacle,Sandaconda,Sandaconda,0,1
Frigibax,Quaxly,Frigibax,1,2
Amoonguss,Hypno,Hypno,0,3
Cacnea,Cresselia,Cresselia,0,1
Sneasler,Conkeldurr,Conkeldurr,0,2
Stunfisk,Lugia,Lugia,0,4
Sableye,Sprigatito,Sableye,1,1
Magby,Heatmor,Heatmor,0,2
Zorua,Kricketot,Zorua,1,1
Mareep,Meltan,Mareep,1,1
Kangaskhan,Crabominable,Crabominable,0,2
Flaaffy,Spiritomb,Spiritomb,0,2
Toxtricity-Amped,Breloom,Toxtricity-Amped,1,1
Golett,Flamigo,Flamigo,0,2
Scrafty,Toxtricity-Amped,Toxtricity-Amped,0,3
Poltchageist,Klawf,Klawf,0,1
Cryogonal,Orthworm,Orthworm,0,1
Dewott,Arcanine,Dewott,1,2
Cetitan,Suicune,Suicune,0,5
Wooper,Baltoy,Baltoy,0,2
Umbreon,Volcanion,Volcanion,0,4
Stantler,Polteageist,Polteageist,0,2
Hawlucha,Shuppet,Hawlucha,1,1
Finneon,Linoone,Linoone,0,2
Houndoom,Feraligatr,Feraligatr,0,2
Pidove,Muk,Muk,0,1
Sceptile,Cherrim,Sceptile,1,2
Avalugg,Rowlet,Avalugg,1,1
Kabuto,Girafarig,Girafarig,0,1
Piplup,Duosion,Duosion,0,1
Mime-Jr,Flamigo,Flamigo,0,1
Swinub,Bagon,Swinub,1,1
Yamper,Donphan,Donphan,0,1
Pelipper,Fezandipiti,Fezandipiti,0,3
Yamper,Galvantula,Galvantula,0,2
Sandshrew,Koraidon,Koraidon,0,1
Togepi,Suicune,Suicune,0,1
Snubbull,Cradily,Cradily,0,2
Iron-Crown,Zoroark,Zoroark,0,2
Gossifleur,Iron-Jugulis,Iron-Jugulis,0,1
Celebi,Simisear,Celebi,1,2
Huntail,Kommo-O,Kommo-O,0,2
Walking-Wake,Flittle,Walking-Wake,1,1
Palpitoad,Goomy,Palpitoad,1,2
Pawmo,Landorus-Incarnate,Landorus-Incarnate,0,1
Spheal,Druddigon,Druddigon,0,2
Roaring-Moon,Finizen,Roaring-Moon,1,2
Dartrix,Vanillish,Vanillish,0,1
Dewpider,Noivern,Noivern,0,1
Aurorus,Drampa,Aurorus,1,2
Igglybuff,Jolteon,Jolteon,0,1
Pyroar-Male,Ponyta,Pyroar-Male,1,2
Genesect,Minior-Red-Meteor,Genesect,1,2
Tyrunt,Crawdaunt,Crawdaunt,0,1
Archaludon,Cyndaquil,Archaludon,1,1
Krabby,Chandelure,Chandelure,0,1
Jumpluff,Quagsire,Jumpluff,1,2
Mienfoo,Cryogonal,Cryogonal,0,1
Blipbug,Panpour,Panpour,0,1
Luvdisc,Jigglypuff,Luvdisc,1,3
Zamazenta,Scyther,Scyther,0,2
Ditto,Pachirisu,Pachirisu,0,3
Iron-Thorns,Regieleki,Iron-Thorns,1,2
Dewgong,Frigibax,Dewgong,1,2
Lycanroc-Midday,Sudowoodo,Sudowoodo,0,2
Simipour,Ogerpon,Ogerpon,0,2
Palkia,Runerigus,Palkia,1,1
Cofagrigus,Ursaluna,Ursaluna,0,3
Hariyama,Rockruff,Hariyama,1,1
Tentacool,Rhydon,Tentacool,1,1
Tapu-Fini,Zweilous,Tapu-Fini,1,1
Ho-Oh,Heatran,Ho-Oh,1,4
Chewtle,Weepinbell,Weepinbell,0,1
Koraidon,Varoom,Koraidon,1,1
Mr-Rime,Dunsparce,Mr-Rime,1,3
Fuecoco,Pelipper,Pelipper,0,1
Crobat,Skarmory,Crobat,1,4
Roserade,Cleffa,Roserade,1,1
Abomasnow,Oddish,Abomasnow,1,1
Yanmega,Marill,Yanmega,1,2
Marill,Lurantis,Lurantis,0,1
Urshifu-Single-Strike,Arboliva,Urshifu-Single-Strike,1,2
Sinistcha,Hakamo-O,Sinistcha,1,1
Ducklett,Grotle,Ducklett,1,3
Seedot,Talonflame,Talonflame,0,1
Tapu-Lele,Runerigus,Tapu-Lele,1,2
Gengar,Metapod,Gengar,1,1
Melmetal,Bewear,Melmetal,1,3
Thundurus-Incarnate,Cloyster,Thundurus-Incarnate,1,1
Gothitelle,Crabrawler,Gothitelle,1,1
Swadloon,Thundurus-Incarnate,Thundurus-Incarnate,0,1
Koraidon,Manectric,Koraidon,1,2
Palafin-Zero,Gurdurr,Gurdurr,0,3
Xerneas,Sunflora,Xerneas,1,2
Skuntank,Blastoise,Skuntank,1,4
Spinarak,Mabosstiff,Mabosstiff,0,1
Krokorok,Butterfree,Butterfree,0,1
Wurmple,Chingling,Chingling,0,1
Tangela,Zapdos,Zapdos,0,1
Zebstrika,Walrein,Zebstrika,1,3
Drakloak,Larvesta,Drakloak,1,2
Pheromosa,Veluza,Veluza,0,1
Morelull,Kyogre,Kyogre,0,1
Sylveon,Klawf,Sylveon,1,2
Hoothoot,Annihilape,Annihilape,0,1
Shelmet,Liepard,Liepard,0,2
Wooper,Scovillain,Scovillain,0,1
Blitzle,Ariados,Ariados,0,1
Beldum,Stakataka,Stakataka,0,2
Sylveon,Rayquaza,Rayquaza,0,2
Melmetal,Elekid,Melmetal,1,1
Arctibax,Druddigon,Druddigon,0,2
Nidoran-F,Monferno,Monferno,0,2
Zarude,Monferno,Zarude,1,2
Quaxly,Iron-Moth,Iron-Moth,0,2
Pidgeotto,Qwilfish,Qwilfish,0,2
Galvantula,Golem,Golem,0,1
Gholdengo,Gallade,Gholdengo,1,2
Glimmora,Magby,Glimmora,1,1
Regieleki,Oddish,Regieleki,1,1
Calyrex,Probopass,Probopass,0,3
Vikavolt,Orthworm,Vikavolt,1,2
Miraidon,Gligar,Miraidon,1,1
Mesprit,Mismagius,Mismagius,0,3
Tangrowth,Tyranitar,Tyranitar,0,2
Manectric,Heracross,Heracross,0,2
Snubbull,Seel,Seel,0,3
Lycanroc-Midday,Inkay,Lycanroc-Midday,1,2
Greavard,Sylveon,Sylveon,0,2
Cursola,Togekiss,Cursola,1,2
Floragato,Nosepass,Floragato,1,1
Snorlax,Igglybuff,Snorlax,1,1
Zamazenta,Magmar,Zamazenta,1,2
Beheeyem,Impidimp,Beheeyem,1,1
Reshiram,Sliggoo,Reshiram,1,2
Sprigatito,Phantump,Sprigatito,1,2
Marshtomp,Vanillite,Marshtomp,1,1
Amaura,Trapinch,Amaura,1,1
Excadrill,Snivy,Excadrill,1,1
Skarmory,Scyther,Skarmory,1,2
Metapod,Dolliv,Dolliv,0,1
Rotom,Zygarde-50,Zygarde-50,0,1
Slakoth,Minior-Red-Meteor,Minior-Red-Meteor,0,3
Beautifly,Veluza,Veluza,0,2
Iron-Boulder,Milcery,Iron-Boulder,1,1
Sinistea,Altaria,Altaria,0,1
Wurmple,Blissey,Blissey,0,2
Rolycoly,Mantine,Mantine,0,1
Illumise,Blissey,Illumise,1,3
Chien-Pao,Charmeleon,Chien-Pao,1,2
Silvally,Cetoddle,Silvally,1,3
Coalossal,Buzzwole,Buzzwole,0,2
Whiscash,Dugtrio,Whiscash,1,1
Sceptile,Togepi,Sceptile,1,1
Koffing,Grotle,Koffing,1,2
Crocalor,Igglybuff,Crocalor,1,1
Haunter,Koraidon,Koraidon,0,2
Smeargle,Pineco,Pineco,0,2
Litleo,Shelgon,Litleo,1,2
Tyranitar,Hitmonchan,Hitmonchan,0,1
Iron-Leaves,Cosmog,Iron-Leaves,1,1
Drednaw,Jolteon,Jolteon,0,2
Watchog,Mudkip,Watchog,1,2
Lileep,Samurott,Samurott,0,2
Jellicent-Male,Baltoy,Jellicent-Male,1,1
Simisear,Bruxish,Bruxish,0,2
Azumarill,Grookey,Azumarill,1,1
Dreepy,Purugly,Purugly,0,1
Dedenne,Palpitoad,Dedenne,1,2
Gogoat,Nidorino,Gogoat,1,3
Spinarak,Croconaw,Croconaw,0,2
Yungoos,Nihilego,Nihilego,0,1
Pidgeot,Combusken,Pidgeot,1,1
Toxicroak,Zubat,Toxicroak,1,1
Piplup,Sudowoodo,Piplup,1,2
Iron-Leaves,Mismagius,Mismagius,0,3
Wynaut,Vaporeon,Vaporeon,0,2
Yamask,Piplup,Piplup,0,2
Charmeleon,Eiscue-Ice,Charmeleon,1,2
Espathra,Munkidori,Munkidori,0,3
Meowth,Lickilicky,Lickilicky,0,1
Lunatone,Pangoro,Pangoro,0,2
Pansear,Herdier,Herdier,0,2
Wyrdeer,Espeon,Wyrdeer,1,2
Mightyena,Pinsir,Pinsir,0,1
Dreepy,Jolteon,Jolteon,0,1
Jangmo-O,Corviknight,Corviknight,0,2
Morpeko-Full-Belly,Steelix,Steelix,0,1
Gogoat,Empoleon,Empoleon,0,3
Gardevoir,Cloyster,Gardevoir,1,1
Toucannon,Cobalion,Cobalion,0,2
Hariyama,Goldeen,Hariyama,1,1
Sliggoo,Kricketot,Sliggoo,1,1
Kabutops,Sylveon,Sylveon,0,2
Beartic,Hatterene,Beartic,1,3
Honedge,Palossand,Palossand,0,2
Galvantula,Basculegion-Male,Galvantula,1,2
Seismitoad,Tropius,Seismitoad,1,2
Gardevoir,Togedemaru,Togedemaru,0,1
Glameow,Bisharp,Bisharp,0,1
Zamazenta,Vaporeon,Zamazenta,1,3
Grotle,Eelektrik,Eelektrik,0,2
Chien-Pao,Mismagius,Chien-Pao,1,2
Wimpod,Iron-Boulder,Iron-Boulder,0,1
Iron-Treads,Okidogi,Iron-Treads,1,2
Fidough,Mesprit,Mesprit,0,1
Numel,Wimpod,Numel,1,1
Volcanion,Gliscor,Volcanion,1,1
Tinkatuff,Drakloak,Drakloak,0,2
Grubbin,Crobat,Crobat,0,1
Sentret,Archeops,Archeops,0,1
Slowpoke,Bastiodon,Slowpoke,1,4
Thievul,Wooloo,Thievul,1,1
Aggron,Cinderace,Aggron,1,2
Amaura,Togetic,Amaura,1,2
Golisopod,Shroomish,Golisopod,1,1
Raticate,Terapagos,Terapagos,0,2
Pyroar-Male,Venonat,Pyroar-Male,1,1
Espurr,Magearna,Magearna,0,2
Pawniard,Sunkern,Pawniard,1,1
Wo-Chien,Golduck,Wo-Chien,1,2
Ekans,Kecleon,Kecleon,0,1
Wurmple,Hattrem,Hattrem,0,1
Gastrodon,Beautifly,Gastrodon,1,1
Grumpig,Larvesta,Grumpig,1,2
Inteleon,Lillipup,Inteleon,1,1
Mabosstiff,Toedscool,Mabosstiff,1,1
Charcadet,Gourgeist-Average,Gourgeist-Average,0,1
Absol,Centiskorch,Centiskorch,0,1
Metagross,Espeon,Metagross,1,2
Garchomp,Dipplin,Garchomp,1,2
Applin,Tandemaus,Tandemaus,0,1
Golduck,Mewtwo,Mewtwo,0,2
Simisear,Smeargle,Simisear,1,1
Capsakid,Iron-Jugulis,Iron-Jugulis,0,1
Spectrier,Vigoroth,Spectrier,1,2
Magearna,Lileep,Magearna,1,2
Gible,Sprigatito,Sprigatito,0,1
Qwilfish,Necrozma,Necrozma,0,1
Silvally,Mothim,Silvally,1,2
Prinplup,Gyarados,Gyarados,0,2
Piloswine,Floette,Piloswine,1,1
Grookey,Morpeko-Full-Belly,Morpeko-Full-Belly,0,1
Dusclops,Nidoqueen,Nidoqueen,0,3
Terapagos,Snubbull,Terapagos,1,2
Xurkitree,Seedot,Xurkitree,1,1
Chesnaught,Slither-Wing,Slither-Wing,0,3
Torchic,Deino,Torchic,1,2
Palossand,Floatzel,Floatzel,0,2
Quilladin,Magneton,Magneton,0,1
Amoonguss,Venomoth,Venomoth,0,3
Bunnelby,Metagross,Metagross,0,1
Articuno,Empoleon,Articuno,1,3
Lunatone,Luxray,Lunatone,1,3
Overqwil,Mr-Rime,Mr-Rime,0,2
Cryogonal,Volbeat,Cryogonal,1,3
Blastoise,Sandshrew,Blastoise,1,1
Gossifleur,Clobbopus,Clobbopus,0,2
Slowbro,Torchic,Slowbro,1,1
Zebstrika,Noibat,Zebstrika,1,1
Seaking,Cosmoem,Seaking,1,4
Cacnea,Raichu,Raichu,0,1
Tapu-Fini,Cinderace,Tapu-Fini,1,2
Kommo-O,Heatmor,Kommo-O,1,2
Whismur,Sandile,Sandile,0,1
Heatmor,Kakuna,Heatmor,1,1
Articuno,Hatenna,Articuno,1,1
Milotic,Glalie,Milotic,1,3
Timburr,Carkol,Carkol,0,2
Ditto,Hawlucha,Hawlucha,0,1
Gligar,Raticate,Raticate,0,2
Beedrill,Palossand,Palossand,0,2
Carbink,Kyurem,Kyurem,0,3
Shroomish,Persian,Persian,0,2
Cetoddle,Barraskewda,Barraskewda,0,3
Iron-Jugulis,Greedent,Iron-Jugulis,1,3
Loudred,Machop,Machop,0,1
Tinkatink,Lileep,Tinkatink,1,3
Flabebe,Tapu-Lele,Tapu-Lele,0,2
Miraidon,Politoed,Miraidon,1,2
Jangmo-O,Regidrago,Regidrago,0,1
Flaaffy,Houndoom,Houndoom,0,2
Bruxish,Charmander,Bruxish,1,1
Pheromosa,Milcery,Pheromosa,1,1
Marshtomp,Carnivine,Carnivine,0,1
Lampent,Hippopotas,Lampent,1,1
Nosepass,Victreebel,Victreebel,0,1
Grovyle,Sigilyph,Sigilyph,0,1
Spiritomb,Okidogi,Okidogi,0,4
Spinda,Vileplume,Vileplume,0,2
Bibarel,Zeraora,Zeraora,0,1
Rhyhorn,Golurk,Golurk,0,2
Kricketot,Rattata,Rattata,0,2
Lileep,Horsea,Lileep,1,1
Helioptile,Zamazenta,Zamazenta,0,1
Weepinbell,Entei,Entei,0,1
Banette,Sandygast,Banette,1,1
Azumarill,Klawf,Azumarill,1,2
Weavile,Venonat,Weavile,1,2
Zamazenta,Haxorus,Zamazenta,1,2
Zubat,Zeraora,Zeraora,0,1
Wo-Chien,Lapras,Wo-Chien,1,3
Oinkologne-Male,Zekrom,Zekrom,0,4
Klinklang,Quaxly,Klinklang,1,2
Girafarig,Gastly,Girafarig,1,1
Chatot,Shiftry,Chatot,1,2
Jangmo-O,Zangoose,Zangoose,0,2
Krokorok,Empoleon,Empoleon,0,1
Seviper,Morgrem,Seviper,1,1
Herdier,Croconaw,Croconaw,0,3
Unown,Silvally,Silvally,0,1
Grovyle,Wynaut,Grovyle,1,3
Chesnaught,Kartana,Chesnaught,1,2
Audino,Raticate,Audino,1,3
Tadbulb,Metang,Metang,0,2
Yanmega,Bouffalant,Bouffalant,0,3
Iron-Leaves,Fearow,Iron-Leaves,1,2
Combusken,Wooloo,Combusken,1,1
Beedrill,Pincurchin,Beedrill,1,2
Dewgong,Nymble,Dewgong,1,1
Weavile,Absol,Weavile,1,1
Marowak,Mr-Rime,Mr-Rime,0,1
Clawitzer,Simisage,Simisage,0,2
Zeraora,Munchlax,Zeraora,1,3
Haxorus,Litten,Haxorus,1,1
Blipbug,Incineroar,Incineroar,0,1
Roselia,Appletun,Roselia,1,2
Cufant,Beldum,Cufant,1,4
Alakazam,Vibrava,Alakazam,1,1
Scolipede,Entei,Entei,0,1
Vivillon,Skwovet,Vivillon,1,2
Sharpedo,Sliggoo,Sharpedo,1,2
Eternatus,Great-Tusk,Eternatus,1,2
Tyrogue,Sewaddle,Sewaddle,0,2
Shelgon,Turtwig,Shelgon,1,2
Skitty,Stonjourner,Stonjourner,0,1
Bruxish,Yamper,Bruxish,1,2
Hitmonlee,Pawniard,Hitmonlee,1,1
Hattrem,Lillipup,Hattrem,1,2
Gligar,Arctovish,Arctovish,0,1
Slowking,Sandslash,Slowking,1,1
Oricorio-Baile,Steenee,Oricorio-Baile,1,1
Mareep,Slugma,Mareep,1,2
Quaxwell,Girafarig,Girafarig,0,2
Shellder,Mightyena,Mightyena,0,1
Bergmite,Mudsdale,Mudsdale,0,2
Vileplume,Crawdaunt,Vileplume,1,1
Electabuzz,Chimchar,Electabuzz,1,1
Meganium,Barboach,Meganium,1,1
Necrozma,Rookidee,Necrozma,1,1
Riolu,Rattata,Riolu,1,1
Audino,Golett,Audino,1,2
Aron,Garbodor,Garbodor,0,4
Rolycoly,Eelektross,Eelektross,0,1
Brionne,Hippowdon,Brionne,1,2
Slugma,Hakamo-O,Hakamo-O,0,1
Gastrodon,Sprigatito,Gastrodon,1,1
Grookey,Sharpedo,Sharpedo,0,1
Aron,Dudunsparce-Two-Segment,Dudunsparce-Two-Segment,0,3
Meltan,Jirachi,Jirachi,0,2
Pikachu,Forretress,Forretress,0,1
Shellder,Lombre,Lombre,0,1
Sandslash,Raticate,Sandslash,1,2
Crocalor,Zangoose,Crocalor,1,2
Lampent,Qwilfish,Qwilfish,0,2
Karrablast,Lickilicky,Lickilicky,0,2
Duosion,Trumbeak,Duosion,1,1
Igglybuff,Muk,Muk,0,1
Shelgon,Pincurchin,Pincurchin,0,2
Whirlipede,Typhlosion,Typhlosion,0,1
Delcatty,Froakie,Delcatty,1,1
Clodsire,Omanyte,Clodsire,1,1
Fletchinder,Mightyena,Fletchinder,1,3
Hatterene,Hydrapple,Hatterene,1,1
Pichu,Cursola,Cursola,0,1
Mareep,Azelf,Azelf,0,1
Ribombee,Greavard,Ribombee,1,2
Eelektross,Mabosstiff,Eelektross,1,3
Falinks,Steenee,Falinks,1,1
Dondozo,Torkoal,Dondozo,1,2
Beldum,Finizen,Finizen,0,2
Sandslash,Karrablast,Sandslash,1,2
Milcery,Squawkabilly-Green-Plumage,Squawkabilly-Green-Plumage,0,1
Rufflet,Electivire,Electivire,0,1
Minior-Red-Meteor,Blaziken,Blaziken,0,2
Croconaw,Wiglett,Croconaw,1,1
Rhydon,Bounsweet,Rhydon,1,1
Feraligatr,Ribombee,Ribombee,0,3
Machoke,Arceus,Arceus,0,2
Deino,Pidgeot,Pidgeot,0,2
Silcoon,Misdreavus,Misdreavus,0,1
Medicham,Venomoth,Medicham,1,2
Sunflora,Gallade,Gallade,0,2
Sylveon,Tarountula,Sylveon,1,1
Arctovish,Magneton,Magneton,0,2
Hydrapple,Misdreavus,Misdreavus,0,2
Yanma,Nacli,Nacli,0,1
Lycanroc-Midday,Decidueye,Lycanroc-Midday,1,2
Vigoroth,Sceptile,Sceptile,0,2
Sneasler,Araquanid,Sneasler,1,2
Grimer,Seadra,Seadra,0,2
Inteleon,Mewtwo,Mewtwo,0,2
Octillery,Togetic,Octillery,1,2
Dedenne,Frigibax,Dedenne,1,1
Squawkabilly-Green-Plumage,Slowpoke,Squawkabilly-Green-Plumage,1,3
Bonsly,Rhyhorn,Rhyhorn,0,2
Sigilyph,Eldegoss,Sigilyph,1,2
Rhyhorn,Aipom,Aipom,0,2
Flygon,Regidrago,Regidrago,0,2
Hariyama,Scatterbug,Hariyama,1,1
Genesect,Nidorina,Genesect,1,2
Wartortle,Pawmot,Pawmot,0,2
Jirachi,Grimmsnarl,Jirachi,1,2
Nidorina,Stufful,Nidorina,1,3
Binacle,Porygon2,Porygon2,0,3
Pineco,Flaaffy,Flaaffy,0,1
Silicobra,Shuckle,Silicobra,1,3
Dhelmise,Smeargle,Dhelmise,1,1
Capsakid,Arrokuda,Capsakid,1,1
Golisopod,Snover,Golisopod,1,1
Mandibuzz,Sizzlipede,Mandibuzz,1,1
Machoke,Nidoran-M,Machoke,1,2
Arctozolt,Servine,Arctozolt,1,1
Hitmonlee,Copperajah,Copperajah,0,1
Chesnaught,Spoink,Chesnaught,1,2
Gurdurr,Grumpig,Grumpig,0,2
Furret,Kommo-O,Kommo-O,0,1
Yungoos,Groudon,Groudon,0,1
Samurott,Komala,Samurott,1,3
Reuniclus,Seismitoad,Reuniclus,1,3
Sandygast,Reshiram,Reshiram,0,1
Haxorus,Spearow,Haxorus,1,1
Alakazam,Miltank,Alakazam,1,2
Ho-Oh,Empoleon,Ho-Oh,1,3
Swampert,Lilligant,Lilligant,0,1
Eelektrik,Tinkatink,Eelektrik,1,2
Gothitelle,Stakataka,Stakataka,0,3
Tapu-Koko,Dracozolt,Tapu-Koko,1,2
Pidove,Applin,Pidove,1,1
Rowlet,Sobble,Sobble,0,1
Latios,Toucannon,Latios,1,2
Pancham,Bonsly,Pancham,1,2
Qwilfish,Zorua,Qwilfish,1,1
Meganium,Cursola,Cursola,0,2
Suicune,Torchic,Suicune,1,1
Heatran,Gloom,Heatran,1,1
Caterpie,Bramblin,Bramblin,0,1
Magnemite,Dragalge,Dragalge,0,2
Thundurus-Incarnate,Poltchageist,Thundurus-Incarnate,1,1
Squawkabilly-Green-Plumage,Dipplin,Squawkabilly-Green-Plumage,1,2
Fearow,Shroomish,Fearow,1,1
Zarude,Rhyperior,Zarude,1,1
Shiinotic,Metapod,Shiinotic,1,1
Muk,Skarmory,Skarmory,0,4
Oinkologne-Male,Celebi,Celebi,0,4
Feraligatr,Meganium,Meganium,0,2
Thundurus-Incarnate,Terrakion,Terrakion,0,1
Beautifly,Hippopotas,Beautifly,1,1
Vespiquen,Greedent,Greedent,0,3
Arcanine,Veluza,Veluza,0,2
Swirlix,Koffing,Swirlix,1,2
Glalie,Archen,Glalie,1,1
Exeggutor,Liepard,Liepard,0,2
Rhyperior,Gossifleur,Rhyperior,1,1
Basculin-Red-Striped,Munkidori,Munkidori,0,2
Dondozo,Bouffalant,Dondozo,1,6
Galvantula,Togekiss,Galvantula,1,2
Diancie,Swoobat,Diancie,1,1
Accelgor,Swirlix,Accelgor,1,3
Ninjask,Trumbeak,Trumbeak,0,1
Charjabug,Gastrodon,Gastrodon,0,2
Pawmi,Absol,Absol,0,1
Magearna,Polteageist,Magearna,1,2
Gourgeist-Average,Amoonguss,Amoonguss,0,2
Altaria,Golett,Altaria,1,2
Wo-Chien,Rufflet,Wo-Chien,1,2
Carvanha,Natu,Natu,0,1
Dreepy,Ledian,Ledian,0,1
Liepard,Lunala,Liepard,1,2
Fletchling,Breloom,Breloom,0,1
Rampardos,Accelgor,Rampardos,1,1
Metagross,Palossand,Metagross,1,3
Grafaiai,Primeape,Grafaiai,1,2
Oranguru,Poochyena,Oranguru,1,1
Weezing,Stakataka,Stakataka,0,3
Flutter-Mane,Honedge,Flutter-Mane,1,1
Koffing,Cherubi,Koffing,1,1
Swalot,Accelgor,Swalot,1,2
Tyranitar,Slowking,Slowking,0,2
Regirock,Azelf,Azelf,0,3
Milotic,Bastiodon,Milotic,1,2
Swinub,Capsakid,Capsakid,0,1
Ceruledge,Pupitar,Ceruledge,1,2
Incineroar,Breloom,Incineroar,1,1
Toucannon,Purugly,Toucannon,1,2
Slakoth,Zoroark,Zoroark,0,1
Kabuto,Iron-Bundle,Iron-Bundle,0,1
Audino,Silcoon,Audino,1,2
Grumpig,Gallade,Gallade,0,3
Tapu-Bulu,Grimmsnarl,Tapu-Bulu,1,2
Poliwhirl,Tropius,Tropius,0,1
Shieldon,Kricketot,Shieldon,1,1
Wormadam-Plant,Cacturne,Wormadam-Plant,1,1
Diglett,Murkrow,Murkrow,0,1
Boltund,Dragonair,Boltund,1,2
Greavard,Rowlet,Rowlet,0,2
Sentret,Poochyena,Poochyena,0,2
Alomomola,Panpour,Alomomola,1,2
Pecharunt,Virizion,Pecharunt,1,2
Clawitzer,Cursola,Clawitzer,1,3
Tentacruel,Trevenant,Trevenant,0,2
Seel,Heracross,Heracross,0,2
Gloom,Tangela,Gloom,1,1
Togedemaru,Ninetales,Ninetales,0,2
Spectrier,Blissey,Spectrier,1,3
Gengar,Nidoqueen,Nidoqueen,0,1
Wyrdeer,Luvdisc,Wyrdeer,1,1
Klink,Silcoon,Klink,1,2
Trumbeak,Drapion,Drapion,0,2
Braixen,Heracross,Heracross,0,2
Mamoswine,Bisharp,Mamoswine,1,1
Ninjask,Geodude,Ninjask,1,1
Arboliva,Stantler,Arboliva,1,2
Tapu-Bulu,Munkidori,Munkidori,0,2
Bisharp,Alakazam,Bisharp,1,1
Barbaracle,Throh,Throh,0,2
Seadra,Octillery,Octillery,0,2
Gurdurr,Swablu,Gurdurr,1,2
Simisage,Beheeyem,Beheeyem,0,2
Torchic,Vullaby,Vullaby,0,2
Gumshoos,Great-Tusk,Great-Tusk,0,1
Hoothoot,Archeops,Archeops,0,1
Sneasler,Relicanth,Sneasler,1,2
Exeggcute,Dusknoir,Dusknoir,0,1
Basculegion-Male,Chespin,Basculegion-Male,1,2
Decidueye,Gastly,Decidueye,1,1
Croconaw,Regigigas,Regigigas,0,2
Dugtrio,Flabebe,Dugtrio,1,1
Golisopod,Palafin-Zero,Golisopod,1,3
Sliggoo,Chatot,Sliggoo,1,2
Abomasnow,Hattrem,Abomasnow,1,2
Chespin,Krokorok,Krokorok,0,2
Landorus-Incarnate,Hitmontop,Landorus-Incarnate,1,1
Applin,Cutiefly,Cutiefly,0,1
Cutiefly,Iron-Hands,Iron-Hands,0,1
Blaziken,Dewott,Blaziken,1,2
Spinarak,Rolycoly,Rolycoly,0,1
Budew,Relicanth,Relicanth,0,1
Finizen,Gligar,Gligar,0,2
Pheromosa,Sirfetchd,Pheromosa,1,2
Piloswine,Haunter,Piloswine,1,1
Pawmo,Zarude,Zarude,0,2
Pichu,Minun,Minun,0,1
Dolliv,Togedemaru,Togedemaru,0,2
Kingler,Stonjourner,Kingler,1,1
Loudred,Seel,Loudred,1,2
Pineco,Bergmite,Bergmite,0,3
Slaking,Umbreon,Slaking,1,3
Pachirisu,Duosion,Duosion,0,2
Larvitar,Skeledirge,Skeledirge,0,1
Kirlia,Zoroark,Zoroark,0,1
Furret,Finneon,Furret,1,2
Landorus-Incarnate,Slowpoke,Landorus-Incarnate,1,2
Tentacruel,Pidgeotto,Tentacruel,1,2
Rayquaza,Archaludon,Rayquaza,1,2
Omanyte,Roaring-Moon,Roaring-Moon,0,2
Noivern,Iron-Hands,Iron-Hands,0,2
Trumbeak,Brute-Bonnet,Brute-Bonnet,0,1
Escavalier,Morgrem,Escavalier,1,1
Scovillain,Braixen,Scovillain,1,2
Sandaconda,Mesprit,Mesprit,0,2
Quilladin,Silicobra,Quilladin,1,1
Rhydon,Basculin-Red-Striped,Basculin-Red-Striped,0,1
Gengar,Durant,Durant,0,2
Wurmple,Zubat,Zubat,0,1
Aromatisse,Dartrix,Aromatisse,1,1
Cutiefly,Roserade,Roserade,0,1
Leafeon,Joltik,Leafeon,1,2
Golbat,Granbull,Golbat,1,2
Weepinbell,Crustle,Crustle,0,2
Centiskorch,Golbat,Golbat,0,2
Virizion,Talonflame,Talonflame,0,1
Wattrel,Vespiquen,Vespiquen,0,1
Dracozolt,Sunkern,Dracozolt,1,1
Vanillish,Oshawott,Vanillish,1,3
Dondozo,Octillery,Dondozo,1,4
Munna,Sandaconda,Sandaconda,0,2
Mismagius,Wo-Chien,Wo-Chien,0,2
Spinarak,Teddiursa,Teddiursa,0,1
Sandslash,Cacturne,Cacturne,0,1
Porygon2,Slowbro,Slowbro,0,4
Whiscash,Nincada,Whiscash,1,1
Bounsweet,Panpour,Panpour,0,1
Wingull,Lunatone,Lunatone,0,1
Medicham,Palafin-Zero,Palafin-Zero,0,4
Cofagrigus,Vanillish,Vanillish,0,3
Gabite,Gothita,Gothita,0,1
Tapu-Koko,Espurr,Tapu-Koko,1,2
Mismagius,Lileep,Mismagius,1,2
Bulbasaur,Talonflame,Talonflame,0,1
Ursaluna,Snom,Ursaluna,1,1
Miltank,Victini,Victini,0,3
Garbodor,Whismur,Garbodor,1,1
Simisear,Pupitar,Simisear,1,2
Alcremie,Bonsly,Alcremie,1,1
Infernape,Kommo-O,Infernape,1,3
Sandshrew,Scrafty,Scrafty,0,1
Shellder,Pidove,Pidove,0,2
Squawkabilly-Green-Plumage,Roaring-Moon,Roaring-Moon,0,2
Illumise,Spheal,Illumise,1,4
Genesect,Anorith,Genesect,1,1
Nidorina,Orbeetle,Orbeetle,0,2
Banette,Fuecoco,Banette,1,2
Cobalion,Sigilyph,Cobalion,1,2
Politoed,Beldum,Politoed,1,2
Golisopod,Mabosstiff,Golisopod,1,2
Ludicolo,Larvesta,Ludicolo,1,1
Vigoroth,Keldeo-Ordinary,Keldeo-Ordinary,0,2
Aipom,Chi-Yu,Chi-Yu,0,1
Pawmi,Milotic,Milotic,0,1
Purugly,Zamazenta,Zamazenta,0,1
Drifloon,Hawlucha,Hawlucha,0,2
Tinkatuff,Tympole,Tinkatuff,1,2
Minior-Red-Meteor,Weepinbell,Minior-Red-Meteor,1,2
Dunsparce,Rayquaza,Rayquaza,0,2
Kubfu,Inteleon,Inteleon,0,1
Clauncher,Sandy-Shocks,Sandy-Shocks,0,1
Uxie,Piloswine,Uxie,1,4
Rhyhorn,Politoed,Politoed,0,1
Wattrel,Thwackey,Thwackey,0,1
Shuppet,Stunfisk,Stunfisk,0,1
Dewott,Gulpin,Dewott,1,2
Bronzor,Orthworm,Orthworm,0,5
Walrein,Azelf,Walrein,1,3
Relicanth,Snom,Relicanth,1,1
Scream-Tail,Tentacool,Scream-Tail,1,2
Pumpkaboo-Average,Steelix,Steelix,0,2
Corviknight,Mr-Rime,Corviknight,1,2
Glimmora,Malamar,Glimmora,1,3
Drilbur,Luxray,Luxray,0,1
Kubfu,Voltorb,Kubfu,1,1
Exeggutor,Salandit,Exeggutor,1,1
Petilil,Huntail,Huntail,0,1
Axew,Tentacruel,Tentacruel,0,1
Rillaboom,Liepard,Rillaboom,1,2
Emboar,Bellibolt,Bellibolt,0,3
Rookidee,Paras,Rookidee,1,1
Hoothoot,Zacian,Zacian,0,1
Druddigon,Emboar,Emboar,0,2
Latios,Archeops,Latios,1,2
Toxtricity-Amped,Silcoon,Toxtricity-Amped,1,1
Chesnaught,Slowking,Slowking,0,2
Pancham,Celesteela,Celesteela,0,1
Delphox,Pumpkaboo-Average,Delphox,1,1
Iron-Boulder,Purugly,Iron-Boulder,1,2
Arctibax,Phantump,Arctibax,1,2
Wailmer,Crawdaunt,Crawdaunt,0,2
Sandygast,Lotad,Sandygast,1,1
Chingling,Skarmory,Skarmory,0,2
Munchlax,Hattrem,Munchlax,1,2
Naganadel,Magnezone,Magnezone,0,2
Slurpuff,Capsakid,Slurpuff,1,1
Hattrem,Flapple,Hattrem,1,1
Ledyba,Carkol,Carkol,0,1
Cyclizar,Hoppip,Cyclizar,1,1
Kartana,Starly,Kartana,1,1
Darkrai,Absol,Darkrai,1,2
Kilowattrel,Dewott,Kilowattrel,1,1
Spheal,Grafaiai,Grafaiai,0,2
Articuno,Beedrill,Articuno,1,1
Finizen,Cosmoem,Cosmoem,0,4
Basculegion-Male,Cufant,Basculegion-Male,1,2
Dewpider,Arrokuda,Arrokuda,0,2
Bellibolt,Koraidon,Koraidon,0,3
Psyduck,Croagunk,Psyduck,1,2
Ursaluna,Eelektross,Ursaluna,1,1
Tapu-Bulu,Woobat,Tapu-Bulu,1,2
Dubwool,Dondozo,Dondozo,0,4
Zweilous,Gastrodon,Gastrodon,0,2
Pikachu,Togekiss,Togekiss,0,1
Pangoro,Omanyte,Pangoro,1,1
Hoothoot,Kangaskhan,Kangaskhan,0,1
Metang,Dewott,Dewott,0,3
Druddigon,Electabuzz,Druddigon,1,2
Mewtwo,Shinx,Mewtwo,1,1
Forretress,Chatot,Forretress,1,2
Charcadet,Ivysaur,Ivysaur,0,2
Beartic,Leavanny,Beartic,1,2
Gimmighoul,Kakuna,Gimmighoul,1,1
Jolteon,Dreepy,Jolteon,1,1
Dedenne,Metang,Dedenne,1,3
Scatterbug,Wailord,Wailord,0,1
Torkoal,Numel,Torkoal,1,2
Golett,Bewear,Bewear,0,2
Polteageist,Butterfree,Polteageist,1,1
Litten,Slakoth,Litten,1,2
Oranguru,Venomoth,Oranguru,1,2
Magcargo,Bayleef,Magcargo,1,2
Baxcalibur,Simisage,Baxcalibur,1,2
Houndour,Cyclizar,Cyclizar,0,1
Toxel,Plusle,Plusle,0,1
Ampharos,Calyrex,Ampharos,1,3
Crabominable,Quaquaval,Quaquaval,0,2
Audino,Zebstrika,Audino,1,3
Machop,Floette,Floette,0,1
Omanyte,Cyndaquil,Omanyte,1,1
Flaaffy,Wiglett,Flaaffy,1,1
Arctovish,Trubbish,Arctovish,1,2
Drakloak,Gloom,Gloom,0,2
Flabebe,Tadbulb,Flabebe,1,2
Aron,Gastrodon,Gastrodon,0,1
Magnemite,Poochyena,Magnemite,1,1
Kyurem,Gliscor,Kyurem,1,1
Maractus,Froslass,Froslass,0,2
Sandygast,Persian,Persian,0,2
Drampa,Combusken,Combusken,0,2
Chien-Pao,Yungoos,Chien-Pao,1,1
Politoed,Charjabug,Politoed,1,2
Forretress,Incineroar,Incineroar,0,1
Shelmet,Leafeon,Leafeon,0,3
Rattata,Zigzagoon,Rattata,1,2
Klinklang,Steenee,Klinklang,1,2
Shelgon,Toxapex,Toxapex,0,2
Greninja,Arcanine,Greninja,1,2
Silvally,Armaldo,Armaldo,0,3
Ivysaur,Cobalion,Cobalion,0,2
Murkrow,Annihilape,Annihilape,0,1
Mudkip,Hippowdon,Hippowdon,0,1
Crobat,Quagsire,Quagsire,0,3
Whimsicott,Lotad,Whimsicott,1,2
Kingler,Budew,Kingler,1,1
Cresselia,Cacturne,Cresselia,1,2
Wooloo,Fidough,Fidough,0,3
Gimmighoul,Charcadet,Gimmighoul,1,2
Marshtomp,Wooper,Marshtomp,1,1
Beheeyem,Marshtomp,Beheeyem,1,2
Bibarel,Ninjask,Bibarel,1,2
Hypno,Ribombee,Ribombee,0,2
Rhyperior,Minun,Rhyperior,1,1
Electrode,Rookidee,Electrode,1,1
Veluza,Tinkaton,Tinkaton,0,4
Serperior,Marshadow,Marshadow,0,3
Plusle,Shellos,Plusle,1,2
Varoom,Probopass,Probopass,0,4
Baxcalibur,Ferroseed,Baxcalibur,1,1
Ribombee,Snivy,Ribombee,1,1
Drakloak,Cursola,Drakloak,1,1
Carracosta,Simipour,Simipour,0,2
Iron-Thorns,Tepig,Iron-Thorns,1,1
Scolipede,Shuckle,Scolipede,1,2
Kommo-O,Dewgong,Kommo-O,1,2
Crabrawler,Cursola,Cursola,0,1
Basculegion-Male,Shroodle,Basculegion-Male,1,1
Dreepy,Persian,Persian,0,1
Pancham,Girafarig,Girafarig,0,1
Armarouge,Tranquill,Armarouge,1,1
Liepard,Archeops,Archeops,0,1
Sawk,Vibrava,Sawk,1,1
Diggersby,Corvisquire,Diggersby,1,3
Politoed,Dubwool,Politoed,1,3
Houndoom,Torterra,Torterra,0,1
Walrein,Sobble,Walrein,1,2
Tyrantrum,Litten,Tyrantrum,1,1
Tynamo,Crobat,Crobat,0,1
Patrat,Carvanha,Patrat,1,1
Hippopotas,Samurott,Samurott,0,1
Azurill,Raichu,Raichu,0,1
Iron-Treads,Wyrdeer,Iron-Treads,1,3
Wishiwashi-Solo,Sewaddle,Sewaddle,0,1
Mesprit,Froakie,Mesprit,1,1
Bunnelby,Lillipup,Lillipup,0,1
Cetitan,Reshiram,Reshiram,0,2
Snover,Rellor,Snover,1,2
Paras,Nymble,Nymble,0,1
Mawile,Lapras,Lapras,0,2
Iron-Valiant,Arctovish,Iron-Valiant,1,2
Espurr,Dusknoir,Dusknoir,0,1
Landorus-Incarnate,Kakuna,Landorus-Incarnate,1,1
Larvitar,Moltres,Moltres,0,1
Bidoof,Liepard,Liepard,0,1
Shelgon,Poliwhirl,Poliwhirl,0,2
Buzzwole,Yamper,Buzzwole,1,1
Metang,Umbreon,Umbreon,0,2
Hoopa,Ariados,Hoopa,1,1
Golbat,Electabuzz,Electabuzz,0,2
Tapu-Fini,Braviary,Tapu-Fini,1,3
Swalot,Wimpod,Swalot,1,1
Sealeo,Lairon,Sealeo,1,1
Pupitar,Terrakion,Terrakion,0,1
Baltoy,Forretress,Forretress,0,1
Nacli,Celesteela,Celesteela,0,1
Jolteon,Clawitzer,Jolteon,1,2
Great-Tusk,Girafarig,Great-Tusk,1,2
Burmy,Reuniclus,Reuniclus,0,1
Stonjourner,Thievul,Thievul,0,2
Escavalier,Chansey,Escavalier,1,1
Dusclops,Reshiram,Reshiram,0,2
Zamazenta,Clamperl,Zamazenta,1,2
Froakie,Mewtwo,Mewtwo,0,1
Nidoran-M,Haunter,Haunter,0,1
Joltik,Caterpie,Joltik,1,1
Meowstic-Male,Spheal,Meowstic-Male,1,2
Drilbur,Mr-Rime,Mr-Rime,0,1
Hydreigon,Cherubi,Hydreigon,1,1
Coalossal,Spearow,Coalossal,1,1
Gholdengo,Tranquill,Gholdengo,1,1
Lokix,Linoone,Lokix,1,2
Gigalith,Sobble,Gigalith,1,1
Suicune,Melmetal,Suicune,1,4
Bewear,Calyrex,Calyrex,0,2
Chesnaught,Shellder,Chesnaught,1,1
Simisear,Wynaut,Simisear,1,2
Regirock,Bidoof,Regirock,1,2
Flygon,Loudred,Flygon,1,2
Bunnelby,Stufful,Stufful,0,1
Wartortle,Staryu,Wartortle,1,2
Veluza,Solgaleo,Solgaleo,0,3
Vikavolt,Snover,Vikavolt,1,1
Xurkitree,Woobat,Xurkitree,1,1
Cryogonal,Exploud,Exploud,0,2
Dubwool,Perrserker,Perrserker,0,3
Lycanroc-Midday,Toedscruel,Toedscruel,0,2
Shelmet,Cramorant,Cramorant,0,1
Wailord,Tapu-Fini,Tapu-Fini,0,4
Patrat,Cascoon,Patrat,1,2
Slowking,Vaporeon,Slowking,1,5
Minun,Zangoose,Zangoose,0,2
Pansage,Porygon2,Porygon2,0,1
Wingull,Dhelmise,Dhelmise,0,1
Ribombee,Overqwil,Overqwil,0,1
Sliggoo,Tyrunt,Sliggoo,1,1
Swellow,Cryogonal,Cryogonal,0,1
Luxio,Frogadier,Frogadier,0,2
Hatenna,Anorith,Anorith,0,1
Venomoth,Ting-Lu,Ting-Lu,0,2
Bellibolt,Ledyba,Bellibolt,1,1
Fearow,Wigglytuff,Wigglytuff,0,2
Falinks,Drednaw,Falinks,1,2
Pawmo,Igglybuff,Pawmo,1,1
Porygon2,Venonat,Porygon2,1,2
Mareep,Cyndaquil,Cyndaquil,0,2
Shroodle,Meowstic-Male,Meowstic-Male,0,1
Shroomish,Rampardos,Rampardos,0,1
Skiploom,Wartortle,Wartortle,0,1
Nihilego,Frogadier,Nihilego,1,3
Weedle,Hoothoot,Hoothoot,0,1
Grotle,Sceptile,Sceptile,0,2
Lampent,Cramorant,Cramorant,0,1
Klefki,Victini,Victini,0,1
Simipour,Solosis,Simipour,1,1
Sliggoo,Jynx,Jynx,0,2
Ampharos,Fennekin,Ampharos,1,1
Jolteon,Throh,Throh,0,2
Chimchar,Togekiss,Togekiss,0,2
Orbeetle,Klawf,Orbeetle,1,2
Genesect,Jangmo-O,Genesect,1,1
Nidoran-F,Eternatus,Eternatus,0,1
Regirock,Garchomp,Garchomp,0,3
Iron-Crown,Dragapult,Dragapult,0,2
Dondozo,Jellicent-Male,Jellicent-Male,0,9
Yanmega,Regigigas,Regigigas,0,2
Aron,Bunnelby,Aron,1,1
Scolipede,Omanyte,Scolipede,1,2
Lillipup,Mantyke,Lillipup,1,2
Zekrom,Shieldon,Zekrom,1,1
Pupitar,Beheeyem,Beheeyem,0,2
Ekans,Fraxure,Fraxure,0,1
Cursola,Furret,Cursola,1,2
Sigilyph,Garganacl,Garganacl,0,2
Tatsugiri-Curly,Shiinotic,Tatsugiri-Curly,1,2
Victreebel,Ducklett,Victreebel,1,2
Kabuto,Slakoth,Kabuto,1,2
Arrokuda,Goomy,Goomy,0,1
Thwackey,Carvanha,Thwackey,1,1
Grumpig,Hitmontop,Grumpig,1,2
Magnezone,Farigiraf,Magnezone,1,3
Walking-Wake,Venomoth,Walking-Wake,1,2
Beedrill,Xerneas,Xerneas,0,2
Solosis,Scolipede,Scolipede,0,1
Wormadam-Plant,Boldore,Wormadam-Plant,1,1
Suicune,Deerling,Suicune,1,1
Wooloo,Cherubi,Wooloo,1,2
Haxorus,Mime-Jr,Haxorus,1,1
Rhydon,Glaceon,Glaceon,0,1
Venomoth,Hydreigon,Hydreigon,0,2
Magearna,Barboach,Magearna,1,1
Purrloin,Feraligatr,Feraligatr,0,1
Exeggutor,Ekans,Exeggutor,1,1
Jangmo-O,Spinda,Spinda,0,1
Runerigus,Comfey,Runerigus,1,2
Cherubi,Pupitar,Pupitar,0,1
Abra,Veluza,Veluza,0,1
Scrafty,Darumaka,Scrafty,1,2
Ponyta,Hydrapple,Ponyta,1,2
Gothitelle,Solosis,Gothitelle,1,2
Charmander,Cloyster,Cloyster,0,1
Wo-Chien,Gallade,Gallade,0,2
Oranguru,Bounsweet,Oranguru,1,1
Gourgeist-Average,Drednaw,Gourgeist-Average,1,2
Sinistcha,Boltund,Boltund,0,2
Lunatone,Grimer,Lunatone,1,1
Azurill,Sylveon,Sylveon,0,1
Breloom,Shellos,Breloom,1,2
Blastoise,Blitzle,Blastoise,1,1
Tangrowth,Inkay,Tangrowth,1,1
Oranguru,Melmetal,Melmetal,0,2
Arboliva,Sharpedo,Arboliva,1,1
Piloswine,Munkidori,Munkidori,0,2
Murkrow,Infernape,Infernape,0,1
Latios,Dratini,Latios,1,1
Toucannon,Orbeetle,Toucannon,1,2
Seel,Koraidon,Koraidon,0,2
Unown,Mr-Rime,Mr-Rime,0,1
Roaring-Moon,Mankey,Roaring-Moon,1,1
Xatu,Flamigo,Xatu,1,2
Dragalge,Snivy,Dragalge,1,1
Maushold-Family-Of-Four,Gabite,Maushold-Family-Of-Four,1,1
Growlithe,Skeledirge,Skeledirge,0,2
Pidove,Miltank,Miltank,0,2
Delibird,Carvanha,Delibird,1,1
Pansage,Butterfree,Butterfree,0,1
Glalie,Type-Null,Type-Null,0,3
Venomoth,Calyrex,Venomoth,1,2
Hatterene,Greavard,Hatterene,1,1
Mareep,Sawk,Sawk,0,1
Pignite,Gardevoir,Gardevoir,0,1
Shinx,Quaquaval,Quaquaval,0,1
Annihilape,Porygon,Annihilape,1,1
Smoochum,Magneton,Magneton,0,1
Magearna,Ekans,Magearna,1,1
Scolipede,Rattata,Scolipede,1,1
Emboar,Great-Tusk,Great-Tusk,0,2
Moltres,Skitty,Moltres,1,1
Kabuto,Annihilape,Annihilape,0,1
Lillipup,Barraskewda,Barraskewda,0,2
Melmetal,Primeape,Melmetal,1,2
Chewtle,Camerupt,Chewtle,1,2
Nosepass,Magneton,Magneton,0,1
Sylveon,Golett,Sylveon,1,1
Finizen,Gimmighoul,Finizen,1,3
Dedenne,Magikarp,Dedenne,1,1
Frillish-Male,Magmortar,Magmortar,0,3
Deoxys-Normal,Breloom,Deoxys-Normal,1,1
Oricorio-Baile,Greninja,Greninja,0,2
Dragalge,Metang,Metang,0,3
Type-Null,Blacephalon,Blacephalon,0,3
Indeedee-Male,Ting-Lu,Ting-Lu,0,2
Articuno,Garbodor,Articuno,1,3
Trubbish,Vanillish,Vanillish,0,2
Genesect,Skorupi,Genesect,1,2
Krookodile,Frigibax,Krookodile,1,2
Cinccino,Swinub,Cinccino,1,1
Lunala,Quaquaval,Lunala,1,1
Crocalor,Floragato,Crocalor,1,1
Venonat,Dwebble,Dwebble,0,1
Dedenne,Diggersby,Diggersby,0,2
Minior-Red-Meteor,Lileep,Minior-Red-Meteor,1,3
Emboar,Eevee,Emboar,1,1
Klefki,Charjabug,Klefki,1,3
Kricketot,Graveler,Graveler,0,1
Sudowoodo,Grumpig,Grumpig,0,3
Terrakion,Crawdaunt,Terrakion,1,1
Hitmonchan,Snorunt,Hitmonchan,1,1
Claydol,Palkia,Palkia,0,1
Totodile,Omanyte,Totodile,1,2
Huntail,Volbeat,Volbeat,0,3
Wugtrio,Wailmer,Wailmer,0,2
Purrloin,Cacturne,Cacturne,0,1
Ivysaur,Escavalier,Escavalier,0,2
Litten,Eldegoss,Eldegoss,0,2
Fomantis,Haxorus,Haxorus,0,1
Beartic,Passimian,Passimian,0,2
Slakoth,Mienfoo,Mienfoo,0,1
Kleavor,Musharna,Kleavor,1,2
Nosepass,Steelix,Steelix,0,1
Zacian,Feraligatr,Zacian,1,4
Dugtrio,Lucario,Dugtrio,1,1
Slurpuff,Mabosstiff,Slurpuff,1,2
Graveler,Omanyte,Graveler,1,1
Espurr,Ursaluna,Ursaluna,0,1
Shinx,Sunkern,Shinx,1,1
Cloyster,Druddigon,Cloyster,1,2
Zebstrika,Purugly,Zebstrika,1,3
Maschiff,Dedenne,Dedenne,0,1
Drilbur,Meowstic-Male,Meowstic-Male,0,2
Samurott,Rhyperior,Samurott,1,1
Shelmet,Iron-Boulder,Iron-Boulder,0,1
Shelmet,Swoobat,Swoobat,0,2
Wobbuffet,Rockruff,Wobbuffet,1,3
Drakloak,Gulpin,Drakloak,1,2
Rillaboom,Mime-Jr,Rillaboom,1,1
Solrock,Barbaracle,Barbaracle,0,3
Minun,Hitmonlee,Hitmonlee,0,1
Araquanid,Trumbeak,Trumbeak,0,2
Magnemite,Bulbasaur,Magnemite,1,1
Magearna,Roaring-Moon,Magearna,1,1
Vanillish,Masquerain,Vanillish,1,2
Machop,Blacephalon,Blacephalon,0,1
Dachsbun,Gumshoos,Gumshoos,0,3
Golem,Hoothoot,Golem,1,1
Marshtomp,Aggron,Marshtomp,1,2
Mienshao,Honchkrow,Honchkrow,0,1
Klefki,Flareon,Flareon,0,2
Talonflame,Pawmi,Talonflame,1,1
Sirfetchd,Landorus-Incarnate,Landorus-Incarnate,0,1
Regirock,Pidgey,Regirock,1,1
Inkay,Aron,Aron,0,2
Rattata,Crabrawler,Crabrawler,0,1
Sandy-Shocks,Mothim,Sandy-Shocks,1,1
Sigilyph,Magearna,Magearna,0,2
Joltik,Charcadet,Charcadet,0,1
Magikarp,Houndstone,Houndstone,0,1
Mamoswine,Kyurem,Kyurem,0,3
Carnivine,Pawmi,Carnivine,1,1
Sigilyph,Sinistea,Sigilyph,1,1
Braviary,Marowak,Braviary,1,3
Nidorina,Dracozolt,Dracozolt,0,2
Klink,Woobat,Klink,1,2
Kabutops,Typhlosion,Kabutops,1,2
Huntail,Porygon2,Porygon2,0,3
Glalie,Pheromosa,Pheromosa,0,1
Ninetales,Natu,Ninetales,1,1
Staraptor,Farigiraf,Farigiraf,0,2
Dottler,Skuntank,Skuntank,0,2
Sinistcha,Tadbulb,Sinistcha,1,1
Seel,Graveler,Seel,1,1
Tsareena,Helioptile,Tsareena,1,1
Klawf,Togepi,Klawf,1,1
Elekid,Pelipper,Elekid,1,1
Amaura,Larvitar,Amaura,1,1
Chespin,Patrat,Chespin,1,2
Drilbur,Mimikyu-Disguised,Mimikyu-Disguised,0,2
Cryogonal,Drednaw,Drednaw,0,1
Gardevoir,Dunsparce,Gardevoir,1,3
Noctowl,Chandelure,Chandelure,0,2
Sunkern,Aromatisse,Aromatisse,0,1
Blastoise,Magcargo,Blastoise,1,1
Dubwool,Magcargo,Magcargo,0,3
Swampert,Anorith,Swampert,1,1
Boltund,Metapod,Boltund,1,1
Jirachi,Walking-Wake,Walking-Wake,0,4
Gouging-Fire,Venusaur,Gouging-Fire,1,3
Simisage,Drowzee,Simisage,1,2
Skarmory,Nidoran-F,Skarmory,1,2
Appletun,Turtonator,Turtonator,0,2
Tepig,Chi-Yu,Chi-Yu,0,1
Squirtle,Zacian,Zacian,0,2
Escavalier,Slaking,Slaking,0,4
Calyrex,Nuzleaf,Calyrex,1,2
Delibird,Lilligant,Lilligant,0,2
Golbat,Magikarp,Golbat,1,1
Ducklett,Munna,Munna,0,2
Archaludon,Squirtle,Archaludon,1,1
Morgrem,Aurorus,Aurorus,0,2
Blipbug,Pikipek,Pikipek,0,1
Dewott,Vivillon,Dewott,1,2
Typhlosion,Scizor,Typhlosion,1,1
Shellder,Cherubi,Cherubi,0,1
Overqwil,Wingull,Overqwil,1,1
Graveler,Gigalith,Gigalith,0,2
Heatran,Entei,Entei,0,5
Garbodor,Bulbasaur,Garbodor,1,1
Dachsbun,Lunatone,Lunatone,0,2
Gorebyss,Kricketune,Gorebyss,1,2
Floatzel,Dewpider,Floatzel,1,2
Greavard,Komala,Komala,0,3
Corphish,Cottonee,Cottonee,0,1
Furfrou,Smoliv,Furfrou,1,1
Spiritomb,Lokix,Lokix,0,2
Golbat,Kricketune,Golbat,1,1
Hoppip,Hitmontop,Hitmontop,0,1
Donphan,Dudunsparce-Two-Segment,Dudunsparce-Two-Segment,0,2
Marshtomp,Arceus,Arceus,0,2
Sunflora,Timburr,Sunflora,1,2
Azumarill,Mawile,Azumarill,1,2
Archen,Clauncher,Clauncher,0,1
Diglett,Abra,Diglett,1,1
Spinarak,Chinchou,Chinchou,0,2
Persian,Meditite,Persian,1,1
Alomomola,Klink,Alomomola,1,3
Dewgong,Zekrom,Zekrom,0,2
Patrat,Minior-Red-Meteor,Minior-Red-Meteor,0,2
Dialga,Arrokuda,Dialga,1,1
Bunnelby,Salandit,Salandit,0,1
Sandygast,Seel,Seel,0,2
Mabosstiff,Popplio,Mabosstiff,1,2
Eevee,Electabuzz,Electabuzz,0,2
Metapod,Palpitoad,Palpitoad,0,1
Sealeo,Greavard,Sealeo,1,2
Lilligant,Serperior,Serperior,0,2
Mandibuzz,Yamper,Mandibuzz,1,2
Arctovish,Mime-Jr,Arctovish,1,1
Doduo,Necrozma,Necrozma,0,1
Incineroar,Passimian,Passimian,0,2
Groudon,Tynamo,Groudon,1,1
Igglybuff,Finizen,Finizen,0,2
Parasect,Lickilicky,Lickilicky,0,2
Shiftry,Rabsca,Shiftry,1,2
Ferroseed,Manaphy,Manaphy,0,3
Granbull,Sudowoodo,Granbull,1,3
Gabite,Taillow,Gabite,1,1
Tentacool,Totodile,Totodile,0,2
Drednaw,Pidgeot,Drednaw,1,1
Poliwhirl,Magcargo,Poliwhirl,1,1
Sandshrew,Oshawott,Oshawott,0,1
Hydrapple,Swadloon,Hydrapple,1,2
Bonsly,Poipole,Poipole,0,2
Karrablast,Remoraid,Karrablast,1,1
Golduck,Breloom,Golduck,1,2
Mew,Shaymin-Land,Mew,1,3
Araquanid,Gloom,Araquanid,1,3
Vulpix,Dewgong,Dewgong,0,1
Pachirisu,Crabominable,Crabominable,0,2
Bronzor,Forretress,Forretress,0,3
Whismur,Purugly,Purugly,0,1
Farfetchd,Smoochum,Smoochum,0,1
Tarountula,Staraptor,Staraptor,0,1
Ralts,Yamper,Yamper,0,1
Weezing,Granbull,Weezing,1,2
Eevee,Jellicent-Male,Jellicent-Male,0,2
Obstagoon,Palossand,Obstagoon,1,2
Charcadet,Azumarill,Azumarill,0,1
Mudsdale,Tapu-Bulu,Tapu-Bulu,0,2
Bidoof,Absol,Absol,0,2
Arctozolt,Thievul,Arctozolt,1,2
Ceruledge,Hatenna,Ceruledge,1,1
Gible,Zweilous,Zweilous,0,1
Drapion,Pyroar-Male,Pyroar-Male,0,2
Clefable,Vanilluxe,Vanilluxe,0,3
Sableye,Dubwool,Dubwool,0,4
Nosepass,Chimchar,Nosepass,1,1
Pupitar,Simipour,Simipour,0,1
Aggron,Arceus,Arceus,0,5
Mothim,Meganium,Meganium,0,2
Sandygast,Kangaskhan,Kangaskhan,0,2
Spheal,Kricketune,Kricketune,0,2
Darumaka,Clefairy,Darumaka,1,3
Kirlia,Goodra,Goodra,0,1
Miraidon,Houndstone,Miraidon,1,2
Parasect,Raboot,Raboot,0,1
Bibarel,Roserade,Roserade,0,1
Zekrom,Toucannon,Zekrom,1,2
Fearow,Cherubi,Fearow,1,1
Snubbull,Sentret,Snubbull,1,1
Sirfetchd,Cresselia,Cresselia,0,2
Chimchar,Riolu,Chimchar,1,2
Fletchinder,Krabby,Fletchinder,1,2
Heatran,Fidough,Heatran,1,1
Palafin-Zero,Corsola,Palafin-Zero,1,5
Koraidon,Spectrier,Spectrier,0,3
Pawmi,Parasect,Parasect,0,1
Dottler,Entei,Entei,0,1
Ogerpon,Palkia,Palkia,0,2
Castform,Luvdisc,Castform,1,2
Tarountula,Sneasel,Sneasel,0,2
Shroomish,Florges,Florges,0,1
Magnemite,Basculin-Red-Striped,Basculin-Red-Striped,0,1
Nidoking,Spoink,Nidoking,1,1
Weepinbell,Glaceon,Glaceon,0,1
Simisear,Ferrothorn,Simisear,1,1
Flareon,Cleffa,Flareon,1,1
Tadbulb,Geodude,Tadbulb,1,1
Huntail,Azelf,Azelf,0,2
Fidough,Cofagrigus,Cofagrigus,0,2
Medicham,Regieleki,Regieleki,0,2
Slowpoke,Chesnaught,Chesnaught,0,1
Giratina-Altered,Shiinotic,Giratina-Altered,1,2
Doublade,Armarouge,Armarouge,0,1
Cinccino,Snorunt,Cinccino,1,2
Kricketune,Vigoroth,Vigoroth,0,2
Krokorok,Marshadow,Marshadow,0,1
Scizor,Tyrantrum,Scizor,1,2
Walrein,Goomy,Walrein,1,1
Toxicroak,Finneon,Toxicroak,1,1
Granbull,Mantyke,Granbull,1,2
Lunala,Spewpa,Lunala,1,1
Escavalier,Palpitoad,Escavalier,1,2
Donphan,Brute-Bonnet,Brute-Bonnet,0,2
Natu,Wishiwashi-Solo,Natu,1,1
Arboliva,Piloswine,Arboliva,1,1
Mudsdale,Happiny,Mudsdale,1,1
Misdreavus,Cresselia,Cresselia,0,3
Litten,Sealeo,Sealeo,0,1
Glimmet,Jynx,Jynx,0,1
Kakuna,Dwebble,Dwebble,0,1
Noibat,Blipbug,Noibat,1,1
Morpeko-Full-Belly,Grapploct,Grapploct,0,1
Pawmo,Sprigatito,Pawmo,1,2
Cinccino,Tyrunt,Cinccino,1,2
Linoone,Pawniard,Pawniard,0,3
Glaceon,Probopass,Glaceon,1,2
Chespin,Aerodactyl,Aerodactyl,0,1
Buizel,Snom,Buizel,1,1
Golett,Vanillish,Vanillish,0,1
Roaring-Moon,Makuhita,Roaring-Moon,1,1
Carnivine,Runerigus,Carnivine,1,2
Dewpider,Claydol,Claydol,0,2
Ursaring,Nuzleaf,Ursaring,1,1
Beedrill,Bisharp,Bisharp,0,1
Dewott,Centiskorch,Centiskorch,0,2
Mareep,Garganacl,Garganacl,0,1
Capsakid,Greninja,Greninja,0,1
Scolipede,Iron-Bundle,Iron-Bundle,0,2
Dolliv,Kommo-O,Kommo-O,0,1
Naganadel,Koffing,Naganadel,1,1
Tyranitar,Wugtrio,Tyranitar,1,1
Garchomp,Kyogre,Kyogre,0,1
Mime-Jr,Sandaconda,Sandaconda,0,1
Floette,Cyndaquil,Cyndaquil,0,3
Heatmor,Whimsicott,Heatmor,1,1
Iron-Leaves,Hippopotas,Iron-Leaves,1,1
Zubat,Spritzee,Spritzee,0,1
Elekid,Luvdisc,Elekid,1,1
Charizard,Groudon,Charizard,1,3
Floette,Masquerain,Masquerain,0,2
Wobbuffet,Taillow,Wobbuffet,1,2
Chien-Pao,Rabsca,Chien-Pao,1,2
Tsareena,Trumbeak,Trumbeak,0,2
Farfetchd,Mothim,Farfetchd,1,1
Ariados,Frogadier,Ariados,1,2
Parasect,Aggron,Aggron,0,1
Noibat,Diglett,Diglett,0,1
Empoleon,Seadra,Empoleon,1,2
Tyrogue,Azurill,Azurill,0,2
Applin,Espathra,Espathra,0,1
Marill,Smoochum,Smoochum,0,2
Carbink,Spectrier,Spectrier,0,3
Stunfisk,Shuckle,Stunfisk,1,3
Flabebe,Taillow,Flabebe,1,1
Staravia,Araquanid,Staravia,1,2
Happiny,Phantump,Phantump,0,1
Clefairy,Misdreavus,Misdreavus,0,3
Timburr,Meganium,Meganium,0,2
Cacturne,Dudunsparce-Two-Segment,Dudunsparce-Two-Segment,0,2
Duraludon,Frosmoth,Duraludon,1,1
Swampert,Solosis,Swampert,1,1
Delphox,Tympole,Delphox,1,1
Pidgey,Carnivine,Carnivine,0,1
Clefairy,Rockruff,Rockruff,0,2
Durant,Eevee,Durant,1,1
Avalugg,Steenee,Avalugg,1,2
Charizard,Skarmory,Charizard,1,1
Treecko,Slowbro,Slowbro,0,1
Glaceon,Dunsparce,Glaceon,1,2
Misdreavus,Dewpider,Misdreavus,1,2
Kricketot,Dewgong,Dewgong,0,1
Leafeon,Aegislash-Shield,Aegislash-Shield,0,3
Salamence,Noivern,Salamence,1,1
Dracozolt,Tranquill,Dracozolt,1,1
Swirlix,Cranidos,Cranidos,0,2
Unfezant,Glastrier,Glastrier,0,2
Jigglypuff,Machop,Machop,0,2
Omastar,Elekid,Omastar,1,1
Munna,Ponyta,Munna,1,2
Krookodile,Squirtle,Krookodile,1,1
Genesect,Shuppet,Genesect,1,1
Axew,Archaludon,Archaludon,0,1
Iron-Leaves,Snover,Iron-Leaves,1,2
Klang,Granbull,Klang,1,2
Cottonee,Purrloin,Cottonee,1,1
Metang,Purugly,Metang,1,3
Arctovish,Breloom,Arctovish,1,1
Kecleon,Ursaring,Ursaring,0,2
Quagsire,Pichu,Quagsire,1,1
Nymble,Delcatty,Delcatty,0,1
Paras,Alomomola,Alomomola,0,2
Golurk,Masquerain,Golurk,1,2
Passimian,Spectrier,Spectrier,0,3
Togepi,Beartic,Beartic,0,2
Darumaka,Barboach,Barboach,0,2
Tatsugiri-Curly,Exeggutor,Tatsugiri-Curly,1,2
Phanpy,Incineroar,Incineroar,0,2
Abomasnow,Aromatisse,Abomasnow,1,4
Liepard,Venipede,Liepard,1,1
Virizion,Plusle,Virizion,1,2
Tepig,Chewtle,Chewtle,0,2
Magmortar,Dodrio,Magmortar,1,1
Quaxly,Kabuto,Kabuto,0,2
Purrloin,Toucannon,Toucannon,0,1
Floatzel,Yamper,Floatzel,1,2
Blitzle,Greninja,Greninja,0,1
Vileplume,Whiscash,Vileplume,1,1
Seismitoad,Combusken,Seismitoad,1,1
Starly,Jellicent-Male,Jellicent-Male,0,1
Gyarados,Finizen,Gyarados,1,1
Vaporeon,Swampert,Swampert,0,3
Floragato,Darmanitan-Standard,Darmanitan-Standard,0,2
Type-Null,Venipede,Type-Null,1,1
Liepard,Thwackey,Liepard,1,2
Florges,Tyrantrum,Florges,1,1
Electrode,Skarmory,Electrode,1,2
Watchog,Jangmo-O,Watchog,1,2
Melmetal,Drifloon,Melmetal,1,1
Forretress,Gurdurr,Gurdurr,0,4
Yamask,Kubfu,Kubfu,0,3
Poliwag,Pawmot,Pawmot,0,1
Croagunk,Prinplup,Prinplup,0,2
Cascoon,Regice,Regice,0,1
Remoraid,Scorbunny,Remoraid,1,1
Rattata,Snom,Rattata,1,1
Eelektrik,Bagon,Eelektrik,1,1
Greavard,Volcarona,Volcarona,0,1
Necrozma,Primeape,Necrozma,1,1
Tsareena,Panpour,Tsareena,1,1
Scyther,Weedle,Scyther,1,1
Houndstone,Rillaboom,Houndstone,1,4
Pincurchin,Quilava,Quilava,0,2
Hawlucha,Magmortar,Magmortar,0,2
Cradily,Morelull,Cradily,1,2
Spewpa,Pidove,Pidove,0,1
Hypno,Alakazam,Hypno,1,3
Tarountula,Deerling,Deerling,0,1
Koraidon,Igglybuff,Koraidon,1,1
Gastrodon,Tepig,Gastrodon,1,1
Armaldo,Abra,Armaldo,1,1
Mewtwo,Flamigo,Mewtwo,1,1
Omanyte,Nihilego,Nihilego,0,2
Glaceon,Vivillon,Glaceon,1,1
Leafeon,Meowstic-Male,Meowstic-Male,0,2
Aerodactyl,Rillaboom,Aerodactyl,1,2
Unfezant,Charjabug,Unfezant,1,2
Munchlax,Pawmot,Pawmot,0,2
Victini,Grovyle,Victini,1,1
Roggenrola,Solgaleo,Solgaleo,0,1
Carvanha,Electabuzz,Electabuzz,0,1
Seedot,Dudunsparce-Two-Segment,Dudunsparce-Two-Segment,0,1
Tranquill,Type-Null,Type-Null,0,1
Dhelmise,Musharna,Dhelmise,1,2
Cresselia,Scizor,Scizor,0,2
Glameow,Banette,Banette,0,2
Nidoqueen,Latias,Latias,0,2
Poliwrath,Scream-Tail,Scream-Tail,0,3
Braixen,Emboar,Emboar,0,2
Masquerain,Bibarel,Bibarel,0,2
Clefairy,Ceruledge,Ceruledge,0,2
Togedemaru,Spectrier,Spectrier,0,3
Bewear,Cubchoo,Bewear,1,1
Weavile,Duosion,Weavile,1,2
Bombirdier,Seel,Bombirdier,1,2
Slaking,Minior-Red-Meteor,Slaking,1,2
Zacian,Raikou,Zacian,1,4
Paras,Mareep,Mareep,0,1
Gumshoos,Squawkabilly-Green-Plumage,Gumshoos,1,2
Butterfree,Morelull,Butterfree,1,1
Crabominable,Binacle,Crabominable,1,1
Galvantula,Sudowoodo,Sudowoodo,0,1
Bayleef,Murkrow,Murkrow,0,2
Surskit,Zarude,Zarude,0,1
Tatsugiri-Curly,Slurpuff,Slurpuff,0,2
Lombre,Teddiursa,Lombre,1,2
Marshtomp,Charizard,Charizard,0,3
Hawlucha,Applin,Hawlucha,1,1
Pelipper,Zoroark,Zoroark,0,2
Gothita,Metapod,Gothita,1,1
Metang,Flygon,Flygon,0,2
Oranguru,Weedle,Oranguru,1,1
Starmie,Skiploom,Starmie,1,1
Walrein,Klawf,Walrein,1,1
Latios,Indeedee-Male,Latios,1,2
Pelipper,Rampardos,Pelipper,1,1
Reshiram,Nidoqueen,Reshiram,1,2
Virizion,Florges,Florges,0,3
Orthworm,Hitmontop,Hitmontop,0,2
Volcarona,Chinchou,Volcarona,1,2
Orbeetle,Carnivine,Orbeetle,1,2
Boldore,Servine,Servine,0,1
Jynx,Wooloo,Jynx,1,1
Dracozolt,Spidops,Dracozolt,1,3
Fraxure,Dubwool,Dubwool,0,2
Blacephalon,Vikavolt,Blacephalon,1,1
Raboot,Spinda,Raboot,1,3
Snubbull,Rotom,Rotom,0,2
Wigglytuff,Shedinja,Wigglytuff,1,1
Celesteela,Rhyhorn,Celesteela,1,1
Dubwool,Bewear,Bewear,0,2
Swellow,Beldum,Beldum,0,3
Happiny,Metang,Metang,0,1
Timburr,Basculegion-Male,Basculegion-Male,0,2
Infernape,Wurmple,Infernape,1,1
Mudsdale,Growlithe,Mudsdale,1,1
Stakataka,Foongus,Stakataka,1,1
Pikachu,Pachirisu,Pachirisu,0,2
Vanillish,Ditto,Vanillish,1,2
Tropius,Grubbin,Tropius,1,1
Amaura,Delcatty,Amaura,1,3
Mew,Nihilego,Mew,1,3
Frillish-Male,Vullaby,Vullaby,0,2
Numel,Slurpuff,Slurpuff,0,2
Zebstrika,Beautifly,Zebstrika,1,1
Blitzle,Regirock,Regirock,0,1
Meditite,Hippopotas,Hippopotas,0,1
Machop,Magneton,Magneton,0,1
Drowzee,Primarina,Primarina,0,2
Elekid,Bellossom,Bellossom,0,2
Charcadet,Slurpuff,Slurpuff,0,2
Flaaffy,Castform,Castform,0,3
Nincada,Tadbulb,Tadbulb,0,1
Brambleghast,Toedscruel,Toedscruel,0,2
Lickilicky,Weedle,Lickilicky,1,1
Castform,Omastar,Omastar,0,2
Zamazenta,Slugma,Zamazenta,1,1
Bounsweet,Aegislash-Shield,Aegislash-Shield,0,1
Tornadus-Incarnate,Klawf,Tornadus-Incarnate,1,2
Tyrunt,Heatran,Heatran,0,1
Gible,Omanyte,Gible,1,1
Kingambit,Banette,Kingambit,1,2
Dondozo,Swablu,Dondozo,1,2
Sharpedo,Mr-Mime,Mr-Mime,0,1
Chingling,Lotad,Chingling,1,2
Kricketune,Spearow,Kricketune,1,1
Drifblim,Cubone,Drifblim,1,1
Dustox,Cascoon,Dustox,1,2
Dodrio,Cascoon,Dodrio,1,1
Drednaw,Tranquill,Drednaw,1,1
Goldeen,Goodra,Goodra,0,1
Basculegion-Male,Armarouge,Basculegion-Male,1,2
Cacturne,Azumarill,Cacturne,1,2
Grumpig,Riolu,Grumpig,1,1
Archen,Porygon,Porygon,0,1
Vespiquen,Raikou,Raikou,0,2
Blacephalon,Shroodle,Blacephalon,1,1
Rotom,Zeraora,Zeraora,0,3
Duraludon,Marshadow,Marshadow,0,2
Type-Null,Baltoy,Type-Null,1,1
Taillow,Zamazenta,Zamazenta,0,1
Delcatty,Roggenrola,Delcatty,1,2
Cottonee,Manectric,Manectric,0,1
Magnemite,Iron-Leaves,Iron-Leaves,0,2
Cobalion,Igglybuff,Cobalion,1,1
Drapion,Burmy,Drapion,1,1
Solosis,Shroodle,Solosis,1,1
Palkia,Weavile,Palkia,1,2
Iron-Crown,Wooloo,Iron-Crown,1,1
Tinkatink,Necrozma,Necrozma,0,2
Basculin-Red-Striped,Binacle,Basculin-Red-Striped,1,2
Hakamo-O,Lapras,Lapras,0,1
Deerling,Salazzle,Salazzle,0,1
Aegislash-Shield,Braviary,Aegislash-Shield,1,5
Celebi,Sawsbuck,Celebi,1,2
Centiskorch,Elekid,Centiskorch,1,1
Kangaskhan,Smoliv,Kangaskhan,1,1
Lickilicky,Heracross,Heracross,0,2
Primarina,Baltoy,Primarina,1,1
Lechonk,Aipom,Aipom,0,2
Snorunt,Dragapult,Dragapult,0,1
Whimsicott,Raging-Bolt,Raging-Bolt,0,2
Sylveon,Mawile,Mawile,0,2
Houndoom,Zoroark,Houndoom,1,2
Magikarp,Dugtrio,Dugtrio,0,1
Gengar,Graveler,Gengar,1,1
Walrein,Zigzagoon,Walrein,1,1
Bibarel,Larvitar,Bibarel,1,1
Grovyle,Munchlax,Munchlax,0,2
Trevenant,Diancie,Diancie,0,2
Iron-Jugulis,Watchog,Iron-Jugulis,1,2
Mesprit,Aron,Mesprit,1,2
Tropius,Venusaur,Venusaur,0,2
Wurmple,Tangrowth,Tangrowth,0,1
Tentacool,Bombirdier,Bombirdier,0,1
Kilowattrel,Gengar,Gengar,0,1
Spoink,Shieldon,Shieldon,0,2
Finneon,Metang,Metang,0,3
Throh,Dustox,Throh,1,3
Gulpin,Trevenant,Trevenant,0,2
Regice,Clamperl,Regice,1,2
Steenee,Electrode,Electrode,0,1
Farigiraf,Dewott,Farigiraf,1,2
Palkia,Weedle,Palkia,1,1
Bisharp,Ho-Oh,Ho-Oh,0,1
Dratini,Skorupi,Skorupi,0,2
Glimmora,Mudbray,Glimmora,1,1
Veluza,Haunter,Veluza,1,1
Omanyte,Morelull,Morelull,0,1
Hawlucha,Furfrou,Hawlucha,1,1
Skiploom,Palossand,Palossand,0,1
Toucannon,Registeel,Registeel,0,3
Meditite,Mandibuzz,Mandibuzz,0,1
Arctozolt,Nickit,Arctozolt,1,1
Graveler,Houndstone,Houndstone,0,2
Lombre,Spectrier,Spectrier,0,2
Cetoddle,Grimmsnarl,Grimmsnarl,0,2
Deino,Vespiquen,Vespiquen,0,1
Pancham,Deino,Pancham,1,1
Inkay,Salamence,Salamence,0,1
Aerodactyl,Volcanion,Volcanion,0,1
Ducklett,Charcadet,Ducklett,1,1
Exeggutor,Venusaur,Venusaur,0,2
Axew,Spidops,Spidops,0,2
Weepinbell,Woobat,Woobat,0,2
Solgaleo,Crustle,Solgaleo,1,2
Gardevoir,Bruxish,Gardevoir,1,2
Flygon,Toedscool,Flygon,1,1
Sentret,Zekrom,Zekrom,0,1
Malamar,Blacephalon,Blacephalon,0,2
Klink,Toxicroak,Toxicroak,0,1
Bouffalant,Lugia,Lugia,0,4
Castform,Skitty,Castform,1,2
Krookodile,Forretress,Forretress,0,2
Farigiraf,Muk,Farigiraf,1,2
Skrelp,Orthworm,Orthworm,0,3
Mantyke,Rhydon,Mantyke,1,1
Brionne,Magcargo,Brionne,1,1
Bramblin,Aromatisse,Aromatisse,0,1
Chimchar,Meowstic-Male,Meowstic-Male,0,1
Charmeleon,Dracovish,Dracovish,0,2
Florges,Scorbunny,Florges,1,2
Metagross,Monferno,Metagross,1,1
Liepard,Bibarel,Bibarel,0,2
Clobbopus,Rillaboom,Rillaboom,0,2
Slaking,Gothorita,Slaking,1,2
Calyrex,Sawsbuck,Calyrex,1,3
Gothorita,Sirfetchd,Sirfetchd,0,2
Nuzleaf,Illumise,Illumise,0,1
Taillow,Espurr,Espurr,0,1
Glaceon,Vileplume,Glaceon,1,2
Charcadet,Toxapex,Toxapex,0,1
Clodsire,Bergmite,Clodsire,1,3
Gimmighoul,Milotic,Milotic,0,2
Kabuto,Nidoking,Nidoking,0,1
Ludicolo,Klang,Ludicolo,1,3
Veluza,Munkidori,Munkidori,0,4
Tyrunt,Ditto,Tyrunt,1,1
Carbink,Cosmoem,Carbink,1,4
Suicune,Tadbulb,Suicune,1,1
Clobbopus,Exeggutor,Exeggutor,0,1
Squawkabilly-Green-Plumage,Exeggcute,Squawkabilly-Green-Plumage,1,1
Magnezone,Manectric,Magnezone,1,2
Delibird,Poltchageist,Delibird,1,1
Pheromosa,Blitzle,Pheromosa,1,1
Gloom,Crabrawler,Gloom,1,2
Kommo-O,Prinplup,Kommo-O,1,2
Floragato,Ninetales,Ninetales,0,1
Meowstic-Male,Pikachu,Meowstic-Male,1,1
Wimpod,Minior-Red-Meteor,Minior-Red-Meteor,0,1
Thundurus-Incarnate,Torterra,Thundurus-Incarnate,1,1
Salamence,Raboot,Salamence,1,2
Dachsbun,Gouging-Fire,Gouging-Fire,0,3
Camerupt,Manectric,Camerupt,1,1
Flapple,Lucario,Lucario,0,1
Blipbug,Dusknoir,Dusknoir,0,1
Gulpin,Rolycoly,Gulpin,1,3
Tyrunt,Slowking,Slowking,0,1
Farfetchd,Shellder,Farfetchd,1,2
Plusle,Wooper,Wooper,0,1
Phanpy,Tsareena,Tsareena,0,2
Delibird,Floette,Floette,0,1
Nuzleaf,Ivysaur,Ivysaur,0,1
Gouging-Fire,Sprigatito,Gouging-Fire,1,1
Florges,Pheromosa,Florges,1,1
Entei,Urshifu-Single-Strike,Entei,1,3
Gengar,Vanillish,Gengar,1,3
Varoom,Lechonk,Varoom,1,2
Flygon,Cranidos,Flygon,1,1
Dreepy,Sirfetchd,Sirfetchd,0,1
Tauros,Butterfree,Tauros,1,2
Bunnelby,Drowzee,Drowzee,0,2
Cacturne,Hatenna,Cacturne,1,1
Tauros,Scyther,Tauros,1,3
Cosmoem,Buizel,Cosmoem,1,3
Sneasel,Stoutland,Stoutland,0,2
Lickilicky,Volbeat,Lickilicky,1,3
Zubat,Dubwool,Dubwool,0,1
Muk,Mr-Rime,Mr-Rime,0,2
Cottonee,Herdier,Herdier,0,2
Impidimp,Lillipup,Lillipup,0,1
Walrein,Clefairy,Walrein,1,2
Tapu-Fini,Milotic,Tapu-Fini,1,5
Quaxly,Basculin-Red-Striped,Basculin-Red-Striped,0,2
Rillaboom,Iron-Jugulis,Iron-Jugulis,0,2
Vanillish,Wooloo,Vanillish,1,1
Mienshao,Phanpy,Mienshao,1,2
Magcargo,Drampa,Drampa,0,2
Meltan,Spearow,Meltan,1,1
Seviper,Drizzile,Drizzile,0,2
Huntail,Darmanitan-Standard,Huntail,1,2
Dodrio,Furfrou,Dodrio,1,2
Slugma,Bergmite,Slugma,1,1
Oinkologne-Male,Stufful,Oinkologne-Male,1,2
Brionne,Pachirisu,Pachirisu,0,3
Dreepy,Lokix,Lokix,0,1
Wigglytuff,Raikou,Raikou,0,3
Beheeyem,Druddigon,Beheeyem,1,2
Rookidee,Wimpod,Rookidee,1,1
Marshtomp,Magby,Marshtomp,1,1
Kirlia,Kyurem,Kyurem,0,1
Bagon,Combusken,Combusken,0,1
Eelektross,Ursaluna,Ursaluna,0,1
Golett,Amoonguss,Amoonguss,0,1
Flabebe,Milotic,Milotic,0,2
Escavalier,Aromatisse,Escavalier,1,2
Registeel,Skiploom,Registeel,1,1
Loudred,Toedscruel,Toedscruel,0,2
Greninja,Vivillon,Greninja,1,2
Dubwool,Hitmontop,Hitmontop,0,2
Hypno,Rockruff,Hypno,1,1
Mandibuzz,Krokorok,Mandibuzz,1,2
Beheeyem,Kingdra,Beheeyem,1,3
Abra,Finneon,Finneon,0,1
Kabutops,Burmy,Kabutops,1,1
Beldum,Eiscue-Ice,Eiscue-Ice,0,3
Kubfu,Regirock,Regirock,0,3
Steelix,Swinub,Steelix,1,1
Jangmo-O,Ogerpon,Ogerpon,0,1
Swablu,Cinderace,Cinderace,0,2
Pyukumuku,Arctozolt,Arctozolt,0,2
Kingler,Tyrantrum,Tyrantrum,0,2
Coalossal,Joltik,Coalossal,1,1
Axew,Tadbulb,Tadbulb,0,1
Roaring-Moon,Gogoat,Roaring-Moon,1,4
Chikorita,Gardevoir,Gardevoir,0,1
Fidough,Ariados,Ariados,0,1
Throh,Pancham,Throh,1,2
Marshadow,Sneasel,Marshadow,1,1
Honchkrow,Sylveon,Sylveon,0,2
Tirtouga,Skrelp,Skrelp,0,2
Crawdaunt,Teddiursa,Crawdaunt,1,2
Croagunk,Passimian,Passimian,0,1
Oddish,Scovillain,Scovillain,0,1
Fennekin,Bibarel,Bibarel,0,1
Lugia,Ho-Oh,Lugia,1,5
Treecko,Grimer,Grimer,0,1
Grafaiai,Ambipom,Ambipom,0,2
Slakoth,Ursaluna,Ursaluna,0,2
Jynx,Beedrill,Jynx,1,1
Dracovish,Politoed,Dracovish,1,5
Shaymin-Land,Revavroom,Revavroom,0,2
Pansage,Elgyem,Elgyem,0,1
Cramorant,Typhlosion,Cramorant,1,2
Beartic,Coalossal,Coalossal,0,2
Mime-Jr,Pidgeotto,Pidgeotto,0,1
Taillow,Granbull,Granbull,0,1
Glaceon,Chespin,Glaceon,1,1
Gastly,Hattrem,Hattrem,0,1
Wartortle,Dusclops,Wartortle,1,3
Pancham,Arboliva,Arboliva,0,1
Gloom,Pincurchin,Gloom,1,2
Tentacool,Vespiquen,Vespiquen,0,1
Vaporeon,Dipplin,Vaporeon,1,1
Grubbin,Finneon,Finneon,0,2
Pidgeot,Raichu,Raichu,0,2
Kyogre,Mightyena,Kyogre,1,2
Dusknoir,Togepi,Dusknoir,1,1
Bramblin,Shiftry,Shiftry,0,1
Horsea,Okidogi,Okidogi,0,1
Chatot,Spinda,Spinda,0,2
Makuhita,Trubbish,Trubbish,0,2
Drednaw,Cherubi,Drednaw,1,1
Haxorus,Makuhita,Haxorus,1,1
Mime-Jr,Banette,Banette,0,1
Hitmonlee,Tentacruel,Tentacruel,0,2
Inteleon,Nymble,Inteleon,1,1
Plusle,Tentacool,Plusle,1,1
Magearna,Toxtricity-Amped,Magearna,1,3
Raichu,Psyduck,Raichu,1,1
Torterra,Victreebel,Victreebel,0,2
Orthworm,Cyndaquil,Orthworm,1,2
Cinccino,Yamper,Cinccino,1,2
Weedle,Nacli,Nacli,0,1
Magnezone,Stunfisk,Stunfisk,0,2
Happiny,Krookodile,Krookodile,0,1
Clefairy,Dwebble,Clefairy,1,2
Decidueye,Keldeo-Ordinary,Keldeo-Ordinary,0,2
Diglett,Shiftry,Shiftry,0,1
Diancie,Kingdra,Kingdra,0,2
Hoppip,Milotic,Milotic,0,1
Deerling,Toxel,Deerling,1,1
Perrserker,Swampert,Swampert,0,2
Mamoswine,Calyrex,Calyrex,0,2
Togetic,Glastrier,Glastrier,0,2
Stakataka,Mightyena,Stakataka,1,2
Torkoal,Miltank,Torkoal,1,4
Buneary,Riolu,Buneary,1,1
Type-Null,Liepard,Type-Null,1,2
Sudowoodo,Lugia,Lugia,0,3
Wormadam-Plant,Armarouge,Armarouge,0,1
Maschiff,Gastly,Maschiff,1,1
Crobat,Pincurchin,Crobat,1,2
Trubbish,Hippopotas,Hippopotas,0,1
Quaxwell,Crobat,Crobat,0,3
Medicham,Ninetales,Ninetales,0,3
Pansear,Swanna,Swanna,0,1
Dreepy,Enamorus-Incarnate,Enamorus-Incarnate,0,1
Surskit,Whimsicott,Whimsicott,0,2
Surskit,Finneon,Finneon,0,2
Pumpkaboo-Average,Articuno,Articuno,0,1
Tinkatuff,Electivire,Electivire,0,3
Breloom,Doublade,Doublade,0,2
Karrablast,Cinderace,Cinderace,0,1
Duskull,Hippopotas,Hippopotas,0,2
Poliwhirl,Azumarill,Azumarill,0,3
Wimpod,Arbok,Arbok,0,1
Excadrill,Virizion,Virizion,0,2
Hippopotas,Cryogonal,Cryogonal,0,1
Ampharos,Spritzee,Ampharos,1,2
Lairon,Timburr,Timburr,0,1
Applin,Anorith,Anorith,0,1
Marshtomp,Wattrel,Marshtomp,1,1
Poipole,Hattrem,Hattrem,0,1
Greedent,Volbeat,Greedent,1,2
Krookodile,Klinklang,Krookodile,1,2
Remoraid,Golett,Remoraid,1,1
Nosepass,Mudkip,Mudkip,0,1
Mandibuzz,Weezing,Mandibuzz,1,4
Skwovet,Archeops,Archeops,0,2
Ledyba,Delcatty,Delcatty,0,1
Rotom,Vullaby,Rotom,1,1
Pecharunt,Huntail,Pecharunt,1,3
Shellder,Salamence,Salamence,0,1
Kricketune,Minccino,Kricketune,1,2
Alcremie,Blastoise,Alcremie,1,3
Exeggcute,Ledyba,Ledyba,0,2
Swinub,Ogerpon,Ogerpon,0,1
Sizzlipede,Gengar,Gengar,0,2
Marowak,Excadrill,Excadrill,0,2
Raticate,Pupitar,Pupitar,0,2
Fuecoco,Wartortle,Wartortle,0,1
Horsea,Tangrowth,Tangrowth,0,1
Houndour,Finizen,Finizen,0,1
Tapu-Bulu,Panpour,Tapu-Bulu,1,1
Iron-Moth,Helioptile,Iron-Moth,1,1
Slugma,Beedrill,Beedrill,0,1
Dewpider,Volcanion,Volcanion,0,1
Armaldo,Woobat,Armaldo,1,1
Grookey,Kyogre,Kyogre,0,1
Rapidash,Tapu-Fini,Tapu-Fini,0,2
Pikipek,Flareon,Flareon,0,1
Mareanie,Ninjask,Ninjask,0,2
Great-Tusk,Raticate,Great-Tusk,1,1
Drilbur,Wailord,Wailord,0,1
Carnivine,Kirlia,Carnivine,1,1
Spearow,Stunfisk,Stunfisk,0,1
Nidoran-M,Meloetta-Aria,Meloetta-Aria,0,1
Moltres,Silvally,Moltres,1,3
Politoed,Sunflora,Sunflora,0,2
Falinks,Celebi,Celebi,0,1
Houndour,Kirlia,Houndour,1,2
Gouging-Fire,Wobbuffet,Gouging-Fire,1,6
Pecharunt,Klawf,Pecharunt,1,3
Togekiss,Nidorino,Togekiss,1,2
Bagon,Tapu-Lele,Tapu-Lele,0,1
Meltan,Dottler,Meltan,1,3
Ambipom,Exploud,Ambipom,1,3
Riolu,Duraludon,Duraludon,0,1
Chewtle,Poliwrath,Poliwrath,0,1
Blacephalon,Rotom,Blacephalon,1,1
Azelf,Timburr,Azelf,1,1
Hariyama,Houndstone,Houndstone,0,4
Toedscruel,Terapagos,Terapagos,0,2
Timburr,Sableye,Sableye,0,3
Slugma,Meganium,Meganium,0,2
Lunatone,Goldeen,Lunatone,1,1
Steenee,Stantler,Stantler,0,1
Dusknoir,Machoke,Dusknoir,1,3
Nidoran-F,Espeon,Espeon,0,1
Cinderace,Sandile,Cinderace,1,1
Meowth,Dratini,Meowth,1,2
Quaxwell,Magnemite,Quaxwell,1,1
Ferroseed,Roserade,Roserade,0,2
Sneasler,Trapinch,Sneasler,1,1
Snivy,Metapod,Snivy,1,2
Yveltal,Vivillon,Yveltal,1,1
Weavile,Poochyena,Weavile,1,1
Luvdisc,Mareep,Mareep,0,1
Krabby,Haxorus,Haxorus,0,1
Blaziken,Dracovish,Dracovish,0,2
Cherrim,Chien-Pao,Chien-Pao,0,2
Stunfisk,Charizard,Stunfisk,1,2
Scizor,Kecleon,Scizor,1,2
Cresselia,Machoke,Cresselia,1,2
Herdier,Gastrodon,Gastrodon,0,2
Mr-Mime,Porygon2,Porygon2,0,2
Vanilluxe,Buneary,Vanilluxe,1,1
Eelektross,Watchog,Eelektross,1,2
Mamoswine,Celebi,Celebi,0,2
Aromatisse,Stakataka,Stakataka,0,2
Cyndaquil,Brute-Bonnet,Brute-Bonnet,0,1
Nidoqueen,Tapu-Bulu,Nidoqueen,1,1
Pachirisu,Spidops,Spidops,0,3
Yamask,Glimmora,Glimmora,0,2
Persian,Snom,Persian,1,1
Caterpie,Spoink,Spoink,0,1
Kyurem,Gardevoir,Gardevoir,0,2
Darmanitan-Standard,Honchkrow,Honchkrow,0,2
Grafaiai,Slakoth,Grafaiai,1,2
Palkia,Unfezant,Palkia,1,1
Delibird,Luvdisc,Luvdisc,0,2
Roserade,Lopunny,Lopunny,0,2
Goldeen,Whiscash,Whiscash,0,2
Grubbin,Prinplup,Prinplup,0,1
Frogadier,Glastrier,Glastrier,0,2
Lileep,Ribombee,Ribombee,0,2
Cradily,Grumpig,Cradily,1,3
Silicobra,Turtwig,Turtwig,0,2
Mareep,Escavalier,Escavalier,0,1
Hatenna,Meltan,Meltan,0,2
Lickitung,Crabominable,Crabominable,0,2
Exeggutor,Cleffa,Exeggutor,1,1
Sealeo,Taillow,Sealeo,1,1
Finneon,Hakamo-O,Hakamo-O,0,2
Gothitelle,Greedent,Greedent,0,3
Litleo,Togekiss,Togekiss,0,3
Smeargle,Raichu,Raichu,0,2
Pineco,Celesteela,Celesteela,0,1
Shinx,Maschiff,Maschiff,0,2
Alakazam,Sirfetchd,Alakazam,1,1
Klink,Relicanth,Relicanth,0,3
Sinistcha,Turtwig,Sinistcha,1,1
Cradily,Karrablast,Cradily,1,1
Ogerpon,Lileep,Ogerpon,1,3
Salazzle,Magnezone,Salazzle,1,2
Zamazenta,Cottonee,Zamazenta,1,1
Heliolisk,Electivire,Electivire,0,2
Greninja,Nidorino,Greninja,1,2
Wo-Chien,Flapple,Wo-Chien,1,1
Seismitoad,Carracosta,Seismitoad,1,2
Hoopa,Clobbopus,Hoopa,1,1
Pheromosa,Rotom,Pheromosa,1,2
Comfey,Bellsprout,Comfey,1,1
Crawdaunt,Mantine,Mantine,0,4
Whimsicott,Pincurchin,Pincurchin,0,2
Pupitar,Wingull,Wingull,0,1
Cetoddle,Gothitelle,Gothitelle,0,2
Pangoro,Drowzee,Pangoro,1,2
Flutter-Mane,Skwovet,Flutter-Mane,1,1
Fletchling,Vileplume,Vileplume,0,1
Blissey,Naclstack,Naclstack,0,2
Poliwhirl,Drednaw,Drednaw,0,2
Nidoqueen,Houndstone,Nidoqueen,1,4
Froslass,Klawf,Klawf,0,1
Heatmor,Throh,Throh,0,3
Wigglytuff,Donphan,Wigglytuff,1,2
Kleavor,Torterra,Kleavor,1,2
Zorua,Samurott,Samurott,0,1
Cyndaquil,Flittle,Cyndaquil,1,1
Butterfree,Lunala,Lunala,0,2
Hitmonchan,Qwilfish,Qwilfish,0,2
Sunkern,Gogoat,Gogoat,0,1
Smeargle,Cetitan,Cetitan,0,1
Haxorus,Grimer,Haxorus,1,2
Jolteon,Squawkabilly-Green-Plumage,Jolteon,1,1
Sizzlipede,Tropius,Tropius,0,1
Flabebe,Poliwrath,Poliwrath,0,2
Tinkatink,Carracosta,Carracosta,0,2
Mantine,Kecleon,Kecleon,0,3
Bidoof,Leavanny,Leavanny,0,1
Jangmo-O,Regirock,Regirock,0,2
Elgyem,Whismur,Elgyem,1,1
Boltund,Jigglypuff,Boltund,1,2
Cottonee,Maushold-Family-Of-Four,Maushold-Family-Of-Four,0,1
Simisage,Type-Null,Type-Null,0,2
Durant,Dewgong,Dewgong,0,2
Zoroark,Nidoking,Zoroark,1,2
Rowlet,Fidough,Fidough,0,2
Poochyena,Mamoswine,Mamoswine,0,1
Boltund,Vanillite,Boltund,1,1
Iron-Jugulis,Tropius,Iron-Jugulis,1,2
Linoone,Ekans,Linoone,1,1
Boltund,Spheal,Boltund,1,1
Swalot,Stoutland,Stoutland,0,3
Accelgor,Lugia,Lugia,0,1
Simipour,Lillipup,Simipour,1,1
Torterra,Igglybuff,Torterra,1,1
Caterpie,Porygon,Porygon,0,1
Drizzile,Delcatty,Drizzile,1,2
Vanillish,Zapdos,Zapdos,0,2
Finizen,Ludicolo,Ludicolo,0,1
Tapu-Lele,Chandelure,Tapu-Lele,1,2
Manectric,Tangela,Manectric,1,1
Kadabra,Iron-Jugulis,Iron-Jugulis,0,1
Granbull,Tympole,Granbull,1,1
Weepinbell,Salazzle,Salazzle,0,1
Greavard,Mareanie,Greavard,1,2
Illumise,Joltik,Illumise,1,3
Keldeo-Ordinary,Gossifleur,Keldeo-Ordinary,1,1
Shinx,Armaldo,Armaldo,0,1
Lickilicky,Impidimp,Lickilicky,1,1
Delcatty,Swirlix,Delcatty,1,3
Larvesta,Tirtouga,Tirtouga,0,1
Dipplin,Duraludon,Duraludon,0,1
Linoone,Magnezone,Magnezone,0,2
Dratini,Revavroom,Revavroom,0,1
Trumbeak,Azumarill,Azumarill,0,2
Roggenrola,Golem,Golem,0,1
Venusaur,Goodra,Goodra,0,3
Magby,Sobble,Sobble,0,1
Arbok,Patrat,Arbok,1,1
Braixen,Terrakion,Terrakion,0,1
Liepard,Meditite,Liepard,1,1
Mismagius,Kommo-O,Mismagius,1,3
Gloom,Skeledirge,Skeledirge,0,1
Camerupt,Clawitzer,Clawitzer,0,1
Glastrier,Ambipom,Glastrier,1,2
Sewaddle,Oddish,Sewaddle,1,2
Iron-Treads,Grimer,Iron-Treads,1,1
Miltank,Aipom,Miltank,1,2
Azurill,Guzzlord,Guzzlord,0,2
Victini,Kyogre,Kyogre,0,2
Ninetales,Reshiram,Reshiram,0,2
Seadra,Gardevoir,Gardevoir,0,1
Jellicent-Male,Necrozma,Necrozma,0,4
Lycanroc-Midday,Probopass,Probopass,0,2
Nymble,Weedle,Weedle,0,2
Thwackey,Phione,Phione,0,2
Pidgeotto,Tyranitar,Tyranitar,0,1
Solrock,Starmie,Starmie,0,2
Shieldon,Mabosstiff,Mabosstiff,0,2
Naganadel,Seel,Naganadel,1,2
Iron-Leaves,Elgyem,Iron-Leaves,1,2
Solosis,Deerling,Solosis,1,1
Tyranitar,Kartana,Tyranitar,1,1
Ducklett,Espurr,Espurr,0,2
Okidogi,Lickitung,Okidogi,1,2
Hydreigon,Runerigus,Hydreigon,1,1
Gulpin,Cursola,Cursola,0,2
Cranidos,Blastoise,Blastoise,0,1
Sudowoodo,Runerigus,Runerigus,0,2
Meganium,Mismagius,Mismagius,0,3
Tinkatuff,Rhydon,Rhydon,0,1
Cinderace,Kubfu,Cinderace,1,2
Azelf,Bidoof,Azelf,1,1
Mabosstiff,Thwackey,Mabosstiff,1,2
Clodsire,Greavard,Clodsire,1,2
Vikavolt,Drakloak,Vikavolt,1,1
Dudunsparce-Two-Segment,Bronzor,Dudunsparce-Two-Segment,1,4
Groudon,Drilbur,Groudon,1,1
Spinda,Snover,Spinda,1,2
Panpour,Bulbasaur,Bulbasaur,0,1
Minccino,Klinklang,Klinklang,0,1
Zapdos,Aggron,Zapdos,1,2
Hawlucha,Swampert,Swampert,0,2
Croagunk,Torchic,Croagunk,1,2
Drakloak,Electrike,Drakloak,1,1
Lucario,Buizel,Lucario,1,1
Weepinbell,Sobble,Weepinbell,1,1
Meowscarada,Wartortle,Meowscarada,1,2
Pawniard,Wingull,Pawniard,1,1
Axew,Weezing,Weezing,0,1
Eternatus,Glimmora,Eternatus,1,2
Arctozolt,Trapinch,Arctozolt,1,1
Monferno,Pikipek,Monferno,1,1
Throh,Sandaconda,Sandaconda,0,4
Croconaw,Swoobat,Croconaw,1,2
Drifblim,Whismur,Drifblim,1,1
Gabite,Mightyena,Mightyena,0,1
Steelix,Cascoon,Steelix,1,2
Heracross,Pangoro,Heracross,1,2
Regidrago,Zangoose,Regidrago,1,2
Cacnea,Aurorus,Aurorus,0,1
Koraidon,Ditto,Koraidon,1,1
Linoone,Cherubi,Linoone,1,2
Pheromosa,Exeggcute,Pheromosa,1,1
Roggenrola,Salazzle,Salazzle,0,1
Maractus,Marshadow,Marshadow,0,2
Empoleon,Snivy,Empoleon,1,1
Wormadam-Plant,Melmetal,Melmetal,0,2
Hatterene,Fletchling,Hatterene,1,1
Garbodor,Espurr,Garbodor,1,2
Forretress,Shuppet,Forretress,1,1
Lechonk,Clauncher,Clauncher,0,2
Kommo-O,Dartrix,Kommo-O,1,1
Gigalith,Mienshao,Mienshao,0,2
Mothim,Wormadam-Plant,Mothim,1,1
Clefairy,Froslass,Froslass,0,2
Gengar,Fraxure,Gengar,1,1
Silicobra,Electabuzz,Electabuzz,0,1
Voltorb,Mantyke,Voltorb,1,1
Aerodactyl,Bronzor,Aerodactyl,1,4
Delibird,Honchkrow,Honchkrow,0,1
Dewgong,Capsakid,Dewgong,1,1
Miraidon,Cubchoo,Miraidon,1,1
Diggersby,Raging-Bolt,Raging-Bolt,0,2
Vigoroth,Drakloak,Vigoroth,1,2
Litten,Slakoth,Litten,1,2
Murkrow,Basculegion-Male,Basculegion-Male,0,1
Mudbray,Porygon2,Porygon2,0,2
Wormadam-Plant,Wartortle,Wormadam-Plant,1,2
Archeops,Slugma,Archeops,1,1
Skorupi,Lileep,Skorupi,1,2
Whiscash,Kilowattrel,Whiscash,1,2
Salamence,Bonsly,Salamence,1,1
Bounsweet,Jumpluff,Jumpluff,0,1
Sudowoodo,Wiglett,Sudowoodo,1,1
Oricorio-Baile,Tyrantrum,Tyrantrum,0,1
Grimmsnarl,Volbeat,Grimmsnarl,1,3
Horsea,Geodude,Horsea,1,1
Meloetta-Aria,Scraggy,Meloetta-Aria,1,2
Lechonk,Fletchinder,Fletchinder,0,2
Magneton,Dachsbun,Magneton,1,2
Necrozma,Claydol,Necrozma,1,2
Sharpedo,Clefairy,Clefairy,0,1
Remoraid,Luvdisc,Luvdisc,0,3
Nihilego,Wobbuffet,Nihilego,1,6
Golurk,Squawkabilly-Green-Plumage,Squawkabilly-Green-Plumage,0,3
Clawitzer,Torracat,Clawitzer,1,1
Steelix,Milotic,Milotic,0,1
Dunsparce,Fletchinder,Dunsparce,1,2
Clodsire,Finneon,Clodsire,1,2
Cobalion,Lapras,Cobalion,1,3
Crocalor,Stantler,Stantler,0,3
Shedinja,Probopass,Probopass,0,1
Stonjourner,Ferrothorn,Ferrothorn,0,1
Gallade,Runerigus,Runerigus,0,1
Dreepy,Riolu,Riolu,0,1
Buneary,Entei,Entei,0,2
Kleavor,Rotom,Rotom,0,2
Honedge,Morelull,Honedge,1,1
Tangrowth,Absol,Absol,0,2
Herdier,Dragapult,Dragapult,0,2
Blitzle,Celesteela,Celesteela,0,1
Swanna,Crobat,Crobat,0,3
Yanma,Gossifleur,Yanma,1,1
Karrablast,Girafarig,Girafarig,0,1
Kingambit,Lunala,Kingambit,1,3
Eldegoss,Frillish-Male,Eldegoss,1,2
Avalugg,Poliwhirl,Avalugg,1,3
Feraligatr,Charmander,Feraligatr,1,1
Arceus,Zorua,Arceus,1,1
Zigzagoon,Nuzleaf,Nuzleaf,0,2
Spectrier,Milcery,Spectrier,1,2
Dragonair,Florges,Florges,0,1
Pupitar,Yamask,Pupitar,1,2
Crabrawler,Eternatus,Eternatus,0,1
Lickitung,Mantine,Mantine,0,4
Wyrdeer,Palossand,Wyrdeer,1,2
Talonflame,Charizard,Talonflame,1,3
Inteleon,Brute-Bonnet,Brute-Bonnet,0,2
Crabominable,Archen,Crabominable,1,1
Klink,Budew,Klink,1,1
Tadbulb,Espathra,Espathra,0,1
Pidgeotto,Jellicent-Male,Jellicent-Male,0,2
Passimian,Hitmonlee,Passimian,1,1
Togetic,Virizion,Virizion,0,2
Shuckle,Nidoqueen,Nidoqueen,0,2
Runerigus,Accelgor,Accelgor,0,2
Morpeko-Full-Belly,Budew,Morpeko-Full-Belly,1,1
Sewaddle,Gorebyss,Gorebyss,0,1
Koffing,Registeel,Registeel,0,2
Jigglypuff,Flabebe,Flabebe,0,2
Great-Tusk,Golem,Great-Tusk,1,2
Falinks,Simisage,Simisage,0,2
Probopass,Cascoon,Probopass,1,1
Slakoth,Primeape,Primeape,0,1
Onix,Cyndaquil,Onix,1,1
Mismagius,Mantyke,Mismagius,1,2
Happiny,Spoink,Spoink,0,2
Latios,Skwovet,Latios,1,1
Morpeko-Full-Belly,Metapod,Morpeko-Full-Belly,1,1
Starly,Lilligant,Lilligant,0,1
Pikipek,Herdier,Herdier,0,1
Serperior,Archeops,Serperior,1,2
Jumpluff,Inkay,Jumpluff,1,2
Gholdengo,Guzzlord,Guzzlord,0,2
Glimmet,Salandit,Glimmet,1,2
Zeraora,Eternatus,Eternatus,0,2
Heliolisk,Simisage,Heliolisk,1,2
Scizor,Helioptile,Scizor,1,1
Hattrem,Shinx,Hattrem,1,1
Maractus,Bronzor,Maractus,1,4
Croconaw,Centiskorch,Centiskorch,0,2
Shinx,Bramblin,Bramblin,0,1
Buneary,Greavard,Greavard,0,3
Slakoth,Lunala,Lunala,0,1
Celebi,Deerling,Celebi,1,1
Sprigatito,Scorbunny,Scorbunny,0,1
Lunatone,Xurkitree,Xurkitree,0,2
Shelmet,Arbok,Arbok,0,2
Toxel,Tapu-Koko,Tapu-Koko,0,1
Applin,Maushold-Family-Of-Four,Maushold-Family-Of-Four,0,1
Abomasnow,Lucario,Lucario,0,2
Primeape,Porygon2,Primeape,1,2
Rhyperior,Gallade,Rhyperior,1,2
Dunsparce,Solosis,Dunsparce,1,1
Whirlipede,Bellossom,Bellossom,0,3
Lanturn,Meowth,Lanturn,1,1
Slowbro,Electrike,Slowbro,1,1
Entei,Thievul,Entei,1,3
Pangoro,Mienshao,Mienshao,0,2
Umbreon,Iron-Thorns,Iron-Thorns,0,4
Zweilous,Nidoking,Nidoking,0,2
Ampharos,Jellicent-Male,Ampharos,1,2
Bronzong,Regieleki,Bronzong,1,2
Noctowl,Ponyta,Noctowl,1,3
Quilava,Giratina-Altered,Giratina-Altered,0,2
Porygon,Chewtle,Porygon,1,2
Charmeleon,Shroomish,Charmeleon,1,1
Vaporeon,Espathra,Vaporeon,1,3
Salandit,Slugma,Salandit,1,2
Mudbray,Wishiwashi-Solo,Mudbray,1,1
Regice,Nymble,Regice,1,1
Thievul,Seedot,Thievul,1,1
Audino,Kommo-O,Kommo-O,0,2
Finneon,Metapod,Finneon,1,1
Perrserker,Relicanth,Relicanth,0,4
Slaking,Pidgey,Slaking,1,1
Houndour,Ho-Oh,Ho-Oh,0,1
Leafeon,Whismur,Leafeon,1,1
Vanillite,Sandshrew,Vanillite,1,1
Empoleon,Yungoos,Empoleon,1,1
Venusaur,Scraggy,Venusaur,1,2
Snubbull,Hitmontop,Hitmontop,0,2
Meowscarada,Nosepass,Meowscarada,1,1
Pidgey,Regidrago,Regidrago,0,1
Charjabug,Ting-Lu,Ting-Lu,0,2
Mewtwo,Venomoth,Mewtwo,1,1
Pangoro,Serperior,Pangoro,1,3
Linoone,Graveler,Linoone,1,2
Gouging-Fire,Meowth,Gouging-Fire,1,1
Hitmontop,Nosepass,Hitmontop,1,1
Skeledirge,Simisear,Skeledirge,1,3
Oddish,Zorua,Oddish,1,1
Arctozolt,Electrode,Arctozolt,1,3
Bounsweet,Crocalor,Crocalor,0,1
Crocalor,Toxtricity-Amped,Toxtricity-Amped,0,2
Skorupi,Golbat,Golbat,0,1
Flygon,Cinderace,Cinderace,0,2
Rattata,Duosion,Duosion,0,1
Bronzor,Stunfisk,Stunfisk,0,2
Lillipup,Sobble,Sobble,0,2
Tropius,Iron-Boulder,Iron-Boulder,0,2
Toxicroak,Makuhita,Toxicroak,1,1
Gumshoos,Shelgon,Gumshoos,1,2
Slakoth,Urshifu-Single-Strike,Urshifu-Single-Strike,0,1
Politoed,Floragato,Politoed,1,2
Spheal,Suicune,Suicune,0,3
Machamp,Spiritomb,Spiritomb,0,4
Baxcalibur,Igglybuff,Baxcalibur,1,1
Regirock,Sylveon,Sylveon,0,3
Charizard,Pawmi,Charizard,1,1
Tangrowth,Bulbasaur,Tangrowth,1,1
Garchomp,Ralts,Garchomp,1,1
Wiglett,Rabsca,Rabsca,0,1
Alomomola,Overqwil,Overqwil,0,5
Hattrem,Omanyte,Hattrem,1,1
Xatu,Greninja,Greninja,0,1
Scyther,Wailmer,Scyther,1,2
Annihilape,Indeedee-Male,Indeedee-Male,0,2
Surskit,Turtonator,Turtonator,0,1
Toxtricity-Amped,Drapion,Toxtricity-Amped,1,2
Dolliv,Skrelp,Skrelp,0,1
Lairon,Pignite,Pignite,0,1
Glastrier,Goodra,Glastrier,1,3
Archaludon,Arrokuda,Archaludon,1,1
Glameow,Breloom,Breloom,0,1
Pheromosa,Decidueye,Decidueye,0,1
Drapion,Shiinotic,Drapion,1,1
Cinccino,Meloetta-Aria,Meloetta-Aria,0,2
Solgaleo,Bombirdier,Solgaleo,1,2
Foongus,Fomantis,Foongus,1,1
Butterfree,Barraskewda,Barraskewda,0,2
Rhydon,Cursola,Rhydon,1,1
Walking-Wake,Gorebyss,Walking-Wake,1,2
Krokorok,Masquerain,Masquerain,0,1
Bounsweet,Blastoise,Blastoise,0,1
Dipplin,Bramblin,Dipplin,1,1
Weedle,Karrablast,Karrablast,0,1
Klawf,Kirlia,Klawf,1,1
Hitmonchan,Wattrel,Hitmonchan,1,1
Shiftry,Sunflora,Sunflora,0,2
Wailmer,Kangaskhan,Kangaskhan,0,2
Quaxly,Pikachu,Pikachu,0,2
Bastiodon,Blastoise,Blastoise,0,2
Klink,Basculin-Red-Striped,Basculin-Red-Striped,0,2
Maushold-Family-Of-Four,Dhelmise,Maushold-Family-Of-Four,1,3
Pidove,Sawsbuck,Sawsbuck,0,1
Diglett,Stufful,Stufful,0,1
Jirachi,Nosepass,Jirachi,1,1
Chatot,Wimpod,Chatot,1,1
Ivysaur,Croconaw,Ivysaur,1,2
Scyther,Voltorb,Scyther,1,1
Geodude,Sawsbuck,Sawsbuck,0,1
Dwebble,Servine,Servine,0,2
Scizor,Cofagrigus,Scizor,1,3
Duosion,Tarountula,Duosion,1,1
Throh,Geodude,Throh,1,1
Toedscool,Qwilfish,Qwilfish,0,1
Floatzel,Iron-Bundle,Iron-Bundle,0,3
Cosmoem,Wyrdeer,Wyrdeer,0,2
Greninja,Growlithe,Greninja,1,1
Torterra,Roggenrola,Torterra,1,1
Sirfetchd,Florges,Florges,0,1
Mareanie,Darkrai,Darkrai,0,1
Zangoose,Reuniclus,Reuniclus,0,2
Espurr,Lilligant,Lilligant,0,2
Plusle,Aurorus,Aurorus,0,2
Genesect,Snorlax,Genesect,1,4
Cyclizar,Blaziken,Blaziken,0,1
Snover,Crawdaunt,Crawdaunt,0,2
Klang,Vigoroth,Klang,1,4
Gabite,Hitmonchan,Gabite,1,2
Eiscue-Ice,Pupitar,Eiscue-Ice,1,2
Dottler,Naclstack,Naclstack,0,2
Scolipede,Nidorino,Scolipede,1,3
Bastiodon,Beldum,Bastiodon,1,5
Shellder,Aerodactyl,Aerodactyl,0,2
Lopunny,Palpitoad,Lopunny,1,3
Groudon,Piloswine,Groudon,1,3
Shaymin-Land,Wailmer,Shaymin-Land,1,1
Okidogi,Shroomish,Okidogi,1,1
Ninjask,Larvesta,Ninjask,1,1
Corphish,Raging-Bolt,Raging-Bolt,0,1
Victreebel,Nincada,Victreebel,1,1
Golurk,Silvally,Silvally,0,3
Budew,Mesprit,Mesprit,0,1
Garchomp,Jangmo-O,Garchomp,1,1
Sandshrew,Azumarill,Azumarill,0,1
Lickitung,Mesprit,Mesprit,0,3
Zoroark,Eevee,Zoroark,1,2
Throh,Drapion,Throh,1,3
Porygon,Noivern,Noivern,0,2
Wartortle,Bergmite,Wartortle,1,2
Skuntank,Oshawott,Skuntank,1,2
Wooper,Combusken,Combusken,0,1
Dusknoir,Houndstone,Houndstone,0,2
Farigiraf,Wobbuffet,Farigiraf,1,5
Grumpig,Regirock,Regirock,0,2
Togetic,Grookey,Togetic,1,1
Ivysaur,Klawf,Ivysaur,1,1
Slugma,Wingull,Wingull,0,1
Minun,Zamazenta,Zamazenta,0,2
Dugtrio,Chespin,Chespin,0,1
Combusken,Sneasler,Sneasler,0,2
Shroomish,Rowlet,Rowlet,0,2
Cufant,Magnemite,Magnemite,0,2
Bagon,Oinkologne-Male,Oinkologne-Male,0,1
Toedscruel,Exeggcute,Toedscruel,1,1
Kricketune,Vulpix,Vulpix,0,2
Geodude,Dipplin,Dipplin,0,1
Corviknight,Goodra,Corviknight,1,3
Kricketot,Zubat,Zubat,0,1
Cosmog,Milcery,Milcery,0,2
Flabebe,Okidogi,Okidogi,0,1
Trubbish,Bisharp,Bisharp,0,1
Boltund,Fezandipiti,Fezandipiti,0,2
Unfezant,Espurr,Unfezant,1,2
Roserade,Lilligant,Lilligant,0,2
Copperajah,Trapinch,Copperajah,1,1
Poipole,Beartic,Beartic,0,2
Galvantula,Emboar,Emboar,0,1
Lucario,Simipour,Lucario,1,2
Bouffalant,Braixen,Bouffalant,1,2
Marowak,Tadbulb,Marowak,1,1
Kricketune,Gengar,Gengar,0,2
Phantump,Caterpie,Phantump,1,1
Hoopa,Mantine,Hoopa,1,3
Capsakid,Venipede,Venipede,0,1
Snover,Koraidon,Koraidon,0,1
Furret,Dunsparce,Furret,1,4
Marowak,Lycanroc-Midday,Marowak,1,2
Duraludon,Doduo,Duraludon,1,1
Probopass,Scatterbug,Probopass,1,1
Pawniard,Sliggoo,Sliggoo,0,2
Greavard,Kyogre,Kyogre,0,1
Herdier,Sprigatito,Herdier,1,2
Crawdaunt,Snom,Crawdaunt,1,1
Arcanine,Swoobat,Arcanine,1,2
Uxie,Pichu,Uxie,1,1
Azelf,Barbaracle,Azelf,1,2
Whismur,Blaziken,Blaziken,0,1
Magmortar,Forretress,Magmortar,1,1
Leafeon,Slowpoke,Leafeon,1,2
Serperior,Rookidee,Serperior,1,1
Wynaut,Giratina-Altered,Giratina-Altered,0,1
Bewear,Enamorus-Incarnate,Enamorus-Incarnate,0,2
Excadrill,Staraptor,Excadrill,1,2
Igglybuff,Slowpoke,Slowpoke,0,2
Nidorino,Boltund,Boltund,0,2
Tyrunt,Ditto,Ditto,0,2
Weezing,Chien-Pao,Chien-Pao,0,3
Stantler,Mankey,Stantler,1,1
Gimmighoul,Venusaur,Venusaur,0,2
Horsea,Unfezant,Unfezant,0,1
Sealeo,Weedle,Sealeo,1,1
Sinistcha,Victreebel,Victreebel,0,2
Dachsbun,Scorbunny,Dachsbun,1,2
Kilowattrel,Avalugg,Kilowattrel,1,2
Cyndaquil,Pignite,Pignite,0,1
Reshiram,Dunsparce,Reshiram,1,2
Anorith,Oricorio-Baile,Oricorio-Baile,0,1
Luxio,Totodile,Luxio,1,1
Appletun,Finneon,Appletun,1,1
Natu,Farigiraf,Farigiraf,0,1
Braviary,Frigibax,Braviary,1,2
Cubone,Greavard,Cubone,1,3
Wattrel,Kakuna,Wattrel,1,1
Ledyba,Venipede,Venipede,0,2
Helioptile,Kartana,Kartana,0,1
Raging-Bolt,Sentret,Raging-Bolt,1,1
Elekid,Pecharunt,Pecharunt,0,1
Rookidee,Magcargo,Magcargo,0,1
Sneasler,Hippopotas,Sneasler,1,2
Emolga,Drowzee,Emolga,1,2
Kabutops,Mienfoo,Kabutops,1,2
Skarmory,Dratini,Skarmory,1,1
Fraxure,Tropius,Tropius,0,2
Clobbopus,Seismitoad,Seismitoad,0,2
Iron-Treads,Vileplume,Iron-Treads,1,3
Furret,Goodra,Goodra,0,2
Sandy-Shocks,Seaking,Sandy-Shocks,1,2
Azurill,Yanma,Yanma,0,2
Stantler,Lechonk,Stantler,1,1
Weezing,Great-Tusk,Great-Tusk,0,2
Tatsugiri-Curly,Vanilluxe,Tatsugiri-Curly,1,3
Hatenna,Brionne,Brionne,0,1
Snubbull,Raticate,Raticate,0,2
Pignite,Wooper,Pignite,1,2
Walrein,Toxtricity-Amped,Toxtricity-Amped,0,2
Chingling,Weezing,Weezing,0,2
Totodile,Frosmoth,Frosmoth,0,2
Bidoof,Cursola,Cursola,0,1
Pangoro,Lilligant,Pangoro,1,2
Beheeyem,Bounsweet,Beheeyem,1,1
Perrserker,Mesprit,Perrserker,1,3
Hawlucha,Ursaring,Hawlucha,1,2
Unfezant,Dipplin,Unfezant,1,2
Ponyta,Lugia,Lugia,0,2
Simipour,Chesnaught,Simipour,1,2
Greedent,Clauncher,Greedent,1,2
Wingull,Garbodor,Garbodor,0,1
Snorunt,Piloswine,Piloswine,0,1
Pancham,Sunkern,Pancham,1,1
Gastrodon,Spiritomb,Gastrodon,1,3
Bouffalant,Ludicolo,Bouffalant,1,2
Glaceon,Magmar,Magmar,0,2
Forretress,Hydreigon,Hydreigon,0,2
Kadabra,Camerupt,Camerupt,0,1
Heatmor,Kleavor,Kleavor,0,1
Blissey,Frosmoth,Frosmoth,0,2
Okidogi,Hoopa,Hoopa,0,1
Tinkatuff,Slowbro,Slowbro,0,3
Zapdos,Mankey,Zapdos,1,1
Petilil,Shelgon,Shelgon,0,2
Dragapult,Milcery,Dragapult,1,1
Rotom,Gallade,Rotom,1,2
Nidoking,Mamoswine,Mamoswine,0,1
Lairon,Eelektrik,Lairon,1,2
Gliscor,Cresselia,Cresselia,0,2
Kubfu,Cutiefly,Cutiefly,0,2
Furfrou,Goomy,Furfrou,1,1
Vileplume,Bergmite,Vileplume,1,1
Oranguru,Crustle,Crustle,0,2
Sirfetchd,Swanna,Swanna,0,2
Wormadam-Plant,Caterpie,Wormadam-Plant,1,1
Naclstack,Skuntank,Skuntank,0,3
Nidoking,Rolycoly,Nidoking,1,1
Paras,Zacian,Zacian,0,1
Basculegion-Male,Crobat,Basculegion-Male,1,3
Pyroar-Male,Bulbasaur,Pyroar-Male,1,1
Mr-Rime,Zubat,Mr-Rime,1,1
Tympole,Bagon,Tympole,1,1
Lurantis,Kubfu,Lurantis,1,2
Carkol,Rolycoly,Carkol,1,1
Iron-Jugulis,Carbink,Carbink,0,3
Torchic,Shelmet,Torchic,1,1
Arceus,Talonflame,Arceus,1,2
Silicobra,Pansage,Pansage,0,1
Drednaw,Hitmonchan,Hitmonchan,0,2
Nincada,Kleavor,Kleavor,0,1
Buneary,Charmander,Buneary,1,2
Zygarde-50,Pyukumuku,Zygarde-50,1,3
Drilbur,Orbeetle,Orbeetle,0,1
Oshawott,Dusknoir,Dusknoir,0,2
Krabby,Nymble,Krabby,1,1
Stunfisk,Gothita,Stunfisk,1,2
Thundurus-Incarnate,Dodrio,Thundurus-Incarnate,1,1
Wo-Chien,Fezandipiti,Fezandipiti,0,2
Deerling,Slurpuff,Slurpuff,0,2
Shaymin-Land,Veluza,Shaymin-Land,1,2
Perrserker,Tinkatink,Perrserker,1,1
Ampharos,Quilava,Ampharos,1,2
Drowzee,Garbodor,Garbodor,0,2
Sewaddle,Goomy,Sewaddle,1,2
Bastiodon,Beautifly,Bastiodon,1,1
Sandslash,Golem,Sandslash,1,2
Oricorio-Baile,Cursola,Oricorio-Baile,1,2
Ledyba,Xatu,Xatu,0,1
Chatot,Spidops,Chatot,1,2
Rolycoly,Baxcalibur,Baxcalibur,0,1
Silicobra,Skwovet,Silicobra,1,3
Golisopod,Clefairy,Golisopod,1,2
Latios,Ogerpon,Latios,1,2
Chimecho,Sharpedo,Sharpedo,0,2
Mandibuzz,Tandemaus,Mandibuzz,1,2
Tympole,Naclstack,Tympole,1,2
Corphish,Lickilicky,Lickilicky,0,2
Chewtle,Toxel,Toxel,0,1
Buizel,Sudowoodo,Sudowoodo,0,1
Pidgeot,Nincada,Pidgeot,1,1
Hattrem,Chesnaught,Hattrem,1,2
Chien-Pao,Skiddo,Chien-Pao,1,1
Golett,Quilava,Golett,1,1
Crabominable,Skarmory,Skarmory,0,2
Cobalion,Skiploom,Cobalion,1,1
Tangela,Kricketune,Kricketune,0,2
Duskull,Terrakion,Terrakion,0,1
Salazzle,Toedscruel,Toedscruel,0,1
Snubbull,Dusclops,Dusclops,0,2
Pansage,Pichu,Pansage,1,1
Rhyhorn,Magikarp,Rhyhorn,1,1
Fearow,Pawmo,Fearow,1,2
Druddigon,Tornadus-Incarnate,Tornadus-Incarnate,0,2
Golett,Larvitar,Golett,1,1
Nincada,Chewtle,Chewtle,0,1
Aurorus,Volbeat,Aurorus,1,2
Kommo-O,Drampa,Kommo-O,1,2
Ludicolo,Trapinch,Ludicolo,1,1
Gossifleur,Nincada,Gossifleur,1,1
Iron-Crown,Brionne,Iron-Crown,1,2
Abra,Staravia,Abra,1,1
Natu,Wartortle,Wartortle,0,1
Volcanion,Walking-Wake,Walking-Wake,0,3
Dipplin,Linoone,Linoone,0,2
Gastly,Honedge,Honedge,0,1
Sableye,Skwovet,Sableye,1,2
Hatterene,Gumshoos,Gumshoos,0,2
Seel,Venonat,Venonat,0,3
Torracat,Duraludon,Torracat,1,2
Bergmite,Snom,Bergmite,1,1
Giratina-Altered,Chikorita,Giratina-Altered,1,1
Zigzagoon,Surskit,Surskit,0,2
Cinccino,Slither-Wing,Slither-Wing,0,1
Noctowl,Nidoran-M,Noctowl,1,2
Fletchling,Patrat,Fletchling,1,2
Krabby,Oricorio-Baile,Oricorio-Baile,0,1
Gumshoos,Sunkern,Gumshoos,1,1
Horsea,Honedge,Horsea,1,1
Dipplin,Pidgeotto,Dipplin,1,1
Toxel,Doublade,Doublade,0,1
Latios,Grumpig,Latios,1,3
Eiscue-Ice,Fraxure,Eiscue-Ice,1,2
Hippopotas,Kingambit,Kingambit,0,2
Bastiodon,Spinarak,Bastiodon,1,1
Furfrou,Spoink,Furfrou,1,2
Ditto,Ferroseed,Ferroseed,0,2
Blissey,Iron-Leaves,Iron-Leaves,0,2
Zarude,Volcarona,Volcarona,0,2
Ambipom,Diancie,Diancie,0,2
Cetoddle,Carvanha,Cetoddle,1,1
Chatot,Bouffalant,Bouffalant,0,2
Electrode,Chinchou,Electrode,1,3
Servine,Golisopod,Golisopod,0,1
Heracross,Trevenant,Heracross,1,3
Orbeetle,Surskit,Orbeetle,1,2
Magikarp,Swinub,Swinub,0,1
Carkol,Skeledirge,Skeledirge,0,4
Zubat,Hydrapple,Hydrapple,0,1
Grumpig,Lunala,Lunala,0,1
Bewear,Cinderace,Bewear,1,2
Goomy,Crobat,Crobat,0,1
Forretress,Eevee,Forretress,1,2
Barboach,Heliolisk,Heliolisk,0,2
Barbaracle,Cetitan,Cetitan,0,3
Glameow,Rufflet,Rufflet,0,1
Snubbull,Barbaracle,Barbaracle,0,2
Rhyhorn,Baxcalibur,Baxcalibur,0,1
Phanpy,Trevenant,Trevenant,0,2
Munna,Brambleghast,Brambleghast,0,1
Sawk,Arceus,Arceus,0,2
Wiglett,Pecharunt,Pecharunt,0,1
Gholdengo,Deino,Gholdengo,1,1
Wimpod,Tinkatuff,Tinkatuff,0,1
Araquanid,Comfey,Comfey,0,4
Throh,Miltank,Throh,1,2
Ninetales,Rellor,Ninetales,1,1
Skeledirge,Umbreon,Umbreon,0,3
Gabite,Iron-Crown,Iron-Crown,0,1
Golem,Treecko,Treecko,0,1
Gligar,Wigglytuff,Wigglytuff,0,1
Magnemite,Sneasel,Sneasel,0,1
Krookodile,Bellsprout,Krookodile,1,1
Tornadus-Incarnate,Reshiram,Reshiram,0,2
Alcremie,Quaxly,Alcremie,1,1
Cufant,Arctibax,Arctibax,0,2
Squawkabilly-Green-Plumage,Zigzagoon,Squawkabilly-Green-Plumage,1,1
Togepi,Bonsly,Bonsly,0,2
Hydreigon,Solrock,Hydreigon,1,1
Drakloak,Eldegoss,Eldegoss,0,2
Lilligant,Paras,Lilligant,1,1
Ekans,Hitmonlee,Hitmonlee,0,1
Wishiwashi-Solo,Regidrago,Regidrago,0,1
Meowth,Tropius,Tropius,0,1
Regigigas,Varoom,Regigigas,1,2
Necrozma,Copperajah,Copperajah,0,3
Corsola,Chien-Pao,Chien-Pao,0,2
Fennekin,Maushold-Family-Of-Four,Maushold-Family-Of-Four,0,1
Tsareena,Happiny,Tsareena,1,1
Emolga,Typhlosion,Typhlosion,0,1
Dedenne,Togepi,Dedenne,1,2
Dunsparce,Gabite,Dunsparce,1,1
Forretress,Cinccino,Forretress,1,2
Roserade,Tepig,Roserade,1,2
Arbok,Kricketot,Arbok,1,1
Ferroseed,Wiglett,Ferroseed,1,1
Iron-Treads,Urshifu-Single-Strike,Urshifu-Single-Strike,0,2
Jolteon,Grapploct,Grapploct,0,2
Qwilfish,Guzzlord,Guzzlord,0,2
Gigalith,Dracozolt,Gigalith,1,3
Machamp,Arctibax,Machamp,1,1
Smeargle,Pawmot,Pawmot,0,1
Passimian,Forretress,Passimian,1,4
Kecleon,Corviknight,Corviknight,0,2
Naclstack,Araquanid,Araquanid,0,2
Mamoswine,Fraxure,Mamoswine,1,1
Blastoise,Rolycoly,Blastoise,1,1
Cleffa,Great-Tusk,Great-Tusk,0,1
Munchlax,Klefki,Klefki,0,3
Slither-Wing,Pikachu,Slither-Wing,1,1
Forretress,Iron-Leaves,Forretress,1,1
Machoke,Phantump,Machoke,1,2
Hakamo-O,Caterpie,Hakamo-O,1,1
Gallade,Frogadier,Gallade,1,1
Dolliv,Nickit,Dolliv,1,1
Pheromosa,Gothita,Pheromosa,1,1
Nacli,Froslass,Froslass,0,1
Heatran,Gastly,Heatran,1,1
Maushold-Family-Of-Four,Aromatisse,Aromatisse,0,3
Wyrdeer,Garchomp,Wyrdeer,1,2
Vikavolt,Cubchoo,Vikavolt,1,1
Piloswine,Marowak,Piloswine,1,2
Hattrem,Sylveon,Sylveon,0,2
Clauncher,Basculin-Red-Striped,Basculin-Red-Striped,0,2
Noivern,Sinistea,Noivern,1,1
Salamence,Boltund,Boltund,0,2
Sneasler,Charcadet,Sneasler,1,1
Cherrim,Chewtle,Cherrim,1,1
Regirock,Crocalor,Regirock,1,2
Morgrem,Banette,Morgrem,1,2
Gallade,Empoleon,Gallade,1,2
Togedemaru,Parasect,Togedemaru,1,2
Excadrill,Tangrowth,Excadrill,1,3
Goomy,Serperior,Serperior,0,2
Barbaracle,Escavalier,Barbaracle,1,3
Volcarona,Loudred,Volcarona,1,2
Aromatisse,Poliwrath,Aromatisse,1,2
Dewgong,Yanmega,Dewgong,1,2
Pyroar-Male,Corvisquire,Pyroar-Male,1,1
Lotad,Cyclizar,Cyclizar,0,1
Archaludon,Vespiquen,Archaludon,1,2
Donphan,Greavard,Donphan,1,2
Kakuna,Varoom,Varoom,0,2
Gloom,Sableye,Gloom,1,2
Porygon,Sobble,Porygon,1,2
Espathra,Delphox,Delphox,0,3
Brute-Bonnet,Sylveon,Sylveon,0,2
Dipplin,Ninjask,Dipplin,1,1
Fearow,Frosmoth,Fearow,1,1
Quaxwell,Roselia,Roselia,0,1
Hawlucha,Pecharunt,Pecharunt,0,2
Iron-Treads,Lombre,Iron-Treads,1,2
Dartrix,Marshtomp,Dartrix,1,1
Pawmo,Wartortle,Pawmo,1,2
Scizor,Goomy,Scizor,1,1
Fletchling,Combusken,Combusken,0,1
Lanturn,Reuniclus,Reuniclus,0,4
Trevenant,Noctowl,Noctowl,0,3
Eternatus,Grafaiai,Eternatus,1,2
Pawniard,Toedscool,Pawniard,1,1
Veluza,Mantine,Veluza,1,4
Blaziken,Klinklang,Blaziken,1,1
Exeggutor,Karrablast,Exeggutor,1,1
Annihilape,Centiskorch,Annihilape,1,3
Mamoswine,Koffing,Mamoswine,1,1
Starmie,Dunsparce,Starmie,1,3
Gogoat,Perrserker,Perrserker,0,3
Braviary,Seviper,Braviary,1,2
Centiskorch,Brute-Bonnet,Centiskorch,1,2
Duraludon,Zangoose,Duraludon,1,2
Rapidash,Tangela,Rapidash,1,1
Terrakion,Accelgor,Terrakion,1,1
Vivillon,Chesnaught,Vivillon,1,2
Exploud,Magmar,Exploud,1,2
Greedent,Wigglytuff,Greedent,1,3
Wobbuffet,Toxicroak,Wobbuffet,1,2
Gliscor,Runerigus,Runerigus,0,2
Wattrel,Camerupt,Camerupt,0,1
Skwovet,Kingler,Kingler,0,2
Spewpa,Iron-Boulder,Iron-Boulder,0,1
Lickitung,Scrafty,Scrafty,0,2
Wailord,Bounsweet,Wailord,1,1
Dusknoir,Tentacruel,Tentacruel,0,3
Larvesta,Unfezant,Unfezant,0,1
Palafin-Zero,Mantine,Palafin-Zero,1,5
Mareanie,Drakloak,Drakloak,0,2
Gulpin,Chansey,Gulpin,1,2
Rufflet,Torterra,Torterra,0,2
Furret,Vanillish,Furret,1,2
Wobbuffet,Drifloon,Wobbuffet,1,4
Zygarde-50,Tentacruel,Zygarde-50,1,1
Vibrava,Bruxish,Bruxish,0,1
Wailmer,Gholdengo,Gholdengo,0,4
Arcanine,Carnivine,Arcanine,1,2
Bounsweet,Scizor,Scizor,0,1
Floatzel,Sandaconda,Floatzel,1,2
Hatenna,Pawmi,Hatenna,1,1
Gligar,Cleffa,Gligar,1,1
Mudbray,Blipbug,Mudbray,1,1
Voltorb,Wyrdeer,Wyrdeer,0,1
Xerneas,Trevenant,Xerneas,1,2
Shieldon,Pineco,Shieldon,1,2
Scream-Tail,Roselia,Scream-Tail,1,2
Greninja,Venomoth,Venomoth,0,2
Lopunny,Fezandipiti,Fezandipiti,0,3
Mr-Mime,Primeape,Mr-Mime,1,1
Mandibuzz,Lickilicky,Lickilicky,0,4
Minior-Red-Meteor,Numel,Minior-Red-Meteor,1,2
Silcoon,Abomasnow,Abomasnow,0,1
Tinkaton,Maushold-Family-Of-Four,Tinkaton,1,3
Pikachu,Skrelp,Skrelp,0,1
Tyrogue,Relicanth,Relicanth,0,1
Tynamo,Carracosta,Carracosta,0,1
Staravia,Grapploct,Grapploct,0,1
Duosion,Druddigon,Druddigon,0,2
Stakataka,Infernape,Infernape,0,2
Mantine,Alakazam,Mantine,1,3
Squawkabilly-Green-Plumage,Aipom,Squawkabilly-Green-Plumage,1,2
Kyurem,Komala,Kyurem,1,2
Chingling,Jellicent-Male,Jellicent-Male,0,1
Gothitelle,Sunkern,Gothitelle,1,1
Shuckle,Virizion,Virizion,0,2
Charmeleon,Hydreigon,Hydreigon,0,2
Lunala,Dolliv,Lunala,1,1
Bronzor,Aerodactyl,Aerodactyl,0,4
Finneon,Happiny,Finneon,1,1
Pawmo,Wartortle,Pawmo,1,2
Marill,Latios,Latios,0,2
Tandemaus,Diancie,Diancie,0,1
Chien-Pao,Scorbunny,Chien-Pao,1,1
Golduck,Dubwool,Dubwool,0,3
Capsakid,Shelmet,Shelmet,0,1
Dwebble,Munna,Dwebble,1,1
Watchog,Wooloo,Watchog,1,2
Frigibax,Carnivine,Carnivine,0,2
Scizor,Skarmory,Skarmory,0,4
Runerigus,Tarountula,Runerigus,1,1
Druddigon,Drednaw,Drednaw,0,3
Venusaur,Tangela,Venusaur,1,1
Relicanth,Tapu-Fini,Tapu-Fini,0,3
Golett,Indeedee-Male,Indeedee-Male,0,1
Minun,Kricketune,Minun,1,2
Roselia,Dudunsparce-Two-Segment,Dudunsparce-Two-Segment,0,1
Sentret,Snivy,Snivy,0,2
Dracovish,Weedle,Dracovish,1,1
Yanmega,Delphox,Delphox,0,1
Lugia,Xurkitree,Xurkitree,0,2
Mienshao,Rookidee,Mienshao,1,1
Spidops,Nidoran-M,Spidops,1,2
Giratina-Altered,Simisear,Giratina-Altered,1,2
Manectric,Cutiefly,Manectric,1,1
Chansey,Pangoro,Pangoro,0,1
Weezing,Beedrill,Weezing,1,2
Chikorita,Centiskorch,Centiskorch,0,1
Drilbur,Munna,Drilbur,1,2
Slakoth,Starly,Slakoth,1,1
Marowak,Eldegoss,Eldegoss,0,2
Flittle,Dewott,Dewott,0,1
Chespin,Impidimp,Impidimp,0,2
Appletun,Bronzong,Bronzong,0,2
Mantyke,Poliwag,Poliwag,0,3
Toedscool,Eternatus,Eternatus,0,1
Omastar,Togekiss,Togekiss,0,2
Squawkabilly-Green-Plumage,Snubbull,Squawkabilly-Green-Plumage,1,2
Barboach,Kyogre,Kyogre,0,1
Woobat,Drilbur,Woobat,1,2
Kubfu,Donphan,Donphan,0,2
Dugtrio,Frogadier,Frogadier,0,1
Avalugg,Kangaskhan,Avalugg,1,3
Cottonee,Necrozma,Necrozma,0,1
Clamperl,Scorbunny,Clamperl,1,1
Chandelure,Dragonite,Chandelure,1,1
Goodra,Ting-Lu,Ting-Lu,0,3
Skitty,Blitzle,Blitzle,0,2
Garganacl,Pikachu,Garganacl,1,1
Toedscruel,Arctovish,Toedscruel,1,2
Nidorina,Grimer,Nidorina,1,4
Cyclizar,Vespiquen,Vespiquen,0,2
Charizard,Cyclizar,Charizard,1,2
Regidrago,Vibrava,Regidrago,1,1
Mismagius,Thwackey,Mismagius,1,2
Lycanroc-Midday,Ledian,Lycanroc-Midday,1,1
Boldore,Linoone,Boldore,1,2
Diggersby,Slowpoke,Slowpoke,0,3
Smeargle,Kubfu,Kubfu,0,1
Kingdra,Clobbopus,Kingdra,1,2
Bouffalant,Rattata,Bouffalant,1,1
Musharna,Ditto,Musharna,1,1
Capsakid,Blastoise,Blastoise,0,1
Honedge,Primeape,Honedge,1,2
Wartortle,Silcoon,Wartortle,1,1
Ninetales,Boltund,Ninetales,1,2
Tsareena,Trapinch,Tsareena,1,1
Kingler,Spewpa,Kingler,1,1
Quaxly,Golurk,Golurk,0,1
Rufflet,Archaludon,Archaludon,0,1
Roserade,Wishiwashi-Solo,Roserade,1,1
Furfrou,Grumpig,Furfrou,1,3
Jigglypuff,Cresselia,Cresselia,0,2
Varoom,Blissey,Varoom,1,2
Skorupi,Lurantis,Lurantis,0,2
Dartrix,Drednaw,Drednaw,0,1
Ampharos,Swinub,Ampharos,1,1
Mantyke,Ninetales,Ninetales,0,2
Heracross,Flaaffy,Heracross,1,2
Slowbro,Octillery,Slowbro,1,3
Dragapult,Zapdos,Zapdos,0,2
Gothitelle,Necrozma,Necrozma,0,4
Drapion,Chingling,Drapion,1,1
Dartrix,Nosepass,Dartrix,1,1
Scorbunny,Sneasel,Sneasel,0,2
Pidgeot,Blastoise,Blastoise,0,2
Archeops,Tornadus-Incarnate,Archeops,1,1
Hydreigon,Trubbish,Hydreigon,1,1
Feebas,Frosmoth,Frosmoth,0,1
Probopass,Axew,Probopass,1,1
Magearna,Kadabra,Magearna,1,1
Mismagius,Pangoro,Pangoro,0,2
Wishiwashi-Solo,Zekrom,Zekrom,0,1
Archaludon,Furfrou,Archaludon,1,2
Slowbro,Chien-Pao,Chien-Pao,0,2
Rabsca,Pheromosa,Pheromosa,0,1
Starly,Meloetta-Aria,Meloetta-Aria,0,1
Riolu,Pheromosa,Pheromosa,0,1
Bunnelby,Reuniclus,Reuniclus,0,1
Tyrantrum,Beautifly,Tyrantrum,1,1
Rayquaza,Abomasnow,Rayquaza,1,1
Stakataka,Kyurem,Kyurem,0,2
Wailmer,Throh,Throh,0,2
Furfrou,Bellsprout,Furfrou,1,1
Goodra,Maushold-Family-Of-Four,Goodra,1,3
Finizen,Poipole,Poipole,0,2
Nidorina,Hatterene,Hatterene,0,1
Cradily,Meditite,Cradily,1,1
Golduck,Mareanie,Golduck,1,3
Boltund,Skuntank,Skuntank,0,2
Probopass,Kirlia,Probopass,1,1
Pinsir,Sawk,Pinsir,1,3
Alcremie,Clefable,Alcremie,1,4
Piloswine,Banette,Piloswine,1,2
Smeargle,Kommo-O,Kommo-O,0,1
Giratina-Altered,Porygon-Z,Giratina-Altered,1,3
Spinda,Duskull,Spinda,1,2
Skeledirge,Cinccino,Skeledirge,1,2
Crawdaunt,Azurill,Crawdaunt,1,1
Persian,Hoothoot,Persian,1,1
Koffing,Ferroseed,Ferroseed,0,3
Whirlipede,Basculegion-Male,Basculegion-Male,0,2
Rabsca,Simisear,Simisear,0,2
Sinistea,Chesnaught,Chesnaught,0,2
Arboliva,Illumise,Illumise,0,3
Woobat,Suicune,Suicune,0,1
Iron-Leaves,Bayleef,Iron-Leaves,1,3
Bouffalant,Cyclizar,Bouffalant,1,2
Throh,Nuzleaf,Throh,1,1
Darumaka,Lanturn,Lanturn,0,1
Togetic,Palpitoad,Togetic,1,2
Frigibax,Qwilfish,Qwilfish,0,2
Vanilluxe,Rhyperior,Rhyperior,0,1
Togedemaru,Smoliv,Togedemaru,1,1
Lanturn,Weezing,Lanturn,1,3
Glalie,Pikachu,Glalie,1,1
Zangoose,Glaceon,Glaceon,0,2
Glimmora,Sandile,Glimmora,1,1
Swirlix,Gliscor,Gliscor,0,2
Baltoy,Pumpkaboo-Average,Pumpkaboo-Average,0,1
Drilbur,Whiscash,Whiscash,0,1
Chingling,Sneasler,Sneasler,0,1
Dewpider,Sunkern,Dewpider,1,1
Glaceon,Crocalor,Crocalor,0,2
Type-Null,Caterpie,Type-Null,1,1
Bellossom,Tadbulb,Bellossom,1,1
Fraxure,Magearna,Magearna,0,1
Staryu,Stunky,Staryu,1,2
Whirlipede,Meowstic-Male,Meowstic-Male,0,1
Mismagius,Metang,Mismagius,1,2
Politoed,Seadra,Politoed,1,3
Whiscash,Typhlosion,Whiscash,1,2
Tirtouga,Pidgeot,Tirtouga,1,2
Shiftry,Pidgeot,Pidgeot,0,2
Snubbull,Slaking,Slaking,0,1
Palafin-Zero,Roggenrola,Palafin-Zero,1,1
Lunala,Metapod,Lunala,1,1
Shuckle,Flutter-Mane,Flutter-Mane,0,2
Bellibolt,Metagross,Bellibolt,1,3
Nacli,Grafaiai,Grafaiai,0,2
Dialga,Garbodor,Dialga,1,2
Clobbopus,Squirtle,Squirtle,0,2
Lopunny,Panpour,Lopunny,1,2
Eelektross,Farigiraf,Farigiraf,0,3
Shaymin-Land,Tauros,Shaymin-Land,1,3
Beartic,Snivy,Beartic,1,1
Miraidon,Omastar,Miraidon,1,1
Fraxure,Armarouge,Armarouge,0,1
Magikarp,Teddiursa,Teddiursa,0,1
Latios,Gholdengo,Gholdengo,0,2
Honedge,Corvisquire,Honedge,1,2
Snorunt,Helioptile,Snorunt,1,1
Dhelmise,Dragapult,Dhelmise,1,1
Scraggy,Guzzlord,Guzzlord,0,2
Emolga,Lokix,Emolga,1,2
Mabosstiff,Hoppip,Mabosstiff,1,1
Spinda,Clefairy,Spinda,1,3
Clawitzer,Kyogre,Kyogre,0,4
Magmortar,Carnivine,Magmortar,1,1
Morelull,Great-Tusk,Great-Tusk,0,2
Terapagos,Graveler,Terapagos,1,2
Brambleghast,Drapion,Drapion,0,2
Parasect,Virizion,Virizion,0,2
Flapple,Lumineon,Lumineon,0,1
Bellibolt,Slowbro,Bellibolt,1,2
Perrserker,Deerling,Perrserker,1,2
Zoroark,Leavanny,Leavanny,0,1
Clamperl,Zapdos,Zapdos,0,1
Espurr,Rowlet,Espurr,1,1
Fearow,Runerigus,Fearow,1,3
Fletchinder,Gastrodon,Gastrodon,0,1
Dewott,Poliwag,Dewott,1,2
Alcremie,Weezing,Weezing,0,2
Ambipom,Ceruledge,Ceruledge,0,3
Duraludon,Lurantis,Duraludon,1,2
Bewear,Lurantis,Bewear,1,2
Chinchou,Meowscarada,Meowscarada,0,1
Emolga,Bayleef,Emolga,1,2
Loudred,Pinsir,Pinsir,0,2
Thundurus-Incarnate,Murkrow,Thundurus-Incarnate,1,1
Aipom,Beartic,Beartic,0,1
Aggron,Scyther,Aggron,1,1
Cosmoem,Seismitoad,Seismitoad,0,3
Cradily,Vanillish,Cradily,1,1
Bastiodon,Regieleki,Regieleki,0,4
Mankey,Reuniclus,Reuniclus,0,1
Heatran,Gulpin,Heatran,1,2
Mienshao,Froslass,Froslass,0,2
Snorunt,Bramblin,Snorunt,1,1
Linoone,Smoochum,Linoone,1,1
Natu,Buizel,Buizel,0,1
Alomomola,Bouffalant,Bouffalant,0,5
Ambipom,Yanma,Ambipom,1,2
Aerodactyl,Iron-Hands,Iron-Hands,0,2
Dudunsparce-Two-Segment,Galvantula,Dudunsparce-Two-Segment,1,2
Crustle,Sewaddle,Crustle,1,1
Typhlosion,Boldore,Typhlosion,1,2
Roselia,Yungoos,Roselia,1,1
Cyndaquil,Silvally,Silvally,0,1
Kricketune,Hydrapple,Hydrapple,0,2
Ursaluna,Kadabra,Ursaluna,1,1
Shellos,Jynx,Jynx,0,2
Scorbunny,Raboot,Raboot,0,2
Iron-Leaves,Corsola,Iron-Leaves,1,1
Golduck,Munkidori,Munkidori,0,2
Abra,Dubwool,Dubwool,0,1
Empoleon,Castform,Empoleon,1,2
Nincada,Passimian,Passimian,0,1
Meloetta-Aria,Phanpy,Meloetta-Aria,1,1
Obstagoon,Diglett,Obstagoon,1,1
Barboach,Azelf,Azelf,0,1
Chien-Pao,Kricketot,Chien-Pao,1,1
Azurill,Arceus,Arceus,0,1
Silicobra,Zebstrika,Zebstrika,0,1
Sigilyph,Arctovish,Arctovish,0,2
Ceruledge,Spritzee,Ceruledge,1,2
Scizor,Houndour,Scizor,1,1
Salazzle,Kleavor,Kleavor,0,1
Togedemaru,Kabutops,Togedemaru,1,2
Quilava,Marill,Quilava,1,4
Gallade,Terapagos,Gallade,1,2
Landorus-Incarnate,Gothitelle,Gothitelle,0,2
Aipom,Toxel,Aipom,1,1
Meditite,Drapion,Drapion,0,1
Whimsicott,Mudkip,Whimsicott,1,1
Quaxly,Drifblim,Drifblim,0,2
Tandemaus,Gloom,Gloom,0,2
Machamp,Porygon2,Machamp,1,2
Simipour,Crustle,Simipour,1,2
Meowstic-Male,Malamar,Malamar,0,2
Pangoro,Tynamo,Pangoro,1,1
Litten,Urshifu-Single-Strike,Urshifu-Single-Strike,0,1
Pikachu,Kingdra,Kingdra,0,1
Porygon,Oinkologne-Male,Oinkologne-Male,0,2
Thundurus-Incarnate,Miltank,Thundurus-Incarnate,1,3
Koffing,Politoed,Politoed,0,1
Scizor,Blaziken,Blaziken,0,1
Clauncher,Nymble,Clauncher,1,1
Doduo,Darmanitan-Standard,Darmanitan-Standard,0,1
Stunfisk,Duosion,Stunfisk,1,2
Thundurus-Incarnate,Diancie,Diancie,0,2
Cyclizar,Grubbin,Cyclizar,1,1
Combusken,Buneary,Combusken,1,1
Charcadet,Orthworm,Orthworm,0,2
Wiglett,Ponyta,Ponyta,0,1
Charmeleon,Gimmighoul,Charmeleon,1,2
Ariados,Scizor,Scizor,0,2
Mienfoo,Ting-Lu,Ting-Lu,0,1
Skrelp,Registeel,Registeel,0,3
Sableye,Amaura,Amaura,0,2
Zangoose,Whiscash,Zangoose,1,3
Chatot,Crabominable,Crabominable,0,1
Nuzleaf,Remoraid,Nuzleaf,1,1
Orthworm,Raticate,Orthworm,1,2
Sinistea,Kubfu,Kubfu,0,3
Maractus,Swalot,Swalot,0,2
Bergmite,Mr-Mime,Mr-Mime,0,1
Sandile,Tyrantrum,Tyrantrum,0,1
Grookey,Crabrawler,Crabrawler,0,2
Dondozo,Yveltal,Yveltal,0,4
Roggenrola,Phantump,Phantump,0,1
Lumineon,Snivy,Lumineon,1,2
Magnemite,Dhelmise,Dhelmise,0,1
Lairon,Dwebble,Lairon,1,1
Shieldon,Slither-Wing,Slither-Wing,0,1
Pinsir,Yungoos,Pinsir,1,1
Boltund,Lopunny,Boltund,1,3
Slakoth,Hippopotas,Hippopotas,0,3
Beedrill,Virizion,Virizion,0,2
Froslass,Shinx,Froslass,1,1
Purugly,Gothitelle,Gothitelle,0,2
Scovillain,Hippopotas,Scovillain,1,1
Steenee,Porygon2,Porygon2,0,1
Solgaleo,Beheeyem,Solgaleo,1,2
Finneon,Klawf,Klawf,0,2
Cufant,Ribombee,Cufant,1,1
Bonsly,Rapidash,Rapidash,0,2
Chingling,Ledyba,Chingling,1,2
Rockruff,Ledian,Rockruff,1,1
Zarude,Eternatus,Eternatus,0,3
Cufant,Lillipup,Cufant,1,2
Bombirdier,Dhelmise,Bombirdier,1,2
Sizzlipede,Magmortar,Magmortar,0,1
Frillish-Male,Beedrill,Beedrill,0,3
Alakazam,Weezing,Alakazam,1,1
Skitty,Tinkatuff,Tinkatuff,0,2
Grafaiai,Cherubi,Grafaiai,1,1
Floatzel,Vanilluxe,Vanilluxe,0,3
Rillaboom,Parasect,Parasect,0,2
Luxray,Wugtrio,Luxray,1,1
Iron-Hands,Arctovish,Iron-Hands,1,2
Mudsdale,Piloswine,Piloswine,0,3
Rotom,Sneasler,Sneasler,0,3
Flaaffy,Infernape,Infernape,0,2
Heatran,Quaxly,Heatran,1,2
Doduo,Grookey,Doduo,1,1
Haunter,Guzzlord,Guzzlord,0,1
Finneon,Fraxure,Fraxure,0,2
Granbull,Brionne,Brionne,0,3
Beartic,Starmie,Beartic,1,3
Giratina-Altered,Eldegoss,Giratina-Altered,1,3
Treecko,Reshiram,Reshiram,0,1
Dustox,Clobbopus,Dustox,1,3
Starly,Arbok,Arbok,0,1
Regice,Eelektrik,Regice,1,2
Politoed,Elgyem,Politoed,1,2
Primarina,Barbaracle,Primarina,1,2
Dragapult,Walking-Wake,Dragapult,1,2
Altaria,Mudbray,Altaria,1,2
Vigoroth,Bayleef,Vigoroth,1,3
Bronzong,Annihilape,Annihilape,0,2
Lokix,Zebstrika,Zebstrika,0,2
Dustox,Machamp,Machamp,0,2
Sunflora,Lileep,Sunflora,1,2
Lotad,Gliscor,Gliscor,0,1
Toxicroak,Kricketot,Toxicroak,1,1
Munkidori,Wingull,Munkidori,1,1
Vanillish,Aurorus,Aurorus,0,1
Teddiursa,Golbat,Golbat,0,2
Grubbin,Kadabra,Kadabra,0,1
Electrode,Garchomp,Garchomp,0,1
Scizor,Sandslash,Scizor,1,3
Palkia,Scrafty,Palkia,1,2
Aegislash-Shield,Tentacool,Aegislash-Shield,1,2
Noibat,Doduo,Doduo,0,1
Sentret,Bisharp,Bisharp,0,1
Grubbin,Squawkabilly-Green-Plumage,Squawkabilly-Green-Plumage,0,1
Arctovish,Huntail,Arctovish,1,4
Rookidee,Grovyle,Grovyle,0,1
Froakie,Nidorina,Nidorina,0,2
Nihilego,Kirlia,Nihilego,1,1
Torterra,Durant,Durant,0,2
Arrokuda,Iron-Treads,Iron-Treads,0,1
Camerupt,Gouging-Fire,Gouging-Fire,0,3
Sigilyph,Gorebyss,Sigilyph,1,2
Deino,Necrozma,Necrozma,0,1
Horsea,Tyrunt,Tyrunt,0,1
Magmortar,Espurr,Magmortar,1,2
Glaceon,Amoonguss,Glaceon,1,2
Darmanitan-Standard,Drilbur,Darmanitan-Standard,1,2
Kadabra,Iron-Thorns,Iron-Thorns,0,1
Rabsca,Flutter-Mane,Flutter-Mane,0,3
Ledian,Octillery,Octillery,0,2
Toedscruel,Urshifu-Single-Strike,Urshifu-Single-Strike,0,2
Polteageist,Bronzong,Bronzong,0,2
Landorus-Incarnate,Volcarona,Landorus-Incarnate,1,1
Combee,Floette,Floette,0,1
Groudon,Meowth,Groudon,1,1
Groudon,Cyclizar,Groudon,1,2
Munkidori,Cubchoo,Munkidori,1,1
Furret,Wurmple,Furret,1,1
Chatot,Guzzlord,Guzzlord,0,1
Ralts,Rillaboom,Rillaboom,0,1
Beheeyem,Crobat,Beheeyem,1,2
Brionne,Shedinja,Brionne,1,1
Rufflet,Rowlet,Rufflet,1,1
Bonsly,Aerodactyl,Aerodactyl,0,2
Tepig,Archeops,Archeops,0,1
Drakloak,Tinkatuff,Drakloak,1,2
Ogerpon,Mareanie,Ogerpon,1,2
Aipom,Veluza,Veluza,0,2
Zebstrika,Munchlax,Munchlax,0,3
Bunnelby,Swadloon,Swadloon,0,1
Ambipom,Miltank,Miltank,0,3
Croagunk,Dottler,Dottler,0,1
Raichu,Wartortle,Raichu,1,1
Breloom,Cacturne,Breloom,1,1
Bagon,Poochyena,Bagon,1,2
Palpitoad,Basculegion-Male,Basculegion-Male,0,2
Vikavolt,Arctovish,Vikavolt,1,2
Gallade,Wooper,Gallade,1,1
Shellos,Tyrantrum,Tyrantrum,0,2
Dragapult,Hoopa,Dragapult,1,1
Poliwag,Celesteela,Celesteela,0,1
Jigglypuff,Vullaby,Vullaby,0,2
Appletun,Clawitzer,Clawitzer,0,2
Drilbur,Crawdaunt,Crawdaunt,0,1
Heracross,Lopunny,Heracross,1,1
Ogerpon,Sealeo,Ogerpon,1,2
Pincurchin,Dragonair,Pincurchin,1,2
Venomoth,Axew,Venomoth,1,1
Prinplup,Bastiodon,Prinplup,1,2
Meganium,Ariados,Ariados,0,2
Iron-Crown,Wailord,Iron-Crown,1,3
Pansear,Mabosstiff,Mabosstiff,0,2
Brute-Bonnet,Abomasnow,Abomasnow,0,3
Haunter,Shelgon,Haunter,1,1
Snover,Dusclops,Dusclops,0,2
Wugtrio,Shuckle,Wugtrio,1,2
Chien-Pao,Tinkatink,Chien-Pao,1,2
Shellos,Metang,Metang,0,3
Magikarp,Tentacool,Tentacool,0,1
Gourgeist-Average,Turtonator,Turtonator,0,1
Klinklang,Bronzor,Klinklang,1,4
Swadloon,Inkay,Swadloon,1,1
Venipede,Floragato,Floragato,0,2
Delphox,Geodude,Delphox,1,1
Mareanie,Snivy,Mareanie,1,1
Scraggy,Sobble,Sobble,0,2
Cinccino,Machoke,Machoke,0,1
Gible,Roserade,Roserade,0,1
Turtwig,Groudon,Groudon,0,1
Mimikyu-Disguised,Druddigon,Mimikyu-Disguised,1,3
Lunala,Lucario,Lunala,1,2
Yamper,Crabominable,Crabominable,0,1
Dreepy,Shellos,Shellos,0,1
Eiscue-Ice,Cottonee,Eiscue-Ice,1,1
Dreepy,Ponyta,Ponyta,0,1
Iron-Thorns,Shinx,Iron-Thorns,1,1
Houndoom,Binacle,Houndoom,1,1
Swanna,Snorlax,Snorlax,0,2
Skiddo,Tyrogue,Skiddo,1,1
Bramblin,Cetitan,Cetitan,0,1
Palkia,Vileplume,Palkia,1,2
Glimmet,Glameow,Glimmet,1,2
Tinkatuff,Poliwag,Tinkatuff,1,2
Larvitar,Trapinch,Trapinch,0,1
Lucario,Delibird,Lucario,1,1
Axew,Granbull,Granbull,0,1
Silicobra,Quaquaval,Quaquaval,0,1
Arbok,Ting-Lu,Ting-Lu,0,1
Lycanroc-Midday,Entei,Lycanroc-Midday,1,2
Stunfisk,Overqwil,Stunfisk,1,3
Beedrill,Ferroseed,Beedrill,1,2
Dewott,Guzzlord,Guzzlord,0,2
Whimsicott,Tympole,Whimsicott,1,1
Keldeo-Ordinary,Spiritomb,Keldeo-Ordinary,1,2
Hawlucha,Swalot,Swalot,0,2
Blipbug,Dhelmise,Dhelmise,0,1
Patrat,Yungoos,Yungoos,0,2
Miltank,Decidueye,Decidueye,0,3
Flabebe,Blastoise,Blastoise,0,2
Tapu-Fini,Marshtomp,Tapu-Fini,1,2
Kangaskhan,Pumpkaboo-Average,Kangaskhan,1,2
Oinkologne-Male,Floatzel,Oinkologne-Male,1,2
Sneasel,Golisopod,Golisopod,0,1
Jirachi,Surskit,Jirachi,1,1
Popplio,Wobbuffet,Wobbuffet,0,4
Gogoat,Golett,Gogoat,1,1
Helioptile,Nidoqueen,Nidoqueen,0,1
Solosis,Tyrogue,Solosis,1,1
Pelipper,Zebstrika,Zebstrika,0,1
Aegislash-Shield,Golduck,Golduck,0,4
Lechonk,Wyrdeer,Wyrdeer,0,1
Fidough,Archaludon,Archaludon,0,1
Relicanth,Salazzle,Relicanth,1,1
Aron,Amoonguss,Amoonguss,0,1
Finizen,Slowpoke,Slowpoke,0,3
Ursaring,Regieleki,Ursaring,1,2
Croagunk,Goomy,Croagunk,1,1
Arctovish,Lechonk,Arctovish,1,1
Accelgor,Sceptile,Accelgor,1,2
Magikarp,Ducklett,Ducklett,0,1
Scizor,Ogerpon,Scizor,1,2
Brionne,Barbaracle,Barbaracle,0,2
Happiny,Pachirisu,Pachirisu,0,1
Sizzlipede,Rhyhorn,Rhyhorn,0,1
Skiploom,Poliwrath,Poliwrath,0,1
Greavard,Bellossom,Bellossom,0,2
Gallade,Lumineon,Gallade,1,2
Geodude,Zygarde-50,Zygarde-50,0,1
Morelull,Steenee,Morelull,1,2
Voltorb,Machamp,Machamp,0,1
Garchomp,Zacian,Zacian,0,2
Tarountula,Armaldo,Armaldo,0,1
Chingling,Chandelure,Chandelure,0,1
Cramorant,Smoliv,Cramorant,1,1
Swellow,Pidgeotto,Swellow,1,2
Scream-Tail,Zorua,Scream-Tail,1,1
Poliwrath,Swoobat,Swoobat,0,2
Darkrai,Sprigatito,Darkrai,1,1
Houndstone,Fuecoco,Houndstone,1,2
Woobat,Tapu-Bulu,Tapu-Bulu,0,1
Inkay,Pansage,Pansage,0,2
Volbeat,Turtonator,Turtonator,0,2
Necrozma,Hattrem,Necrozma,1,2
Nosepass,Tepig,Nosepass,1,2
Rhyperior,Tinkatuff,Rhyperior,1,1
Nihilego,Ditto,Nihilego,1,2
Oshawott,Hitmonlee,Hitmonlee,0,1
Cosmog,Litleo,Litleo,0,1
Steenee,Mabosstiff,Mabosstiff,0,2
Thwackey,Farigiraf,Farigiraf,0,2
Fomantis,Appletun,Appletun,0,1
Pidove,Sealeo,Sealeo,0,1
Duraludon,Meowscarada,Meowscarada,0,2
Bergmite,Vileplume,Vileplume,0,1
Dialga,Snover,Dialga,1,1
Flaaffy,Sawk,Sawk,0,2
Appletun,Cherubi,Appletun,1,1
Minccino,Linoone,Linoone,0,2
Croconaw,Iron-Valiant,Iron-Valiant,0,2
Beheeyem,Chewtle,Beheeyem,1,1
Jigglypuff,Luvdisc,Luvdisc,0,3
Iron-Hands,Dudunsparce-Two-Segment,Iron-Hands,1,2
Slakoth,Remoraid,Slakoth,1,1
Burmy,Maschiff,Maschiff,0,2
Fuecoco,Duosion,Duosion,0,1
Sobble,Muk,Muk,0,1
Brionne,Tyrunt,Brionne,1,1
Arboliva,Pyroar-Male,Pyroar-Male,0,2
Glimmet,Goldeen,Goldeen,0,2
Regidrago,Gimmighoul,Regidrago,1,2
Skiploom,Tapu-Koko,Tapu-Koko,0,1
Luvdisc,Victini,Victini,0,2
Stufful,Scraggy,Stufful,1,1
Ariados,Hatterene,Hatterene,0,1
Deoxys-Normal,Azurill,Deoxys-Normal,1,1
Mawile,Maractus,Maractus,0,3
Eevee,Fletchinder,Fletchinder,0,2
Toxapex,Stoutland,Stoutland,0,3
Duosion,Suicune,Suicune,0,2
Toedscool,Fearow,Fearow,0,1
Houndour,Regirock,Regirock,0,1
Snover,Skuntank,Skuntank,0,1
Palafin-Zero,Aipom,Palafin-Zero,1,3
Manaphy,Abra,Manaphy,1,1
Gourgeist-Average,Rockruff,Gourgeist-Average,1,1
Grotle,Herdier,Grotle,1,3
Litwick,Incineroar,Incineroar,0,1
Combee,Morelull,Morelull,0,1
Shiinotic,Kakuna,Shiinotic,1,1
Frogadier,Snom,Frogadier,1,1
Skarmory,Trapinch,Skarmory,1,1
Tapu-Koko,Eevee,Tapu-Koko,1,2
Drapion,Zarude,Drapion,1,3
Lileep,Diglett,Lileep,1,1
Bramblin,Rellor,Bramblin,1,2
Silcoon,Dunsparce,Dunsparce,0,2
Iron-Valiant,Pawmi,Iron-Valiant,1,1
Necrozma,Kingdra,Necrozma,1,3
Maschiff,Reuniclus,Reuniclus,0,2
Grapploct,Glimmet,Grapploct,1,1
Chi-Yu,Archaludon,Chi-Yu,1,2
Aromatisse,Vullaby,Aromatisse,1,1
Bombirdier,Torchic,Bombirdier,1,1
Ledyba,Shieldon,Shieldon,0,1
Grovyle,Lairon,Lairon,0,1
Grotle,Purugly,Purugly,0,3
Tatsugiri-Curly,Passimian,Tatsugiri-Curly,1,2
Iron-Valiant,Tranquill,Iron-Valiant,1,1
Camerupt,Orbeetle,Camerupt,1,2
Gardevoir,Croagunk,Gardevoir,1,1
Binacle,Pidgeotto,Binacle,1,2
Meloetta-Aria,Litleo,Meloetta-Aria,1,2
Chikorita,Mudkip,Chikorita,1,1
Gastrodon,Yveltal,Yveltal,0,3
Victreebel,Deoxys-Normal,Deoxys-Normal,0,1
Rowlet,Hatenna,Hatenna,0,1
Drednaw,Minior-Red-Meteor,Drednaw,1,1
Kyurem,Spewpa,Kyurem,1,1
Scraggy,Scolipede,Scolipede,0,2
Greavard,Conkeldurr,Conkeldurr,0,3
Porygon2,Mime-Jr,Porygon2,1,1
Samurott,Salazzle,Samurott,1,1
Croconaw,Gligar,Croconaw,1,2
Sandaconda,Emolga,Sandaconda,1,2
Altaria,Squirtle,Altaria,1,2
Armaldo,Makuhita,Armaldo,1,2
Leafeon,Archen,Leafeon,1,2
Exeggcute,Cubone,Exeggcute,1,1
Totodile,Hitmonlee,Hitmonlee,0,2
Togepi,Sealeo,Sealeo,0,2
Clauncher,Regieleki,Regieleki,0,1
Binacle,Krookodile,Krookodile,0,1
Poipole,Charjabug,Poipole,1,3
Girafarig,Oranguru,Girafarig,1,4
Darumaka,Donphan,Donphan,0,1
Cutiefly,Scorbunny,Scorbunny,0,1
Lileep,Cramorant,Lileep,1,2
Hitmonlee,Mienshao,Mienshao,0,1
Magearna,Orbeetle,Magearna,1,3
Snubbull,Grapploct,Grapploct,0,2
Porygon2,Persian,Porygon2,1,2
Milotic,Dialga,Dialga,0,4
Breloom,Thundurus-Incarnate,Thundurus-Incarnate,0,1
Pidove,Grumpig,Grumpig,0,1
Spidops,Greavard,Spidops,1,3
Stonjourner,Grookey,Stonjourner,1,1
Iron-Crown,Arctibax,Iron-Crown,1,2
Victini,Lucario,Victini,1,1
Mewtwo,Jigglypuff,Mewtwo,1,1
Iron-Leaves,Hariyama,Iron-Leaves,1,3
Drifloon,Walrein,Walrein,0,1
Uxie,Braixen,Uxie,1,3
Kilowattrel,Stonjourner,Kilowattrel,1,1
Magneton,Yamask,Magneton,1,1
Armarouge,Porygon-Z,Armarouge,1,3
Tinkatuff,Seadra,Seadra,0,3
Skwovet,Budew,Skwovet,1,1
Sizzlipede,Blaziken,Blaziken,0,1
Litleo,Gumshoos,Gumshoos,0,2
Spritzee,Skrelp,Skrelp,0,2
Murkrow,Barraskewda,Barraskewda,0,2
Gouging-Fire,Deino,Gouging-Fire,1,1
Copperajah,Leafeon,Copperajah,1,2
Shedinja,Slaking,Slaking,0,1
Baxcalibur,Flittle,Baxcalibur,1,1
Roserade,Banette,Roserade,1,2
Gliscor,Decidueye,Decidueye,0,1
Froakie,Shroomish,Shroomish,0,1
Chespin,Runerigus,Runerigus,0,2
Teddiursa,Nidoking,Nidoking,0,2
Timburr,Psyduck,Psyduck,0,2
Tsareena,Aipom,Tsareena,1,2
Gengar,Taillow,Gengar,1,1
Palafin-Zero,Quaxwell,Palafin-Zero,1,4
Cherubi,Vullaby,Vullaby,0,1
Flareon,Haunter,Flareon,1,2
Swirlix,Naclstack,Swirlix,1,3
Capsakid,Cascoon,Capsakid,1,2
Archaludon,Arboliva,Archaludon,1,3
Mantyke,Charcadet,Mantyke,1,1
Veluza,Weavile,Weavile,0,3
Mantyke,Gothorita,Gothorita,0,3
Avalugg,Iron-Jugulis,Iron-Jugulis,0,2
Phione,Marshadow,Marshadow,0,2
Spidops,Spinarak,Spidops,1,2
Pidgeot,Vigoroth,Pidgeot,1,3
Noibat,Skrelp,Skrelp,0,1
Geodude,Pawmo,Pawmo,0,1
Barraskewda,Garganacl,Garganacl,0,2
Wingull,Ursaring,Ursaring,0,1
Rattata,Trubbish,Trubbish,0,1
Kabuto,Combusken,Combusken,0,1
Miraidon,Nidoran-M,Miraidon,1,1
Venonat,Volcarona,Volcarona,0,1
Hattrem,Woobat,Hattrem,1,1
Shelmet,Gouging-Fire,Gouging-Fire,0,1
Finizen,Crobat,Crobat,0,2
Toedscruel,Hypno,Hypno,0,2
Sandy-Shocks,Gigalith,Sandy-Shocks,1,3
Pecharunt,Whismur,Pecharunt,1,1
Tinkatink,Paras,Tinkatink,1,2
Amoonguss,Dewott,Amoonguss,1,2
Klawf,Fomantis,Klawf,1,1
Vileplume,Patrat,Vileplume,1,1
Budew,Swalot,Swalot,0,1
Litwick,Arcanine,Arcanine,0,3
Octillery,Porygon,Octillery,1,2
Blipbug,Buizel,Buizel,0,1
Glalie,Cyndaquil,Glalie,1,2
Oshawott,Mudbray,Oshawott,1,2
Tornadus-Incarnate,Cobalion,Cobalion,0,3
Poochyena,Shiinotic,Shiinotic,0,1
Volcarona,Alakazam,Volcarona,1,1
Gliscor,Avalugg,Avalugg,0,2
Barbaracle,Growlithe,Barbaracle,1,1
Hydrapple,Ampharos,Ampharos,0,2
Eelektross,Lotad,Eelektross,1,1
Walking-Wake,Wo-Chien,Walking-Wake,1,3
Wingull,Necrozma,Necrozma,0,1
Wishiwashi-Solo,Toxapex,Toxapex,0,1
Volcanion,Joltik,Volcanion,1,1
Slakoth,Lugia,Lugia,0,2
Budew,Urshifu-Single-Strike,Urshifu-Single-Strike,0,1
Finneon,Nincada,Finneon,1,1
Basculegion-Male,Loudred,Basculegion-Male,1,2
Meltan,Seadra,Seadra,0,1
Porygon-Z,Chandelure,Chandelure,0,2
Sharpedo,Tepig,Sharpedo,1,1
Leavanny,Toxtricity-Amped,Toxtricity-Amped,0,2
Smoochum,Duskull,Smoochum,1,1
Foongus,Exploud,Exploud,0,2
Bronzong,Lopunny,Bronzong,1,3
Barbaracle,Dewpider,Barbaracle,1,1
Hoothoot,Treecko,Hoothoot,1,1
Dustox,Cacturne,Dustox,1,1
Helioptile,Pikipek,Helioptile,1,1
Swellow,Sprigatito,Swellow,1,1
Scraggy,Beldum,Scraggy,1,2
Armarouge,Staravia,Armarouge,1,1
Hattrem,Rayquaza,Rayquaza,0,2
Omastar,Swoobat,Omastar,1,1
Cosmoem,Kommo-O,Kommo-O,0,3
Bidoof,Jolteon,Jolteon,0,1
Oricorio-Baile,Hitmonlee,Oricorio-Baile,1,1
Pawmi,Magmortar,Magmortar,0,1
Empoleon,Tirtouga,Empoleon,1,1
Hitmonlee,Trapinch,Hitmonlee,1,1
Oranguru,Golduck,Oranguru,1,3
Minccino,Bergmite,Bergmite,0,1
Barraskewda,Rapidash,Barraskewda,1,2
Scovillain,Diancie,Diancie,0,1
Baltoy,Shinx,Baltoy,1,1
Seadra,Zamazenta,Zamazenta,0,2
Cinccino,Ho-Oh,Ho-Oh,0,2
Iron-Jugulis,Spewpa,Iron-Jugulis,1,1
Metapod,Helioptile,Helioptile,0,1
Lampent,Spectrier,Spectrier,0,2
Heliolisk,Heracross,Heracross,0,1
Durant,Lickilicky,Durant,1,4
Emolga,Magcargo,Magcargo,0,2
Morgrem,Vikavolt,Vikavolt,0,1
Natu,Rhydon,Rhydon,0,1
Copperajah,Alomomola,Copperajah,1,7
Goodra,Kabuto,Goodra,1,1
Clamperl,Dreepy,Clamperl,1,1
Drapion,Grumpig,Drapion,1,3
Sylveon,Tadbulb,Sylveon,1,1
Tyrogue,Fomantis,Tyrogue,1,2
Ivysaur,Swirlix,Ivysaur,1,2
Sandile,Mewtwo,Mewtwo,0,1
Wooloo,Clawitzer,Clawitzer,0,1
Zamazenta,Whimsicott,Zamazenta,1,2
Raging-Bolt,Shellder,Raging-Bolt,1,1
Silvally,Pineco,Silvally,1,2
Hoothoot,Gholdengo,Gholdengo,0,1
Buzzwole,Spectrier,Spectrier,0,3
Chi-Yu,Accelgor,Chi-Yu,1,1
Glastrier,Copperajah,Glastrier,1,2
Oricorio-Baile,Rotom,Oricorio-Baile,1,2
Drilbur,Shuppet,Drilbur,1,1
Hippopotas,Spinda,Spinda,0,2
Kakuna,Jellicent-Male,Jellicent-Male,0,1
Hoopa,Morgrem,Hoopa,1,2
Mimikyu-Disguised,Necrozma,Necrozma,0,2
Larvesta,Stufful,Stufful,0,2
Greavard,Dragapult,Dragapult,0,1
Meltan,Drowzee,Meltan,1,2
Frogadier,Registeel,Registeel,0,3
Crawdaunt,Metapod,Crawdaunt,1,1
Doduo,Toxtricity-Amped,Toxtricity-Amped,0,1
Probopass,Dreepy,Probopass,1,1
Slakoth,Bouffalant,Bouffalant,0,2
Tangela,Staraptor,Staraptor,0,2
Remoraid,Kingdra,Kingdra,0,1
Rookidee,Litten,Litten,0,1
Raging-Bolt,Delphox,Delphox,0,3
Chingling,Chespin,Chingling,1,2
Snivy,Gogoat,Gogoat,0,1
Dreepy,Herdier,Herdier,0,1
Popplio,Glastrier,Glastrier,0,2
Houndour,Drakloak,Drakloak,0,1
Braviary,Palafin-Zero,Braviary,1,3
Infernape,Eternatus,Eternatus,0,2
Sinistcha,Totodile,Sinistcha,1,1
Tornadus-Incarnate,Poochyena,Tornadus-Incarnate,1,1
Squawkabilly-Green-Plumage,Grumpig,Grumpig,0,2
Kommo-O,Kecleon,Kommo-O,1,1
Polteageist,Metang,Polteageist,1,2
Dartrix,Graveler,Dartrix,1,1
Tapu-Koko,Zigzagoon,Tapu-Koko,1,1
Archeops,Nidorina,Archeops,1,2
Sigilyph,Spinda,Sigilyph,1,2
Nidorina,Skuntank,Skuntank,0,3
Combee,Natu,Natu,0,1
Murkrow,Tropius,Tropius,0,1
Wurmple,Chien-Pao,Chien-Pao,0,1
Incineroar,Carbink,Carbink,0,4
Garchomp,Mightyena,Garchomp,1,2
Wobbuffet,Drifblim,Drifblim,0,3
Bagon,Foongus,Foongus,0,1
Articuno,Lotad,Articuno,1,1
Pawmo,Kingdra,Kingdra,0,2
Brambleghast,Flaaffy,Brambleghast,1,2
Bellsprout,Marshadow,Marshadow,0,1
Bellossom,Gengar,Gengar,0,2
Glameow,Vibrava,Glameow,1,1
Sunkern,Musharna,Musharna,0,1
Pidgey,Horsea,Horsea,0,1
Enamorus-Incarnate,Sobble,Enamorus-Incarnate,1,1
Hypno,Quaquaval,Hypno,1,2
Nidorina,Shellder,Nidorina,1,2
Alcremie,Cetitan,Cetitan,0,3
Perrserker,Gabite,Gabite,0,2
Vanilluxe,Vaporeon,Vaporeon,0,3
Terapagos,Thwackey,Terapagos,1,2
Yanmega,Hippopotas,Yanmega,1,1
Grookey,Crustle,Crustle,0,1
Regirock,Mightyena,Regirock,1,2
Cascoon,Glaceon,Glaceon,0,1
Vanilluxe,Exploud,Vanilluxe,1,3
Bastiodon,Oricorio-Baile,Bastiodon,1,1
Volbeat,Corphish,Volbeat,1,2
Seedot,Conkeldurr,Conkeldurr,0,1
Gogoat,Budew,Gogoat,1,1
Bronzor,Eelektrik,Eelektrik,0,3
Carnivine,Duraludon,Duraludon,0,2
Primarina,Nidoking,Primarina,1,1
Eiscue-Ice,Barboach,Eiscue-Ice,1,2
Spidops,Grumpig,Spidops,1,2
Glimmora,Chansey,Glimmora,1,1
Victini,Pidove,Victini,1,1
Grapploct,Cinderace,Grapploct,1,2
Thwackey,Cradily,Cradily,0,2
Anorith,Dwebble,Anorith,1,1
Jigglypuff,Patrat,Patrat,0,2
Scatterbug,Polteageist,Polteageist,0,1
Hypno,Magmortar,Magmortar,0,4
Stoutland,Charmeleon,Stoutland,1,2
Luvdisc,Kadabra,Kadabra,0,1
Wishiwashi-Solo,Minun,Minun,0,1
Melmetal,Garchomp,Melmetal,1,2
Stonjourner,Iron-Hands,Iron-Hands,0,2
Charcadet,Frigibax,Frigibax,0,2
Hoothoot,Toedscruel,Toedscruel,0,2
Phione,Woobat,Phione,1,2
Iron-Leaves,Pawniard,Iron-Leaves,1,3
Blitzle,Weezing,Weezing,0,1
Raticate,Mothim,Raticate,1,2
Raichu,Meowth,Raichu,1,1
Walrein,Whirlipede,Walrein,1,2
Crabominable,Mawile,Mawile,0,2
Joltik,Whiscash,Whiscash,0,2
Quaquaval,Skarmory,Skarmory,0,2
Gorebyss,Froakie,Gorebyss,1,2
Doduo,Cubchoo,Doduo,1,1
Clawitzer,Lopunny,Clawitzer,1,3
Charizard,Timburr,Charizard,1,2
Simisear,Regieleki,Regieleki,0,2
Stakataka,Scraggy,Scraggy,0,2
Hydrapple,Zangoose,Hydrapple,1,2
Palkia,Cascoon,Palkia,1,1
Gyarados,Starly,Gyarados,1,1
Tapu-Lele,Kadabra,Tapu-Lele,1,1
Druddigon,Dodrio,Druddigon,1,2
Bellossom,Shroodle,Bellossom,1,1
Ursaluna,Zarude,Zarude,0,3
Heatmor,Axew,Heatmor,1,1
Pupitar,Tauros,Tauros,0,4
Poliwag,Murkrow,Murkrow,0,1
Pawmo,Sirfetchd,Sirfetchd,0,1
Espathra,Farfetchd,Espathra,1,1
Blastoise,Simipour,Blastoise,1,4
Houndstone,Dialga,Dialga,0,2
Chatot,Tyrunt,Chatot,1,1
Zangoose,Zebstrika,Zangoose,1,2
Tapu-Bulu,Emolga,Emolga,0,2
Gourgeist-Average,Dustox,Gourgeist-Average,1,2
Sharpedo,Glimmora,Sharpedo,1,2
Torkoal,Horsea,Torkoal,1,1
Mr-Mime,Elekid,Mr-Mime,1,1
Kricketune,Roggenrola,Roggenrola,0,1
Stunky,Corvisquire,Corvisquire,0,2
Archen,Cottonee,Archen,1,1
Braviary,Pachirisu,Braviary,1,2
Aegislash-Shield,Clodsire,Clodsire,0,3
Houndour,Treecko,Houndour,1,1
Dusclops,Simipour,Simipour,0,3
Fezandipiti,Golisopod,Fezandipiti,1,4
Mesprit,Voltorb,Mesprit,1,1
Spewpa,Shinx,Shinx,0,2
Clodsire,Tapu-Bulu,Clodsire,1,1
Moltres,Sandile,Moltres,1,1
Kartana,Stantler,Kartana,1,1
Barraskewda,Serperior,Serperior,0,1
Sableye,Lapras,Lapras,0,2
Cottonee,Spectrier,Spectrier,0,1
Solrock,Fennekin,Solrock,1,1
Centiskorch,Cloyster,Centiskorch,1,1
Scream-Tail,Barboach,Scream-Tail,1,2
Nuzleaf,Donphan,Nuzleaf,1,2
Steenee,Golem,Golem,0,1
Smoliv,Palpitoad,Palpitoad,0,1
Sawsbuck,Igglybuff,Sawsbuck,1,1
Nidoran-F,Cetitan,Cetitan,0,2
Morelull,Armaldo,Armaldo,0,1
Scrafty,Armarouge,Armarouge,0,3
Annihilape,Wugtrio,Annihilape,1,1
Guzzlord,Fuecoco,Guzzlord,1,2
Scizor,Genesect,Genesect,0,5
Tinkaton,Stakataka,Stakataka,0,2
Kirlia,Mimikyu-Disguised,Mimikyu-Disguised,0,1
Venonat,Cascoon,Venonat,1,2
Wooloo,Oranguru,Oranguru,0,1
Oshawott,Palafin-Zero,Palafin-Zero,0,3
Mantyke,Frigibax,Frigibax,0,2
Quilava,Milotic,Milotic,0,1
Joltik,Impidimp,Joltik,1,2
Torkoal,Great-Tusk,Great-Tusk,0,2
Cacturne,Mismagius,Mismagius,0,2
Jynx,Snover,Jynx,1,2
Crobat,Linoone,Crobat,1,3
Slither-Wing,Sandygast,Slither-Wing,1,1
Polteageist,Zapdos,Zapdos,0,2
Patrat,Floatzel,Floatzel,0,1
Raging-Bolt,Fezandipiti,Fezandipiti,0,4
Tapu-Fini,Kingler,Tapu-Fini,1,2
Solosis,Xatu,Xatu,0,1
Arctozolt,Rhydon,Arctozolt,1,2
Kingler,Spoink,Kingler,1,1
Centiskorch,Iron-Thorns,Iron-Thorns,0,1
Tadbulb,Klawf,Klawf,0,2
Staryu,Buneary,Staryu,1,2
Houndour,Piloswine,Piloswine,0,1
Bounsweet,Cherrim,Cherrim,0,1
Wingull,Prinplup,Prinplup,0,1
Toxapex,Articuno,Articuno,0,4
Chandelure,Rufflet,Chandelure,1,1
Grimmsnarl,Sawsbuck,Grimmsnarl,1,2
Rhydon,Tropius,Tropius,0,1
Annihilape,Cradily,Annihilape,1,2
Arboliva,Brambleghast,Arboliva,1,1
Igglybuff,Cryogonal,Cryogonal,0,1
Swirlix,Omanyte,Swirlix,1,2
Drakloak,Panpour,Drakloak,1,2
Wailmer,Palossand,Wailmer,1,2
Gholdengo,Pumpkaboo-Average,Gholdengo,1,1
Palossand,Maushold-Family-Of-Four,Maushold-Family-Of-Four,0,3
Growlithe,Goldeen,Goldeen,0,2
Krookodile,Milcery,Krookodile,1,1
Toxicroak,Fraxure,Toxicroak,1,2
Brute-Bonnet,Talonflame,Talonflame,0,3
Helioptile,Sudowoodo,Sudowoodo,0,1
Articuno,Bergmite,Articuno,1,2
Sizzlipede,Stunfisk,Stunfisk,0,2
Stufful,Reshiram,Reshiram,0,1
Dratini,Hippopotas,Dratini,1,2
Lairon,Oranguru,Oranguru,0,3
Pheromosa,Frigibax,Pheromosa,1,1
Rolycoly,Budew,Budew,0,1
Bergmite,Cacturne,Cacturne,0,1
Celesteela,Metagross,Metagross,0,6
Trevenant,Rhyperior,Trevenant,1,1
Dusclops,Empoleon,Empoleon,0,2
Jellicent-Male,Corphish,Jellicent-Male,1,2
Tentacruel,Garchomp,Garchomp,0,1
Mightyena,Durant,Durant,0,1
Dhelmise,Ambipom,Dhelmise,1,3
Squirtle,Dracozolt,Dracozolt,0,1
Pangoro,Arrokuda,Pangoro,1,1
Ditto,Qwilfish,Qwilfish,0,1
Sentret,Espathra,Espathra,0,1
Mismagius,Marshadow,Marshadow,0,1
Golurk,Great-Tusk,Great-Tusk,0,3
Duskull,Zorua,Zorua,0,1
Crabominable,Lucario,Crabominable,1,1
Burmy,Sharpedo,Sharpedo,0,1
Spidops,Furfrou,Furfrou,0,3
Omanyte,Mudkip,Mudkip,0,2
Dragonair,Brionne,Brionne,0,2
Skiddo,Tyranitar,Tyranitar,0,1
Basculin-Red-Striped,Marill,Basculin-Red-Striped,1,3
Nihilego,Remoraid,Nihilego,1,1
Venomoth,Dustox,Venomoth,1,4
Regidrago,Carbink,Carbink,0,4
Mareanie,Deoxys-Normal,Deoxys-Normal,0,1
Vanilluxe,Mareep,Vanilluxe,1,1
Slugma,Florges,Florges,0,2
Slakoth,Poliwag,Poliwag,0,2
Torkoal,Arbok,Torkoal,1,3
Sandygast,Oricorio-Baile,Oricorio-Baile,0,1
Charizard,Bergmite,Charizard,1,1
Karrablast,Staravia,Staravia,0,1
Conkeldurr,Magearna,Magearna,0,2
Sylveon,Darmanitan-Standard,Darmanitan-Standard,0,3
Flygon,Espurr,Flygon,1,2
Crustle,Munkidori,Munkidori,0,2
Tynamo,Solgaleo,Solgaleo,0,1
Sandshrew,Doduo,Doduo,0,2
Froakie,Swoobat,Swoobat,0,1
Deino,Ogerpon,Ogerpon,0,2
Archen,Sneasel,Archen,1,1
Gouging-Fire,Omastar,Gouging-Fire,1,3
Shuckle,Xatu,Xatu,0,2
Tynamo,Corphish,Tynamo,1,1
Reshiram,Nymble,Reshiram,1,1
Togekiss,Breloom,Togekiss,1,1
Hatterene,Tinkaton,Tinkaton,0,2
Froakie,Moltres,Moltres,0,1
Clefairy,Bronzor,Bronzor,0,3
Floatzel,Tarountula,Floatzel,1,1
Serperior,Crawdaunt,Serperior,1,1
Deino,Noctowl,Noctowl,0,1
Teddiursa,Feraligatr,Feraligatr,0,2
Ralts,Swellow,Swellow,0,1
Wailmer,Crocalor,Wailmer,1,2
Sandshrew,Mismagius,Mismagius,0,1
Slither-Wing,Skarmory,Skarmory,0,1
Absol,Komala,Absol,1,2
Excadrill,Lycanroc-Midday,Excadrill,1,1
Sealeo,Popplio,Sealeo,1,3
Voltorb,Phanpy,Phanpy,0,1
Kingdra,Landorus-Incarnate,Kingdra,1,2
Obstagoon,Sinistcha,Obstagoon,1,2
Combee,Honchkrow,Honchkrow,0,1
Zamazenta,Talonflame,Zamazenta,1,3
Ambipom,Electrike,Ambipom,1,1
Masquerain,Minccino,Masquerain,1,2
Nuzleaf,Dottler,Dottler,0,1
Corphish,Krokorok,Krokorok,0,2
Guzzlord,Flygon,Guzzlord,1,1
Toedscool,Simisear,Simisear,0,1
Spiritomb,Bombirdier,Spiritomb,1,2
Barraskewda,Umbreon,Umbreon,0,3
Breloom,Ivysaur,Breloom,1,2
Quagsire,Crabrawler,Quagsire,1,2
Manaphy,Togetic,Manaphy,1,2
Electrike,Arctovish,Arctovish,0,1
Durant,Lechonk,Durant,1,1
Vikavolt,Meowscarada,Vikavolt,1,1
Breloom,Aipom,Breloom,1,1
Hatenna,Banette,Banette,0,1
Solgaleo,Klink,Solgaleo,1,2
Absol,Purugly,Purugly,0,2
Grookey,Tinkatink,Tinkatink,0,2
Scizor,Wugtrio,Scizor,1,1
Nidorina,Dialga,Dialga,0,2
Terapagos,Solosis,Terapagos,1,2
Victreebel,Yanmega,Yanmega,0,2
Exploud,Yamask,Exploud,1,2
Komala,Minun,Komala,1,1
Charmander,Virizion,Virizion,0,1
Sizzlipede,Shellder,Sizzlipede,1,2
Shuckle,Sprigatito,Sprigatito,0,4
Delphox,Palafin-Zero,Delphox,1,3
Bibarel,Pumpkaboo-Average,Bibarel,1,2
Capsakid,Kecleon,Kecleon,0,1
Persian,Trevenant,Trevenant,0,3
Genesect,Pikipek,Genesect,1,1
Whiscash,Klang,Whiscash,1,2
Dragonair,Pikipek,Dragonair,1,1
Torracat,Shroomish,Torracat,1,1
Wartortle,Pupitar,Wartortle,1,1
Corphish,Slurpuff,Slurpuff,0,1
Tatsugiri-Curly,Magmortar,Tatsugiri-Curly,1,2
Cradily,Mudbray,Cradily,1,1
Minun,Darkrai,Darkrai,0,2
Probopass,Flutter-Mane,Probopass,1,2
Wigglytuff,Infernape,Infernape,0,3
Golbat,Spritzee,Golbat,1,2
Primeape,Kyurem,Kyurem,0,2
Frillish-Male,Woobat,Frillish-Male,1,2
Poliwhirl,Bastiodon,Poliwhirl,1,3
Zorua,Komala,Komala,0,1
Hippopotas,Zeraora,Zeraora,0,1
Finizen,Sewaddle,Finizen,1,2
Gulpin,Brionne,Brionne,0,2
Lillipup,Toxapex,Toxapex,0,2
Dracovish,Hatterene,Hatterene,0,2
Maschiff,Kyurem,Kyurem,0,1
Purrloin,Clawitzer,Clawitzer,0,1
Gliscor,Skorupi,Gliscor,1,1
Toucannon,Arceus,Arceus,0,2
Deoxys-Normal,Bagon,Deoxys-Normal,1,1
Heatran,Joltik,Heatran,1,1
Chien-Pao,Pawniard,Chien-Pao,1,1
Mothim,Pawmi,Mothim,1,1
Magneton,Polteageist,Polteageist,0,3
Alakazam,Bastiodon,Bastiodon,0,2
Marowak,Golbat,Golbat,0,3
Heracross,Charcadet,Heracross,1,1
Falinks,Gligar,Falinks,1,1
Durant,Articuno,Durant,1,2
Skarmory,Azurill,Skarmory,1,1
Porygon,Exploud,Exploud,0,2
Araquanid,Solrock,Solrock,0,2
Avalugg,Inkay,Avalugg,1,2
Greninja,Morelull,Greninja,1,1
Grovyle,Urshifu-Single-Strike,Urshifu-Single-Strike,0,1
Espeon,Darmanitan-Standard,Espeon,1,2
Aggron,Phione,Phione,0,2
Frigibax,Grumpig,Grumpig,0,2
Bouffalant,Gulpin,Bouffalant,1,2
Aggron,Golisopod,Aggron,1,2
Bunnelby,Carracosta,Carracosta,0,1
Pignite,Iron-Hands,Iron-Hands,0,2
Chansey,Arctozolt,Arctozolt,0,1
Scatterbug,Bibarel,Bibarel,0,1
Cetoddle,Jellicent-Male,Jellicent-Male,0,3
Scorbunny,Sinistcha,Sinistcha,0,2
Wiglett,Qwilfish,Qwilfish,0,1
Beheeyem,Clamperl,Beheeyem,1,1
Venomoth,Eelektrik,Venomoth,1,3
Terrakion,Watchog,Terrakion,1,1
Probopass,Porygon,Probopass,1,4
Piloswine,Froakie,Piloswine,1,1
Stakataka,Eevee,Stakataka,1,1
Rhyperior,Sunflora,Sunflora,0,1
Dreepy,Tapu-Bulu,Tapu-Bulu,0,1
Spewpa,Uxie,Uxie,0,1
Stantler,Sandaconda,Stantler,1,2
Mew,Espathra,Mew,1,4
Pikipek,Aegislash-Shield,Aegislash-Shield,0,1
Sneasler,Ekans,Sneasler,1,1
Gouging-Fire,Pidgeot,Gouging-Fire,1,3
Zamazenta,Duskull,Zamazenta,1,2
Tapu-Koko,Rayquaza,Tapu-Koko,1,2
Rockruff,Cyndaquil,Rockruff,1,1
Inkay,Riolu,Inkay,1,1
Panpour,Slurpuff,Slurpuff,0,2
Sandile,Sinistea,Sandile,1,1
Totodile,Froakie,Totodile,1,2
Palpitoad,Pawmi,Palpitoad,1,1
Charmeleon,Swinub,Charmeleon,1,1
Floragato,Dragonite,Dragonite,0,1
Panpour,Watchog,Watchog,0,2
Suicune,Pelipper,Suicune,1,3
Pikachu,Furfrou,Furfrou,0,1
Tyranitar,Lilligant,Lilligant,0,2
Kingler,Heliolisk,Heliolisk,0,1
Dreepy,Rapidash,Rapidash,0,1
Kabutops,Misdreavus,Kabutops,1,2
Galvantula,Arctozolt,Arctozolt,0,2
Chimchar,Scorbunny,Scorbunny,0,2
Greninja,Meganium,Meganium,0,2
Salandit,Polteageist,Polteageist,0,2
Murkrow,Chingling,Murkrow,1,1
Goldeen,Druddigon,Druddigon,0,2
Makuhita,Fletchinder,Fletchinder,0,1
Rhyperior,Venonat,Rhyperior,1,1
Chien-Pao,Cosmoem,Chien-Pao,1,2
Rockruff,Chi-Yu,Chi-Yu,0,1
Sandslash,Fletchinder,Sandslash,1,2
Minccino,Slaking,Slaking,0,1
Combusken,Shuppet,Combusken,1,1
Kricketune,Walrein,Walrein,0,2
Toxtricity-Amped,Palkia,Palkia,0,2
Goodra,Heliolisk,Goodra,1,2
Shiftry,Vulpix,Shiftry,1,1
Golduck,Obstagoon,Obstagoon,0,3
Espeon,Duosion,Espeon,1,2
Duraludon,Eiscue-Ice,Duraludon,1,2
Palafin-Zero,Slither-Wing,Slither-Wing,0,3
Meltan,Vulpix,Vulpix,0,1
Cetitan,Trevenant,Cetitan,1,3
Walking-Wake,Dondozo,Walking-Wake,1,4
Tentacool,Electivire,Electivire,0,1
Rillaboom,Chien-Pao,Chien-Pao,0,2
Brambleghast,Honedge,Brambleghast,1,1
Lillipup,Morelull,Lillipup,1,2
Oshawott,Sealeo,Sealeo,0,3
Alomomola,Silicobra,Alomomola,1,2
Eternatus,Chatot,Eternatus,1,1
Weavile,Litleo,Weavile,1,1
Swellow,Eevee,Swellow,1,2
Mareep,Gothitelle,Gothitelle,0,2
Togedemaru,Decidueye,Decidueye,0,2
Roselia,Swellow,Swellow,0,1
Venonat,Poliwrath,Poliwrath,0,2
Togetic,Diggersby,Togetic,1,3
Pidgeotto,Charmander,Pidgeotto,1,2
Iron-Bundle,Klinklang,Iron-Bundle,1,2
Roserade,Gastly,Roserade,1,1
Scovillain,Sharpedo,Scovillain,1,1
Boldore,Shellos,Shellos,0,2
Crocalor,Bronzor,Crocalor,1,2
Fletchling,Kingler,Kingler,0,1
Spectrier,Jumpluff,Spectrier,1,1
Beldum,Poliwrath,Poliwrath,0,2
Meltan,Stakataka,Stakataka,0,2
Sudowoodo,Kilowattrel,Sudowoodo,1,1
Guzzlord,Runerigus,Guzzlord,1,2
Steenee,Makuhita,Makuhita,0,2
Sunflora,Tangela,Sunflora,1,1
Axew,Grafaiai,Grafaiai,0,1
Dragonair,Metagross,Metagross,0,2
Heatran,Swinub,Heatran,1,1
Overqwil,Swirlix,Overqwil,1,1
Slowpoke,Fennekin,Slowpoke,1,2
Guzzlord,Azurill,Guzzlord,1,2
Brambleghast,Tangela,Brambleghast,1,1
Politoed,Floatzel,Floatzel,0,4
Chespin,Naganadel,Naganadel,0,1
Crabrawler,Fraxure,Fraxure,0,2
Tapu-Bulu,Umbreon,Tapu-Bulu,1,3
Linoone,Magearna,Magearna,0,2
Escavalier,Quilava,Quilava,0,1
Omastar,Scolipede,Omastar,1,2
Mareanie,Barbaracle,Barbaracle,0,2
Roaring-Moon,Persian,Roaring-Moon,1,2
Sealeo,Lumineon,Sealeo,1,5
Nacli,Manectric,Manectric,0,1
Treecko,Decidueye,Decidueye,0,1
Great-Tusk,Meloetta-Aria,Meloetta-Aria,0,1
Diancie,Persian,Diancie,1,2
Obstagoon,Arctibax,Arctibax,0,2
Eiscue-Ice,Type-Null,Type-Null,0,4
Wailmer,Dracovish,Dracovish,0,3
Thundurus-Incarnate,Exeggutor,Thundurus-Incarnate,1,2
Sinistea,Golduck,Golduck,0,1
Eiscue-Ice,Seviper,Eiscue-Ice,1,3
Sunkern,Kleavor,Kleavor,0,1
Celesteela,Zarude,Celesteela,1,3
Dewott,Donphan,Dewott,1,2
Eevee,Urshifu-Single-Strike,Urshifu-Single-Strike,0,1
Farigiraf,Simisear,Farigiraf,1,2
Salandit,Tapu-Lele,Tapu-Lele,0,1
Spinarak,Wugtrio,Wugtrio,0,1
Croagunk,Swampert,Swampert,0,1
Arcanine,Scyther,Arcanine,1,2
Fletchling,Omanyte,Omanyte,0,1
Mudkip,Bombirdier,Bombirdier,0,1
Lillipup,Tangela,Tangela,0,1
Combee,Steenee,Steenee,0,1
Orthworm,Reshiram,Reshiram,0,1
Golbat,Thwackey,Golbat,1,2
Chien-Pao,Litleo,Chien-Pao,1,1
Skitty,Veluza,Veluza,0,1
Herdier,Krabby,Herdier,1,2
Cosmog,Sandaconda,Sandaconda,0,1
Iron-Boulder,Pyroar-Male,Iron-Boulder,1,1
Tangela,Klink,Tangela,1,2
Mankey,Ariados,Ariados,0,1
Mawile,Gossifleur,Mawile,1,2
Sentret,Hoopa,Hoopa,0,1
Delphox,Pachirisu,Delphox,1,2
Politoed,Mabosstiff,Politoed,1,3
Tatsugiri-Curly,Ninjask,Tatsugiri-Curly,1,1
Dolliv,Diglett,Dolliv,1,1
Centiskorch,Nymble,Centiskorch,1,1
Quilladin,Pheromosa,Pheromosa,0,1
Metagross,Iron-Bundle,Metagross,1,2
Milotic,Larvesta,Milotic,1,1
Charizard,Frosmoth,Charizard,1,1
Steenee,Spiritomb,Spiritomb,0,1
Pincurchin,Sceptile,Sceptile,0,2
Scream-Tail,Bounsweet,Scream-Tail,1,1
Pignite,Floette,Pignite,1,2
Cascoon,Litten,Litten,0,1
Eevee,Persian,Persian,0,2
Charjabug,Orthworm,Charjabug,1,3
Magby,Dubwool,Dubwool,0,1
Smeargle,Natu,Natu,0,2
Primarina,Haunter,Primarina,1,1
Weepinbell,Surskit,Weepinbell,1,1
Ponyta,Tapu-Fini,Tapu-Fini,0,1
Noibat,Doduo,Doduo,0,1
Chingling,Munchlax,Munchlax,0,2
Croagunk,Dialga,Dialga,0,1
Regirock,Conkeldurr,Conkeldurr,0,3
Ninetales,Scrafty,Scrafty,0,3
Spectrier,Marowak,Spectrier,1,1
Mew,Gouging-Fire,Mew,1,4
Umbreon,Toxapex,Umbreon,1,5
Raging-Bolt,Deino,Raging-Bolt,1,1
Maushold-Family-Of-Four,Larvitar,Maushold-Family-Of-Four,1,2
Garbodor,Banette,Banette,0,3
Palpitoad,Vanillite,Palpitoad,1,2
Sawsbuck,Shiinotic,Sawsbuck,1,2
Toedscruel,Gastly,Toedscruel,1,1
Swellow,Oddish,Swellow,1,1
Crocalor,Watchog,Crocalor,1,2
Frigibax,Solosis,Frigibax,1,2
Sceptile,Chimchar,Sceptile,1,2
Dracovish,Volbeat,Dracovish,1,4
Pinsir,Sigilyph,Sigilyph,0,2
Cherrim,Vullaby,Cherrim,1,2
Plusle,Chewtle,Plusle,1,1
Coalossal,Blaziken,Blaziken,0,3
Cosmog,Lechonk,Lechonk,0,2
Mewtwo,Wormadam-Plant,Mewtwo,1,2
Carkol,Conkeldurr,Conkeldurr,0,1
Espurr,Glaceon,Glaceon,0,2
Gastrodon,Swinub,Gastrodon,1,1
Drifloon,Toxicroak,Toxicroak,0,2
Teddiursa,Sobble,Sobble,0,2
Carnivine,Mudbray,Carnivine,1,1
Victini,Iron-Hands,Victini,1,3
Metagross,Dialga,Dialga,0,4
Skitty,Frosmoth,Frosmoth,0,1
Dewott,Dragalge,Dragalge,0,2
Ogerpon,Vulpix,Ogerpon,1,1
Ditto,Ponyta,Ponyta,0,2
Wimpod,Exeggcute,Exeggcute,0,1
Seviper,Porygon2,Porygon2,0,3
Carvanha,Psyduck,Carvanha,1,2
Sealeo,Vanillish,Sealeo,1,2
Gyarados,Porygon-Z,Gyarados,1,2
Dolliv,Chimecho,Chimecho,0,2
Beheeyem,Ting-Lu,Ting-Lu,0,3
Dusclops,Krookodile,Krookodile,0,2
Mudbray,Clefairy,Mudbray,1,2
Scovillain,Alakazam,Alakazam,0,2
Tangrowth,Ribombee,Ribombee,0,2
Obstagoon,Leavanny,Leavanny,0,2
Floette,Latios,Latios,0,2
Croconaw,Pheromosa,Pheromosa,0,2
Lickitung,Wailmer,Wailmer,0,4
Arbok,Butterfree,Arbok,1,2
Polteageist,Lickilicky,Polteageist,1,5
Claydol,Starly,Claydol,1,1
Spinarak,Accelgor,Accelgor,0,2
Dipplin,Avalugg,Dipplin,1,2
Hitmontop,Corvisquire,Corvisquire,0,2
Porygon,Drilbur,Porygon,1,1
Terrakion,Mareanie,Terrakion,1,1
Bayleef,Buizel,Bayleef,1,1
Swadloon,Aipom,Swadloon,1,2
Volcanion,Cetitan,Volcanion,1,2
Marill,Bramblin,Bramblin,0,2
Toxicroak,Politoed,Toxicroak,1,3
Raichu,Abra,Raichu,1,1
Chespin,Galvantula,Galvantula,0,1
Spectrier,Lairon,Spectrier,1,3
Glimmet,Chespin,Glimmet,1,1
Makuhita,Cofagrigus,Cofagrigus,0,2
Tynamo,Marshtomp,Marshtomp,0,1
Greedent,Chansey,Greedent,1,1
Unown,Clawitzer,Clawitzer,0,1
Mr-Rime,Magearna,Magearna,0,2
Zacian,Darumaka,Zacian,1,2
Bronzong,Cetitan,Bronzong,1,3
Gengar,Iron-Bundle,Iron-Bundle,0,2
Electivire,Nidoran-F,Electivire,1,1
Zorua,Swanna,Swanna,0,1
Petilil,Lumineon,Lumineon,0,1
Wugtrio,Liepard,Wugtrio,1,2
Rockruff,Snivy,Snivy,0,1
Delphox,Voltorb,Delphox,1,1
Greavard,Ninetales,Ninetales,0,2
Vulpix,Gumshoos,Gumshoos,0,1
Torracat,Machoke,Machoke,0,2
Exeggcute,Scorbunny,Scorbunny,0,2
Quagsire,Politoed,Politoed,0,3
Psyduck,Rhyhorn,Psyduck,1,1
Treecko,Medicham,Medicham,0,1
Aegislash-Shield,Breloom,Aegislash-Shield,1,3
Sliggoo,Copperajah,Copperajah,0,2
Sinistcha,Turtwig,Sinistcha,1,1
Chi-Yu,Unfezant,Chi-Yu,1,1
Zweilous,Manectric,Manectric,0,2
Naclstack,Jolteon,Jolteon,0,2
Furfrou,Rhyperior,Rhyperior,0,2
Koraidon,Sinistcha,Koraidon,1,2
Noibat,Arboliva,Arboliva,0,1
Dratini,Mightyena,Mightyena,0,2
Cubone,Magcargo,Magcargo,0,1
Cloyster,Walrein,Walrein,0,2
Milotic,Chingling,Milotic,1,1
Feebas,Bellsprout,Bellsprout,0,1
Houndstone,Mr-Mime,Houndstone,1,1
Sneasel,Liepard,Sneasel,1,1
Ursaluna,Cherrim,Ursaluna,1,2
Rhyhorn,Kakuna,Rhyhorn,1,1
Magcargo,Gallade,Gallade,0,2
Watchog,Squirtle,Watchog,1,2
Mantyke,Lopunny,Lopunny,0,2
Ursaluna,Gholdengo,Ursaluna,1,2
Floatzel,Swadloon,Floatzel,1,2
Probopass,Diggersby,Diggersby,0,2
Whiscash,Amaura,Whiscash,1,2
Mesprit,Gabite,Mesprit,1,1
Dipplin,Electabuzz,Electabuzz,0,2
Aerodactyl,Arctovish,Aerodactyl,1,2
Chi-Yu,Cherrim,Chi-Yu,1,1
Seadra,Gliscor,Seadra,1,1
Chatot,Iron-Thorns,Iron-Thorns,0,1
Kirlia,Marowak,Marowak,0,1
Haunter,Dondozo,Dondozo,0,2
Clodsire,Emboar,Clodsire,1,2
Diglett,Malamar,Malamar,0,1
Larvitar,Wurmple,Larvitar,1,1
Victreebel,Phantump,Victreebel,1,1
Parasect,Uxie,Uxie,0,2
Toxtricity-Amped,Sawk,Sawk,0,3
Bellsprout,Landorus-Incarnate,Landorus-Incarnate,0,1
Igglybuff,Salazzle,Salazzle,0,1
Gothorita,Raticate,Gothorita,1,2
Tentacruel,Diglett,Tentacruel,1,1
Sentret,Druddigon,Druddigon,0,1
Hitmonchan,Buzzwole,Buzzwole,0,2
Swoobat,Butterfree,Swoobat,1,1
Ponyta,Parasect,Ponyta,1,1
Simipour,Brambleghast,Simipour,1,2
Jigglypuff,Duosion,Duosion,0,1
Duosion,Rillaboom,Rillaboom,0,2
Honedge,Hoothoot,Honedge,1,1
Tapu-Bulu,Dartrix,Tapu-Bulu,1,2
Arceus,Remoraid,Arceus,1,1
Zapdos,Hydrapple,Zapdos,1,1
Brute-Bonnet,Iron-Hands,Iron-Hands,0,2
Yanmega,Wailord,Wailord,0,2
Unfezant,Klang,Klang,0,2
Durant,Cleffa,Durant,1,1
Omanyte,Ampharos,Ampharos,0,1
Poochyena,Dwebble,Dwebble,0,1
Iron-Leaves,Numel,Iron-Leaves,1,2
Beartic,Rufflet,Beartic,1,2
Swalot,Jellicent-Male,Jellicent-Male,0,4
Haunter,Bunnelby,Haunter,1,1
Forretress,Squawkabilly-Green-Plumage,Forretress,1,2
Greedent,Goldeen,Greedent,1,2
Purugly,Donphan,Donphan,0,2
Fennekin,Magby,Magby,0,2
Clobbopus,Iron-Moth,Iron-Moth,0,1
Quaxwell,Tatsugiri-Curly,Tatsugiri-Curly,0,2
Tangela,Swellow,Swellow,0,1
Togetic,Vikavolt,Vikavolt,0,1
Geodude,Frogadier,Frogadier,0,1
Gabite,Roaring-Moon,Roaring-Moon,0,1
Krokorok,Trumbeak,Trumbeak,0,2
Purugly,Servine,Purugly,1,2
Sylveon,Spiritomb,Sylveon,1,2
Whismur,Flamigo,Flamigo,0,1
Gouging-Fire,Jynx,Gouging-Fire,1,2
Orbeetle,Parasect,Orbeetle,1,2
Braviary,Leavanny,Braviary,1,1
Deerling,Shinx,Deerling,1,1
Sobble,Qwilfish,Qwilfish,0,1
Tinkatink,Boldore,Boldore,0,2
Cufant,Swirlix,Cufant,1,2
Noivern,Eiscue-Ice,Eiscue-Ice,0,1
Buneary,Weezing,Weezing,0,2
Nincada,Lopunny,Lopunny,0,1
Drakloak,Wynaut,Drakloak,1,2
Rowlet,Blissey,Blissey,0,1
Shelmet,Obstagoon,Obstagoon,0,2
Wooper,Sawk,Sawk,0,1
Crobat,Azurill,Crobat,1,1
Mr-Mime,Fomantis,Mr-Mime,1,1
Dragapult,Tranquill,Dragapult,1,1
Turtwig,Drifblim,Drifblim,0,1
Karrablast,Grumpig,Grumpig,0,2
Spewpa,Weezing,Weezing,0,1
Gorebyss,Nymble,Gorebyss,1,1
Arboliva,Floatzel,Arboliva,1,1
Furfrou,Rowlet,Furfrou,1,1
Nosepass,Zorua,Zorua,0,2
Grafaiai,Gimmighoul,Grafaiai,1,3
Gimmighoul,Great-Tusk,Great-Tusk,0,1
Lanturn,Hitmonchan,Hitmonchan,0,3
Genesect,Frigibax,Genesect,1,1
Ninetales,Sawsbuck,Ninetales,1,2
Gothita,Pansage,Gothita,1,2
Thwackey,Carnivine,Carnivine,0,2
Talonflame,Mienfoo,Talonflame,1,1
Skiploom,Hippopotas,Skiploom,1,2
Monferno,Jumpluff,Jumpluff,0,2
Shuckle,Quaxly,Quaxly,0,2
Butterfree,Unown,Butterfree,1,1
Toxel,Wailord,Wailord,0,1
Torkoal,Spinda,Torkoal,1,2
Stonjourner,Orbeetle,Orbeetle,0,2
Dodrio,Archeops,Archeops,0,1
Kadabra,Machoke,Kadabra,1,1
Keldeo-Ordinary,Serperior,Keldeo-Ordinary,1,2
Staryu,Manectric,Manectric,0,1
Yamask,Sinistcha,Sinistcha,0,1
Florges,Gigalith,Gigalith,0,2
Rookidee,Tympole,Tympole,0,1
Pecharunt,Sizzlipede,Pecharunt,1,1
Clauncher,Drilbur,Clauncher,1,1
Octillery,Smoochum,Octillery,1,1
Shiinotic,Gloom,Gloom,0,1
Espurr,Torracat,Torracat,0,2
Drowzee,Throh,Throh,0,2
Conkeldurr,Hariyama,Conkeldurr,1,3
Spheal,Appletun,Appletun,0,1
Crocalor,Muk,Muk,0,3
Kleavor,Fearow,Kleavor,1,1
Vikavolt,Orthworm,Vikavolt,1,2
Simipour,Lugia,Lugia,0,3
Weedle,Butterfree,Butterfree,0,1
Huntail,Vanillite,Huntail,1,1
Morpeko-Full-Belly,Iron-Treads,Iron-Treads,0,1
Dustox,Aipom,Aipom,0,3
Ribombee,Spoink,Ribombee,1,1
Iron-Moth,Carnivine,Iron-Moth,1,1
Gothorita,Rhydon,Gothorita,1,2
Emolga,Rellor,Emolga,1,1
Poliwag,Politoed,Politoed,0,2
Slowpoke,Lairon,Slowpoke,1,2
Sobble,Victini,Victini,0,1
Dragalge,Volcanion,Volcanion,0,2
Barraskewda,Plusle,Plusle,0,1
Scorbunny,Empoleon,Empoleon,0,1
Palossand,Gholdengo,Gholdengo,0,2
Zubat,Buzzwole,Buzzwole,0,1
Toedscruel,Floatzel,Floatzel,0,2
Escavalier,Miltank,Escavalier,1,3
Porygon-Z,Mankey,Porygon-Z,1,1
Thundurus-Incarnate,Toxtricity-Amped,Toxtricity-Amped,0,2
Dewott,Palafin-Zero,Palafin-Zero,0,4
Naclstack,Snom,Naclstack,1,1
Krabby,Frogadier,Frogadier,0,1
Raikou,Skiddo,Raikou,1,1
Bulbasaur,Ducklett,Ducklett,0,1
Solrock,Litleo,Solrock,1,1
Sandshrew,Stufful,Stufful,0,2
Numel,Musharna,Musharna,0,2
Celebi,Buneary,Celebi,1,2
Aipom,Jellicent-Male,Jellicent-Male,0,2
Passimian,Omastar,Passimian,1,2
Azurill,Kommo-O,Kommo-O,0,1
Spidops,Rhyperior,Rhyperior,0,1
Electrike,Salazzle,Salazzle,0,1
Marowak,Araquanid,Araquanid,0,2
Chandelure,Xatu,Chandelure,1,2
Arctovish,Axew,Arctovish,1,1
Braviary,Kyurem,Kyurem,0,2
Delphox,Remoraid,Delphox,1,1
Piloswine,Tarountula,Piloswine,1,1
Togekiss,Shaymin-Land,Shaymin-Land,0,3
Lunala,Blastoise,Lunala,1,3
Mimikyu-Disguised,Copperajah,Copperajah,0,1
Celesteela,Grimer,Celesteela,1,2
Poliwag,Pikipek,Poliwag,1,1
Seaking,Sableye,Seaking,1,2
Armaldo,Eelektross,Eelektross,0,3
Toxel,Deoxys-Normal,Deoxys-Normal,0,1
Tropius,Kabuto,Tropius,1,1
Komala,Inteleon,Inteleon,0,2
Zangoose,Salandit,Zangoose,1,1
Venonat,Sirfetchd,Sirfetchd,0,2
Charcadet,Floragato,Floragato,0,2
Trevenant,Excadrill,Excadrill,0,2
Lillipup,Empoleon,Empoleon,0,1
Silvally,Tadbulb,Silvally,1,2
Poliwhirl,Sirfetchd,Sirfetchd,0,2
Golett,Finneon,Finneon,0,2
Slurpuff,Victini,Victini,0,3
Wobbuffet,Azelf,Azelf,0,6
Kubfu,Swellow,Swellow,0,1
Sneasler,Yamask,Sneasler,1,2
Solgaleo,Shroomish,Solgaleo,1,1
Genesect,Indeedee-Male,Genesect,1,1
Shelmet,Meditite,Shelmet,1,2
Wingull,Grimmsnarl,Grimmsnarl,0,1
Zekrom,Gurdurr,Zekrom,1,2
Lucario,Heatran,Heatran,0,1
Necrozma,Surskit,Necrozma,1,1
Perrserker,Groudon,Groudon,0,1
Jynx,Tangrowth,Jynx,1,1
Hitmonchan,Virizion,Virizion,0,2
Gallade,Mudbray,Gallade,1,2
Necrozma,Graveler,Necrozma,1,1
Graveler,Pichu,Graveler,1,1
Fletchinder,Deino,Fletchinder,1,2
Greedent,Beautifly,Greedent,1,2
Landorus-Incarnate,Bagon,Landorus-Incarnate,1,1
Tadbulb,Luxray,Luxray,0,2
Skwovet,Slugma,Skwovet,1,2
Okidogi,Sunkern,Okidogi,1,1
Delcatty,Toucannon,Toucannon,0,2
Braviary,Toxel,Braviary,1,1
Primarina,Electabuzz,Electabuzz,0,2
Silicobra,Nidoqueen,Nidoqueen,0,2
Raging-Bolt,Goomy,Raging-Bolt,1,1
Genesect,Rayquaza,Genesect,1,2
Solrock,Togekiss,Togekiss,0,2
Shiftry,Okidogi,Okidogi,0,1
Magmortar,Azurill,Magmortar,1,1
Cufant,Iron-Boulder,Cufant,1,2
Blacephalon,Yamask,Blacephalon,1,1
Chingling,Beheeyem,Beheeyem,0,2
Sprigatito,Ferrothorn,Ferrothorn,0,1
Stoutland,Flareon,Stoutland,1,2
Finizen,Cubone,Finizen,1,2
Bellossom,Oricorio-Baile,Oricorio-Baile,0,2
Magby,Sableye,Sableye,0,1
Kangaskhan,Tinkatuff,Kangaskhan,1,4
Oddish,Orthworm,Orthworm,0,2
Beldum,Blacephalon,Blacephalon,0,1
Furret,Delphox,Delphox,0,2
Hitmonchan,Gimmighoul,Hitmonchan,1,5
Fezandipiti,Lickitung,Fezandipiti,1,3
Monferno,Kubfu,Monferno,1,2
Abomasnow,Ribombee,Abomasnow,1,2
Volcanion,Sneasel,Volcanion,1,1
Vanillite,Lechonk,Vanillite,1,2
Starly,Cherubi,Starly,1,1
Magmortar,Moltres,Moltres,0,2
Runerigus,Quagsire,Quagsire,0,2
Kecleon,Iron-Boulder,Iron-Boulder,0,2
Capsakid,Horsea,Horsea,0,1
Litleo,Electivire,Electivire,0,2
Spiritomb,Fezandipiti,Fezandipiti,0,2
Claydol,Gouging-Fire,Gouging-Fire,0,4
Psyduck,Skeledirge,Skeledirge,0,2
Tyrogue,Palossand,Palossand,0,1
Tapu-Fini,Snorunt,Tapu-Fini,1,2
Iron-Leaves,Lechonk,Iron-Leaves,1,2
Butterfree,Skeledirge,Skeledirge,0,1
Bellossom,Raikou,Raikou,0,2
Teddiursa,Sigilyph,Sigilyph,0,2
Kilowattrel,Pyukumuku,Kilowattrel,1,2
Spinarak,Venusaur,Venusaur,0,1
Dolliv,Turtonator,Turtonator,0,1
Melmetal,Ribombee,Melmetal,1,1
Dondozo,Kingambit,Dondozo,1,6
Toedscool,Skorupi,Skorupi,0,1
Litwick,Solrock,Solrock,0,1
Articuno,Hatenna,Articuno,1,1
Minior-Red-Meteor,Houndoom,Houndoom,0,2
Drapion,Zacian,Zacian,0,3
Vespiquen,Shuckle,Vespiquen,1,3
Meditite,Hippopotas,Hippopotas,0,1
Wugtrio,Dachsbun,Dachsbun,0,2
Poipole,Arctovish,Arctovish,0,3
Spritzee,Incineroar,Incineroar,0,3
Flareon,Trubbish,Flareon,1,2
Entei,Shaymin-Land,Entei,1,3
Togetic,Lumineon,Lumineon,0,3
Kingler,Golurk,Kingler,1,3
Sinistcha,Sunkern,Sinistcha,1,1
Vibrava,Zamazenta,Zamazenta,0,1
Frosmoth,Exeggutor,Frosmoth,1,2
Stonjourner,Celesteela,Celesteela,0,2
Wugtrio,Exeggutor,Exeggutor,0,1
Goodra,Roselia,Goodra,1,2
Fletchling,Iron-Hands,Iron-Hands,0,1
Pichu,Mudbray,Mudbray,0,1
Bergmite,Urshifu-Single-Strike,Urshifu-Single-Strike,0,1
Golurk,Tinkaton,Golurk,1,2
Rockruff,Cyndaquil,Rockruff,1,1
Nickit,Probopass,Probopass,0,1
Meowscarada,Frigibax,Meowscarada,1,2
Mesprit,Crabrawler,Mesprit,1,1
Boldore,Salamence,Salamence,0,2
Archeops,Forretress,Forretress,0,2
Purrloin,Numel,Numel,0,1
Spiritomb,Okidogi,Okidogi,0,4
Drakloak,Pyroar-Male,Pyroar-Male,0,2
Audino,Pyroar-Male,Pyroar-Male,0,4
Grotle,Fidough,Grotle,1,2
Wigglytuff,Jynx,Wigglytuff,1,2
Carkol,Mabosstiff,Mabosstiff,0,4
Clauncher,Mimikyu-Disguised,Mimikyu-Disguised,0,2
Orthworm,Pidgeotto,Orthworm,1,2
Cyndaquil,Snorunt,Cyndaquil,1,1
Necrozma,Espurr,Necrozma,1,2
Amoonguss,Aegislash-Shield,Aegislash-Shield,0,5
Pyukumuku,Cloyster,Cloyster,0,5
Iron-Jugulis,Oranguru,Iron-Jugulis,1,2
Type-Null,Aromatisse,Type-Null,1,4
Tapu-Lele,Kadabra,Tapu-Lele,1,1
Reuniclus,Chimecho,Reuniclus,1,4
Roserade,Dusclops,Roserade,1,2
Snover,Dragonite,Dragonite,0,1
Chansey,Pawniard,Pawniard,0,1
Drowzee,Wugtrio,Wugtrio,0,2
Lugia,Machamp,Lugia,1,2
Togekiss,Sneasel,Togekiss,1,1
Zweilous,Buzzwole,Buzzwole,0,1
Magcargo,Seedot,Magcargo,1,1
Durant,Sealeo,Sealeo,0,2
Crawdaunt,Diglett,Crawdaunt,1,1
Beautifly,Dolliv,Beautifly,1,1
Qwilfish,Raticate,Qwilfish,1,2
Scatterbug,Ditto,Ditto,0,2
Machop,Glalie,Glalie,0,2
Trubbish,Pheromosa,Pheromosa,0,2
Iron-Valiant,Wailord,Wailord,0,2
Cherubi,Diancie,Diancie,0,1
Kingdra,Blipbug,Kingdra,1,1
Kabuto,Geodude,Kabuto,1,1
Suicune,Iron-Moth,Suicune,1,2
Poliwhirl,Thwackey,Thwackey,0,2
Zweilous,Sunflora,Sunflora,0,2
Tapu-Bulu,Magnezone,Magnezone,0,2
Wigglytuff,Arbok,Arbok,0,2
Larvesta,Dracovish,Dracovish,0,1
Ribombee,Butterfree,Ribombee,1,2
Crabrawler,Joltik,Joltik,0,2
Gloom,Vigoroth,Vigoroth,0,3
Noivern,Machoke,Noivern,1,2
Glimmora,Torracat,Glimmora,1,2
Vanillite,Kricketune,Kricketune,0,1
Iron-Crown,Solrock,Iron-Crown,1,3
Gholdengo,Type-Null,Gholdengo,1,5
Ninetales,Stonjourner,Stonjourner,0,1
Falinks,Unfezant,Unfezant,0,2
Dugtrio,Spinda,Dugtrio,1,2
Budew,Hattrem,Hattrem,0,1
Sandshrew,Baltoy,Baltoy,0,2
Sunflora,Pawmo,Sunflora,1,1
Pumpkaboo-Average,Cubchoo,Cubchoo,0,1
Xurkitree,Herdier,Xurkitree,1,2
Jirachi,Floatzel,Jirachi,1,2
Seviper,Runerigus,Runerigus,0,1
Electabuzz,Kommo-O,Kommo-O,0,2
Armaldo,Meowstic-Male,Armaldo,1,1
Feraligatr,Rufflet,Feraligatr,1,2
Milotic,Dreepy,Milotic,1,1
Swinub,Simisear,Simisear,0,1
Swirlix,Slaking,Slaking,0,1
Coalossal,Dragalge,Coalossal,1,3
Grimer,Helioptile,Grimer,1,1
Weavile,Koffing,Weavile,1,2
Shedinja,Vaporeon,Vaporeon,0,1
Gogoat,Sandshrew,Gogoat,1,1
Tentacool,Litten,Tentacool,1,1
Braviary,Noibat,Braviary,1,1
Elekid,Zweilous,Zweilous,0,2
Quilladin,Comfey,Comfey,0,2
Carkol,Tangrowth,Carkol,1,2
Furret,Farfetchd,Furret,1,2
Rotom,Durant,Rotom,1,2
Togetic,Duraludon,Duraludon,0,1
Xatu,Scizor,Scizor,0,2
Chatot,Toedscool,Chatot,1,1
Cyndaquil,Sawk,Sawk,0,1
Flutter-Mane,Suicune,Flutter-Mane,1,4
Virizion,Tyranitar,Virizion,1,2
Staraptor,Ditto,Staraptor,1,1
Floette,Snorunt,Floette,1,2
Basculin-Red-Striped,Mantyke,Basculin-Red-Striped,1,2
Gossifleur,Oranguru,Oranguru,0,1
Hypno,Leavanny,Leavanny,0,2
Registeel,Milotic,Milotic,0,5
Beedrill,Bouffalant,Bouffalant,0,1
Glaceon,Trubbish,Glaceon,1,1
Zebstrika,Registeel,Registeel,0,4
Drifblim,Latias,Drifblim,1,2
Phione,Oshawott,Phione,1,2
Hydreigon,Nidorina,Hydreigon,1,2
Purrloin,Ampharos,Ampharos,0,1
Pignite,Crocalor,Pignite,1,3
Regirock,Spidops,Regirock,1,2
Cursola,Lairon,Lairon,0,2
Togetic,Amaura,Amaura,0,2
Celesteela,Raging-Bolt,Raging-Bolt,0,2
Croconaw,Electrike,Electrike,0,2
Wormadam-Plant,Morgrem,Wormadam-Plant,1,2
Snom,Articuno,Articuno,0,1
Fidough,Kilowattrel,Kilowattrel,0,1
Deoxys-Normal,Doublade,Doublade,0,1
Electrode,Stonjourner,Electrode,1,2
Centiskorch,Gossifleur,Centiskorch,1,1
Bounsweet,Grapploct,Grapploct,0,1
Litten,Toxicroak,Toxicroak,0,1
Cutiefly,Surskit,Cutiefly,1,2
Piplup,Ursaluna,Ursaluna,0,1
Corphish,Chimchar,Corphish,1,1
Sandile,Whimsicott,Whimsicott,0,1
Guzzlord,Ogerpon,Guzzlord,1,3
Uxie,Calyrex,Uxie,1,4
Raticate,Sandygast,Raticate,1,2
Squirtle,Fezandipiti,Fezandipiti,0,2
Machoke,Corphish,Machoke,1,2
Oranguru,Nymble,Oranguru,1,1
Komala,Skuntank,Skuntank,0,2
Aurorus,Meltan,Aurorus,1,2
Vanillite,Smoochum,Smoochum,0,1
Duraludon,Mimikyu-Disguised,Duraludon,1,1
Porygon,Carbink,Carbink,0,4
Nihilego,Maushold-Family-Of-Four,Nihilego,1,3
Camerupt,Larvesta,Camerupt,1,2
Hitmontop,Flittle,Hitmontop,1,1
Zubat,Starly,Starly,0,2
Tyranitar,Victini,Tyranitar,1,2
Ferroseed,Eelektrik,Eelektrik,0,3
Doduo,Cetoddle,Cetoddle,0,1
Iron-Moth,Dustox,Iron-Moth,1,1
Impidimp,Noibat,Impidimp,1,1
Stufful,Octillery,Octillery,0,2
Mothim,Linoone,Linoone,0,2
Reshiram,Gogoat,Reshiram,1,2
Venomoth,Zangoose,Zangoose,0,2
Silvally,Oinkologne-Male,Silvally,1,4
Furret,Chandelure,Chandelure,0,2
Ferroseed,Conkeldurr,Conkeldurr,0,1
Surskit,Cutiefly,Cutiefly,0,2
Zangoose,Cetoddle,Zangoose,1,2
Jangmo-O,Beedrill,Beedrill,0,2
Tyrogue,Jigglypuff,Jigglypuff,0,1
Bulbasaur,Bombirdier,Bombirdier,0,1
Spiritomb,Dusclops,Spiritomb,1,1
Clodsire,Pawniard,Clodsire,1,1
Dudunsparce-Two-Segment,Slither-Wing,Slither-Wing,0,2
Nickit,Dusknoir,Dusknoir,0,1
Suicune,Servine,Suicune,1,2
Musharna,Dottler,Musharna,1,3
Skrelp,Escavalier,Escavalier,0,2
Simisage,Blitzle,Simisage,1,1
Venomoth,Altaria,Venomoth,1,2
Hatterene,Magnemite,Hatterene,1,1
Azumarill,Meloetta-Aria,Meloetta-Aria,0,3
Polteageist,Sunkern,Polteageist,1,1
Luxray,Snivy,Luxray,1,1
Volcarona,Swalot,Volcarona,1,3
Wishiwashi-Solo,Koffing,Koffing,0,1
Vullaby,Gyarados,Gyarados,0,2
Vigoroth,Skuntank,Skuntank,0,3
Silicobra,Nacli,Silicobra,1,2
Duskull,Smeargle,Duskull,1,3
Mr-Rime,Charmeleon,Mr-Rime,1,2
Aromatisse,Mewtwo,Mewtwo,0,3
Masquerain,Conkeldurr,Conkeldurr,0,2
Venonat,Arctovish,Arctovish,0,2
Gogoat,Phione,Gogoat,1,2
Mightyena,Nidoking,Nidoking,0,2
Piloswine,Incineroar,Incineroar,0,2
Mankey,Rapidash,Rapidash,0,1
Mismagius,Kyogre,Kyogre,0,2
Kommo-O,Mawile,Kommo-O,1,2
Hippowdon,Leafeon,Hippowdon,1,2
Decidueye,Quaxly,Decidueye,1,1
Nidoqueen,Tyrantrum,Nidoqueen,1,2
Moltres,Drakloak,Moltres,1,1
Klink,Thievul,Thievul,0,2
Delphox,Silvally,Silvally,0,3
Machop,Lombre,Lombre,0,2
Hypno,Toedscool,Hypno,1,1
Drizzile,Timburr,Drizzile,1,2
Roggenrola,Sandile,Sandile,0,2
Bulbasaur,Tyranitar,Tyranitar,0,1
Cinderace,Wo-Chien,Wo-Chien,0,3
Grimmsnarl,Cofagrigus,Grimmsnarl,1,2
Swellow,Meowth,Swellow,1,1
Empoleon,Arbok,Empoleon,1,2
Drowzee,Mr-Mime,Mr-Mime,0,3
Azelf,Murkrow,Azelf,1,1
Shelmet,Hakamo-O,Hakamo-O,0,3
Lunatone,Dragonite,Lunatone,1,2
Drowzee,Sneasel,Sneasel,0,2
Meowstic-Male,Stufful,Meowstic-Male,1,1
Magnezone,Weavile,Weavile,0,2
Lanturn,Oddish,Lanturn,1,2
Reuniclus,Blipbug,Reuniclus,1,1
Keldeo-Ordinary,Mime-Jr,Keldeo-Ordinary,1,1
Tropius,Psyduck,Tropius,1,1
Wiglett,Xerneas,Xerneas,0,1
Eternatus,Galvantula,Eternatus,1,2
Slaking,Combee,Slaking,1,1
Seviper,Azumarill,Seviper,1,2
Koffing,Drilbur,Drilbur,0,1
Sandshrew,Dracozolt,Dracozolt,0,1
Fomantis,Oddish,Oddish,0,1
Fennekin,Scovillain,Scovillain,0,1
Quaxly,Swinub,Quaxly,1,1
Quagsire,Arboliva,Arboliva,0,1
Fomantis,Linoone,Linoone,0,1
Mothim,Maushold-Family-Of-Four,Maushold-Family-Of-Four,0,2
Impidimp,Mandibuzz,Mandibuzz,0,1
Volcarona,Indeedee-Male,Volcarona,1,2
Mimikyu-Disguised,Koraidon,Mimikyu-Disguised,1,2
Flygon,Pansage,Flygon,1,1
Venipede,Clefairy,Venipede,1,2
Misdreavus,Bruxish,Misdreavus,1,2
Hatterene,Cyndaquil,Hatterene,1,1
Goodra,Glaceon,Goodra,1,3
Latias,Mareep,Latias,1,1
Weezing,Starly,Weezing,1,1
Pichu,Spiritomb,Spiritomb,0,1
Simisage,Bunnelby,Simisage,1,1
Iron-Boulder,Meowscarada,Iron-Boulder,1,2
Yanma,Falinks,Yanma,1,2
Terapagos,Stunfisk,Stunfisk,0,4
Venipede,Swalot,Swalot,0,2
Rellor,Blacephalon,Blacephalon,0,1
Heracross,Sprigatito,Heracross,1,1
Tinkatuff,Snom,Tinkatuff,1,1
Golett,Corvisquire,Corvisquire,0,2
Bewear,Dragonair,Bewear,1,2
Floette,Beedrill,Beedrill,0,1
Gurdurr,Spritzee,Spritzee,0,2
Simisage,Entei,Entei,0,2
Mightyena,Boldore,Mightyena,1,2
Grotle,Mareanie,Grotle,1,2
Octillery,Machoke,Octillery,1,2
Azelf,Thundurus-Incarnate,Azelf,1,2
Wingull,Floragato,Floragato,0,1
Clawitzer,Bidoof,Clawitzer,1,1
Umbreon,Tandemaus,Umbreon,1,2
Trapinch,Crawdaunt,Crawdaunt,0,1
Slowking,Celesteela,Celesteela,0,3
Nidorina,Cradily,Cradily,0,3
Sandslash,Beedrill,Sandslash,1,2
Dudunsparce-Two-Segment,Vibrava,Dudunsparce-Two-Segment,1,1
Monferno,Spearow,Monferno,1,1
Magikarp,Alcremie,Alcremie,0,1
Tinkatuff,Turtonator,Turtonator,0,2
Mr-Mime,Quaxwell,Mr-Mime,1,2
Durant,Swalot,Durant,1,3
Gimmighoul,Krokorok,Krokorok,0,2
Charjabug,Rockruff,Charjabug,1,1
Croagunk,Throh,Throh,0,2
Gholdengo,Mudbray,Gholdengo,1,1
Coalossal,Natu,Coalossal,1,1
Axew,Eevee,Axew,1,2
Umbreon,Cofagrigus,Umbreon,1,2
Cacturne,Cinccino,Cinccino,0,2
Tropius,Obstagoon,Obstagoon,0,2
Dipplin,Latias,Latias,0,1
Parasect,Brionne,Brionne,0,2
Diggersby,Lechonk,Diggersby,1,2
Passimian,Cursola,Cursola,0,3
Scrafty,Rayquaza,Rayquaza,0,1
Iron-Bundle,Ponyta,Iron-Bundle,1,1
Magneton,Blacephalon,Blacephalon,0,1
Krokorok,Pincurchin,Pincurchin,0,1
Iron-Jugulis,Spinda,Iron-Jugulis,1,2
Bronzor,Aromatisse,Aromatisse,0,4
Swadloon,Taillow,Taillow,0,1
Meloetta-Aria,Dondozo,Meloetta-Aria,1,4
Toxel,Scatterbug,Toxel,1,1
Frosmoth,Tapu-Fini,Tapu-Fini,0,3
Tympole,Eldegoss,Eldegoss,0,1
Xerneas,Ralts,Xerneas,1,1
Emolga,Foongus,Emolga,1,1
Cobalion,Steenee,Cobalion,1,1
Kricketune,Slither-Wing,Slither-Wing,0,2
Tyranitar,Budew,Tyranitar,1,1
Noibat,Pyroar-Male,Pyroar-Male,0,1
Scizor,Infernape,Infernape,0,1
Typhlosion,Mabosstiff,Typhlosion,1,2
Enamorus-Incarnate,Shroodle,Enamorus-Incarnate,1,1
Swadloon,Charizard,Charizard,0,1
Wyrdeer,Pineco,Wyrdeer,1,1
Maractus,Palafin-Zero,Maractus,1,2
Hatenna,Spinarak,Hatenna,1,1
Scream-Tail,Kilowattrel,Scream-Tail,1,2
Chesnaught,Swablu,Chesnaught,1,2
Staravia,Eevee,Staravia,1,2
Mienfoo,Barbaracle,Barbaracle,0,2
Yanma,Milotic,Milotic,0,1
Tandemaus,Honchkrow,Honchkrow,0,1
Vullaby,Octillery,Octillery,0,2
Kangaskhan,Bagon,Kangaskhan,1,1
Snubbull,Tapu-Koko,Tapu-Koko,0,2
Mudkip,Sandaconda,Sandaconda,0,2
Silcoon,Bayleef,Bayleef,0,2
Drifblim,Gothita,Drifblim,1,1
Sandygast,Buneary,Buneary,0,2
Munkidori,Rapidash,Munkidori,1,2
Magmortar,Diancie,Diancie,0,2
Terrakion,Lycanroc-Midday,Terrakion,1,1
Patrat,Swirlix,Swirlix,0,2
Regigigas,Gengar,Regigigas,1,4
Magnezone,Hippopotas,Magnezone,1,1
Bewear,Gyarados,Gyarados,0,2
Kartana,Dewgong,Kartana,1,2
Squirtle,Shroodle,Shroodle,0,2
Simipour,Garganacl,Simipour,1,2
Gourgeist-Average,Fletchinder,Gourgeist-Average,1,2
Archaludon,Seedot,Archaludon,1,1
Munna,Shaymin-Land,Shaymin-Land,0,2
Bombirdier,Gligar,Bombirdier,1,2
Sableye,Exeggcute,Sableye,1,1
Nuzleaf,Makuhita,Makuhita,0,1
Tyranitar,Krookodile,Krookodile,0,2
Wailmer,Milotic,Milotic,0,4
Wo-Chien,Umbreon,Wo-Chien,1,5
Squawkabilly-Green-Plumage,Bellibolt,Bellibolt,0,1
Wartortle,Grotle,Grotle,0,2
Jirachi,Ho-Oh,Ho-Oh,0,2
Dracozolt,Rayquaza,Rayquaza,0,1
Palafin-Zero,Pawmot,Pawmot,0,2
Cinccino,Drakloak,Cinccino,1,2
Chinchou,Luxio,Chinchou,1,3
Dewgong,Umbreon,Dewgong,1,5
Wailord,Grotle,Wailord,1,2
Uxie,Drifloon,Uxie,1,2
Vileplume,Amaura,Vileplume,1,1
Lilligant,Tyrantrum,Lilligant,1,2
Wurmple,Weavile,Weavile,0,1
Butterfree,Slither-Wing,Slither-Wing,0,2
Zeraora,Charcadet,Zeraora,1,1
Lileep,Unown,Lileep,1,2
Ralts,Breloom,Breloom,0,1
Ivysaur,Banette,Banette,0,2
Scizor,Skarmory,Skarmory,0,4
Whirlipede,Exeggcute,Whirlipede,1,1
Tentacruel,Purrloin,Tentacruel,1,1
Frillish-Male,Vivillon,Frillish-Male,1,2
Omanyte,Elgyem,Elgyem,0,1
Drifblim,Clodsire,Drifblim,1,4
Feraligatr,Kyogre,Kyogre,0,4
Dusknoir,Golem,Golem,0,3
Rattata,Steenee,Rattata,1,2
Zubat,Persian,Persian,0,1
Pinsir,Kleavor,Kleavor,0,2
Swanna,Drifblim,Swanna,1,3
Avalugg,Stufful,Avalugg,1,1
Garganacl,Genesect,Genesect,0,3
Gloom,Hoopa,Hoopa,0,1
Houndstone,Hitmonlee,Houndstone,1,2
Eternatus,Tropius,Eternatus,1,1
Drifblim,Salazzle,Salazzle,0,3
Avalugg,Spiritomb,Spiritomb,0,2
Diggersby,Machop,Machop,0,2
Victreebel,Cufant,Victreebel,1,3
Bayleef,Wobbuffet,Wobbuffet,0,5
Totodile,Malamar,Malamar,0,2
Meowstic-Male,Cloyster,Meowstic-Male,1,2
Zeraora,Glastrier,Glastrier,0,3
Frosmoth,Iron-Leaves,Iron-Leaves,0,2
Taillow,Panpour,Panpour,0,1
Lanturn,Hippopotas,Lanturn,1,1
Squawkabilly-Green-Plumage,Clamperl,Squawkabilly-Green-Plumage,1,2
Nidoking,Crobat,Crobat,0,3
Hatterene,Runerigus,Runerigus,0,2
Luvdisc,Tatsugiri-Curly,Tatsugiri-Curly,0,2
Pumpkaboo-Average,Cloyster,Cloyster,0,1
Dipplin,Morpeko-Full-Belly,Morpeko-Full-Belly,0,2
Voltorb,Weezing,Weezing,0,1
Kingler,Geodude,Kingler,1,1
Arctovish,Elgyem,Arctovish,1,2
Jolteon,Naganadel,Jolteon,1,2
Inteleon,Jumpluff,Inteleon,1,1
Larvesta,Purugly,Purugly,0,2
Sunflora,Entei,Entei,0,2
Deoxys-Normal,Poltchageist,Deoxys-Normal,1,1
Teddiursa,Aegislash-Shield,Aegislash-Shield,0,3
Starmie,Bronzong,Starmie,1,3
Purrloin,Excadrill,Excadrill,0,1
Mothim,Ralts,Mothim,1,1
Bellibolt,Gastly,Bellibolt,1,1
Charmeleon,Hitmontop,Hitmontop,0,2
Eldegoss,Raticate,Eldegoss,1,2
Rookidee,Drizzile,Drizzile,0,1
Conkeldurr,Virizion,Conkeldurr,1,2
Meganium,Eternatus,Eternatus,0,2
Sneasel,Jigglypuff,Sneasel,1,2
Relicanth,Mienshao,Mienshao,0,2
Tapu-Koko,Rookidee,Tapu-Koko,1,1
Garchomp,Prinplup,Garchomp,1,2
Froslass,Eelektrik,Froslass,1,3
Golem,Pinsir,Golem,1,2
Riolu,Zebstrika,Zebstrika,0,1
Deerling,Whiscash,Deerling,1,2
Sentret,Chespin,Chespin,0,2
Carkol,Cloyster,Cloyster,0,1
Chespin,Quaxwell,Quaxwell,0,2
Lucario,Furfrou,Lucario,1,1
Eelektross,Skrelp,Eelektross,1,1
Inteleon,Staravia,Inteleon,1,1
Silvally,Guzzlord,Silvally,1,4
Wormadam-Plant,Paras,Wormadam-Plant,1,1
Heracross,Dewgong,Heracross,1,2
Lickilicky,Phione,Lickilicky,1,3
Corsola,Pawniard,Corsola,1,2
Seedot,Gengar,Gengar,0,1
Mr-Mime,Tangela,Mr-Mime,1,1
Spritzee,Slurpuff,Slurpuff,0,3
Dachsbun,Lopunny,Lopunny,0,4
Wailord,Leavanny,Wailord,1,2
Greavard,Vespiquen,Vespiquen,0,2
Natu,Minior-Red-Meteor,Minior-Red-Meteor,0,1
Carvanha,Florges,Florges,0,1
Furfrou,Stonjourner,Furfrou,1,2
Conkeldurr,Bulbasaur,Conkeldurr,1,1
Ducklett,Goodra,Goodra,0,2
Hattrem,Primarina,Primarina,0,2
Cutiefly,Xurkitree,Xurkitree,0,1
Excadrill,Nidoran-F,Excadrill,1,1
Lillipup,Lokix,Lokix,0,1
Haxorus,Armaldo,Armaldo,0,3
Ekans,Kabuto,Kabuto,0,1
Lunatone,Quaquaval,Quaquaval,0,2
Magikarp,Decidueye,Decidueye,0,1
Cottonee,Weavile,Weavile,0,1
Flittle,Shaymin-Land,Shaymin-Land,0,1
Glalie,Gothorita,Glalie,1,3
Drowzee,Maushold-Family-Of-Four,Maushold-Family-Of-Four,0,2
Rabsca,Shuckle,Rabsca,1,2
Treecko,Nickit,Treecko,1,2
Munkidori,Luxray,Munkidori,1,2
Pincurchin,Centiskorch,Centiskorch,0,2
Duraludon,Kingambit,Kingambit,0,3
Milcery,Basculegion-Male,Basculegion-Male,0,1
Meowscarada,Jumpluff,Meowscarada,1,2
Banette,Prinplup,Banette,1,2
Articuno,Lumineon,Articuno,1,3
Bagon,Flareon,Flareon,0,1
Skeledirge,Jumpluff,Skeledirge,1,2
Magby,Honchkrow,Honchkrow,0,1
Emboar,Shinx,Emboar,1,1
Fletchling,Pidgeotto,Pidgeotto,0,2
Bellossom,Machamp,Machamp,0,3
Lokix,Revavroom,Revavroom,0,2
Groudon,Dodrio,Groudon,1,2
Varoom,Gliscor,Gliscor,0,1
Shelmet,Terrakion,Terrakion,0,1
Magby,Abra,Abra,0,1
Lombre,Cramorant,Cramorant,0,1
Mankey,Silvally,Silvally,0,1
Eelektross,Delcatty,Eelektross,1,2
Aurorus,Exeggutor,Aurorus,1,2
Taillow,Entei,Entei,0,1
Manectric,Prinplup,Manectric,1,1
Doduo,Sneasel,Sneasel,0,1
Fomantis,Xerneas,Xerneas,0,1
Kubfu,Electabuzz,Electabuzz,0,2
Weedle,Floette,Floette,0,1
Clefairy,Hoothoot,Clefairy,1,2
Dipplin,Seismitoad,Dipplin,1,1
Sliggoo,Scolipede,Scolipede,0,2
Piloswine,Togedemaru,Piloswine,1,1
Porygon,Azelf,Azelf,0,2
Morelull,Mienshao,Mienshao,0,1
Mankey,Bayleef,Bayleef,0,2
Vulpix,Cosmog,Vulpix,1,2
Drifblim,Marshtomp,Drifblim,1,3
Sliggoo,Dreepy,Sliggoo,1,1
Clefable,Shelmet,Clefable,1,2
Misdreavus,Gossifleur,Misdreavus,1,1
Alakazam,Spritzee,Alakazam,1,2
Cherubi,Salandit,Salandit,0,1
Mew,Rillaboom,Mew,1,3
Turtonator,Grimer,Turtonator,1,2
Whismur,Flabebe,Flabebe,0,1
Spewpa,Iron-Hands,Iron-Hands,0,2
Revavroom,Gastrodon,Gastrodon,0,1
Coalossal,Rufflet,Coalossal,1,1
Wattrel,Feraligatr,Feraligatr,0,1
Noivern,Miltank,Noivern,1,3
Toucannon,Pawniard,Toucannon,1,2
Pidgeot,Vanillish,Pidgeot,1,2
Duraludon,Sentret,Duraludon,1,1
Quaxwell,Magmar,Quaxwell,1,2
Duraludon,Delibird,Duraludon,1,1
Uxie,Camerupt,Uxie,1,3
Haxorus,Ampharos,Ampharos,0,2
Morgrem,Nacli,Morgrem,1,1
Necrozma,Scovillain,Necrozma,1,2
Pineco,Klinklang,Klinklang,0,2
Kangaskhan,Reshiram,Reshiram,0,3
Darumaka,Cacturne,Cacturne,0,2
Psyduck,Roaring-Moon,Roaring-Moon,0,1
Cubone,Comfey,Comfey,0,1
Shroodle,Cleffa,Shroodle,1,1
Trumbeak,Lurantis,Trumbeak,1,2
Bouffalant,Nincada,Bouffalant,1,1
Kecleon,Scyther,Scyther,0,2
Slugma,Emboar,Emboar,0,1
Binacle,Roaring-Moon,Roaring-Moon,0,2
Comfey,Electivire,Electivire,0,3
Rellor,Clodsire,Clodsire,0,2
Clodsire,Houndstone,Houndstone,0,3
Regirock,Hoopa,Regirock,1,2
Alomomola,Bruxish,Alomomola,1,4
Quagsire,Flareon,Quagsire,1,1
Pidgeotto,Duosion,Duosion,0,1
Mantyke,Dialga,Dialga,0,2
Bayleef,Duraludon,Duraludon,0,2
Arctibax,Magneton,Magneton,0,2
Blissey,Salazzle,Salazzle,0,2
Shiinotic,Rookidee,Shiinotic,1,1
Walrein,Mienshao,Mienshao,0,2
Aerodactyl,Gothitelle,Gothitelle,0,2
Omastar,Gouging-Fire,Gouging-Fire,0,3
Cherubi,Dubwool,Dubwool,0,2
Suicune,Quilava,Suicune,1,1
Sneasler,Drapion,Sneasler,1,3
Granbull,Sneasel,Granbull,1,2
Volcanion,Goomy,Volcanion,1,1
Poliwrath,Mabosstiff,Poliwrath,1,2
Purugly,Golduck,Golduck,0,2
Wynaut,Remoraid,Remoraid,0,3
Sneasel,Raging-Bolt,Raging-Bolt,0,2
Krookodile,Gible,Krookodile,1,1
Gulpin,Venomoth,Venomoth,0,3
Magcargo,Zoroark,Zoroark,0,2
Phione,Flygon,Phione,1,2
Venusaur,Mr-Rime,Mr-Rime,0,2
Tranquill,Scraggy,Tranquill,1,1
Leavanny,Dragonair,Leavanny,1,2
Koraidon,Thievul,Koraidon,1,1
Sandaconda,Exploud,Exploud,0,2
Huntail,Boltund,Boltund,0,1
Ledian,Darmanitan-Standard,Darmanitan-Standard,0,2
Furret,Haunter,Haunter,0,3
Klinklang,Lunatone,Klinklang,1,2
Pawmot,Bonsly,Pawmot,1,1
Blissey,Shuckle,Blissey,1,4
Poliwrath,Cinderace,Poliwrath,1,2
Delibird,Anorith,Anorith,0,1
Volcarona,Silcoon,Volcarona,1,1
Wugtrio,Kangaskhan,Kangaskhan,0,1
Cosmoem,Tentacool,Cosmoem,1,3
Whirlipede,Roserade,Roserade,0,2
Shellos,Bunnelby,Shellos,1,1
Groudon,Yamask,Groudon,1,1
Raboot,Raticate,Raticate,0,2
Froakie,Stakataka,Stakataka,0,1
Moltres,Hitmontop,Moltres,1,1
Relicanth,Bergmite,Relicanth,1,2
Breloom,Nosepass,Breloom,1,1
Noibat,Lillipup,Lillipup,0,1
Clodsire,Necrozma,Necrozma,0,2
Dialga,Zarude,Dialga,1,2
Bidoof,Cyclizar,Cyclizar,0,1
Volcanion,Beldum,Volcanion,1,1
Venomoth,Paras,Venomoth,1,1
Marowak,Meowth,Marowak,1,1
Mothim,Carkol,Carkol,0,1
Sharpedo,Geodude,Sharpedo,1,1
Venipede,Ninjask,Ninjask,0,1
Pawmi,Glalie,Glalie,0,1
Exploud,Yamper,Exploud,1,2
Mudkip,Watchog,Watchog,0,2
Zweilous,Poliwhirl,Poliwhirl,0,3
Persian,Kadabra,Persian,1,1
Wigglytuff,Drifblim,Wigglytuff,1,3
Iron-Hands,Gorebyss,Iron-Hands,1,2
Jirachi,Latios,Jirachi,1,3
Litwick,Vivillon,Vivillon,0,2
Capsakid,Talonflame,Talonflame,0,1
Bisharp,Farigiraf,Bisharp,1,3
Sawk,Skwovet,Sawk,1,1
Appletun,Munchlax,Munchlax,0,3
Cyndaquil,Togedemaru,Togedemaru,0,2
Braviary,Bergmite,Braviary,1,2
Carvanha,Lampent,Lampent,0,1
Hydrapple,Tinkaton,Tinkaton,0,2
Dustox,Piloswine,Piloswine,0,2
Growlithe,Dusknoir,Dusknoir,0,2
Floette,Nidoqueen,Nidoqueen,0,1
Steelix,Diglett,Steelix,1,1
Munchlax,Quilladin,Munchlax,1,3
Gliscor,Kricketot,Gliscor,1,1
Gumshoos,Conkeldurr,Conkeldurr,0,1
Corphish,Talonflame,Talonflame,0,2
Seedot,Blitzle,Blitzle,0,1
Golett,Pumpkaboo-Average,Pumpkaboo-Average,0,1
Forretress,Togepi,Forretress,1,1
Kricketot,Magcargo,Magcargo,0,1
Helioptile,Forretress,Forretress,0,1
Lumineon,Toxtricity-Amped,Toxtricity-Amped,0,2
Zubat,Iron-Hands,Iron-Hands,0,1
Sentret,Poochyena,Poochyena,0,2
Feraligatr,Tropius,Feraligatr,1,2
Tandemaus,Vigoroth,Vigoroth,0,2
Kricketot,Vaporeon,Vaporeon,0,1
Fuecoco,Dachsbun,Dachsbun,0,3
Lillipup,Tyranitar,Tyranitar,0,1
Conkeldurr,Magearna,Magearna,0,2
Tangrowth,Flittle,Tangrowth,1,1
Hattrem,Goldeen,Hattrem,1,1
Pinsir,Dartrix,Pinsir,1,2
Kyogre,Torterra,Kyogre,1,1
Indeedee-Male,Frigibax,Indeedee-Male,1,2
Corsola,Toedscruel,Toedscruel,0,1
Cutiefly,Poipole,Poipole,0,1
Krookodile,Tangrowth,Tangrowth,0,2
Glastrier,Bewear,Glastrier,1,2
Krabby,Pincurchin,Pincurchin,0,1
Linoone,Sewaddle,Linoone,1,2
Litleo,Archeops,Archeops,0,1
Cubchoo,Hippowdon,Hippowdon,0,1
Sewaddle,Grumpig,Grumpig,0,1
Machamp,Corviknight,Corviknight,0,2
Zweilous,Parasect,Parasect,0,2
Morelull,Simipour,Simipour,0,1
Gallade,Exeggutor,Exeggutor,0,3
Wobbuffet,Ducklett,Wobbuffet,1,4
Ampharos,Purugly,Ampharos,1,2
Quaxwell,Glalie,Glalie,0,4
Ducklett,Swanna,Swanna,0,2
Mandibuzz,Toxtricity-Amped,Toxtricity-Amped,0,2
Buneary,Dodrio,Dodrio,0,1
Blitzle,Sawk,Sawk,0,1
Tepig,Galvantula,Galvantula,0,2
Rotom,Dewgong,Rotom,1,2
Forretress,Spinda,Forretress,1,2
Pyukumuku,Grafaiai,Grafaiai,0,3
Victini,Inteleon,Inteleon,0,2
Pawmo,Genesect,Genesect,0,2
Noivern,Ferrothorn,Ferrothorn,0,2
Clefairy,Numel,Numel,0,3
Venomoth,Infernape,Infernape,0,1
Pyukumuku,Snivy,Snivy,0,3
Skeledirge,Tapu-Bulu,Skeledirge,1,2
Kartana,Marshadow,Marshadow,0,2
Beldum,Mankey,Beldum,1,1
Wishiwashi-Solo,Larvesta,Larvesta,0,1
Koraidon,Nincada,Koraidon,1,1
Flittle,Nidoran-F,Flittle,1,1
Fidough,Charcadet,Fidough,1,2
Victini,Bayleef,Victini,1,1
Yamask,Ursaring,Ursaring,0,2
Arboliva,Shuppet,Arboliva,1,1
Smeargle,Sharpedo,Sharpedo,0,1
Poltchageist,Stonjourner,Stonjourner,0,1
Drifblim,Venonat,Drifblim,1,1
Nihilego,Dracozolt,Nihilego,1,2
Drifblim,Mime-Jr,Drifblim,1,1
Spheal,Fomantis,Spheal,1,1
Castform,Pyroar-Male,Pyroar-Male,0,2
Mareanie,Buneary,Buneary,0,2
Noivern,Polteageist,Polteageist,0,1
Terrakion,Gouging-Fire,Terrakion,1,2
Drednaw,Mudbray,Drednaw,1,2
Porygon,Pineco,Porygon,1,2
Charizard,Larvesta,Charizard,1,1
Terapagos,Trumbeak,Terapagos,1,2
Guzzlord,Drapion,Guzzlord,1,3
Torkoal,Luvdisc,Torkoal,1,2
Whirlipede,Hakamo-O,Hakamo-O,0,2
Tynamo,Capsakid,Capsakid,0,1
Misdreavus,Lotad,Misdreavus,1,1
Arceus,Thundurus-Incarnate,Arceus,1,2
Porygon,Zacian,Zacian,0,3
Beedrill,Cloyster,Cloyster,0,2
Runerigus,Manaphy,Manaphy,0,2
Charizard,Duosion,Charizard,1,2
Krokorok,Pinsir,Pinsir,0,1
Araquanid,Drifblim,Drifblim,0,2
Altaria,Clefairy,Altaria,1,2
Frogadier,Maractus,Maractus,0,1
Pancham,Tentacool,Pancham,1,1
Kingler,Cherubi,Kingler,1,1
Charmeleon,Floragato,Charmeleon,1,1
Blipbug,Aipom,Aipom,0,1
Chingling,Toxapex,Chingling,1,2
Vikavolt,Mareanie,Vikavolt,1,1
Coalossal,Lotad,Coalossal,1,1
Skarmory,Golisopod,Skarmory,1,3
Magnezone,Torracat,Magnezone,1,1
Audino,Mudbray,Audino,1,2
Palpitoad,Bidoof,Palpitoad,1,2
Sandile,Togepi,Togepi,0,1
Gouging-Fire,Charizard,Gouging-Fire,1,4
Sprigatito,Raichu,Raichu,0,1
Hariyama,Ting-Lu,Hariyama,1,4
Bagon,Rhyhorn,Bagon,1,2
Unown,Centiskorch,Centiskorch,0,1
Victreebel,Galvantula,Galvantula,0,2
Kyogre,Eelektross,Kyogre,1,2
Mantyke,Espeon,Espeon,0,2
Sylveon,Glimmet,Sylveon,1,2
Rolycoly,Zangoose,Zangoose,0,2
Hattrem,Lurantis,Hattrem,1,3
Spearow,Ceruledge,Ceruledge,0,1
Clauncher,Bronzong,Bronzong,0,2
Sneasel,Shaymin-Land,Shaymin-Land,0,2
Ludicolo,Chinchou,Ludicolo,1,1
Gigalith,Primarina,Primarina,0,2
Delcatty,Chansey,Delcatty,1,1
Mudkip,Piloswine,Piloswine,0,2
Gligar,Swanna,Swanna,0,1
Rockruff,Iron-Moth,Iron-Moth,0,1
Chesnaught,Trapinch,Chesnaught,1,1
Zeraora,Fraxure,Zeraora,1,1
Leafeon,Dugtrio,Leafeon,1,1
Carvanha,Typhlosion,Typhlosion,0,1
Regidrago,Iron-Crown,Iron-Crown,0,3
Plusle,Zangoose,Zangoose,0,1
Charmander,Pachirisu,Pachirisu,0,2
Naclstack,Skitty,Naclstack,1,2
Dracozolt,Palkia,Palkia,0,1
Ting-Lu,Garganacl,Ting-Lu,1,3
Gorebyss,Centiskorch,Gorebyss,1,2
Electabuzz,Pumpkaboo-Average,Electabuzz,1,1
Sunflora,Celebi,Celebi,0,2
Azelf,Deerling,Azelf,1,1
Torterra,Bastiodon,Torterra,1,1
Braixen,Tyrunt,Braixen,1,1
Arboliva,Girafarig,Arboliva,1,2
Ferroseed,Aron,Ferroseed,1,4
Gouging-Fire,Milotic,Gouging-Fire,1,4
Exeggutor,Delcatty,Exeggutor,1,2
Vikavolt,Glalie,Vikavolt,1,2
Sudowoodo,Klawf,Klawf,0,4
Marshtomp,Finneon,Marshtomp,1,2
Noivern,Revavroom,Revavroom,0,2
Hoppip,Krokorok,Krokorok,0,1
Xurkitree,Tangrowth,Xurkitree,1,1
Feraligatr,Grumpig,Feraligatr,1,3
Xatu,Lickitung,Xatu,1,3
Volbeat,Trapinch,Volbeat,1,2
Pyukumuku,Finneon,Pyukumuku,1,3
Spoink,Buizel,Spoink,1,1
Tapu-Bulu,Mudkip,Tapu-Bulu,1,1
Chikorita,Iron-Leaves,Iron-Leaves,0,2
Whismur,Eelektrik,Eelektrik,0,1
Eiscue-Ice,Conkeldurr,Conkeldurr,0,2
Sobble,Magneton,Magneton,0,1
Iron-Thorns,Carnivine,Iron-Thorns,1,2
Stufful,Latias,Latias,0,1
Chesnaught,Gothita,Chesnaught,1,2
Electabuzz,Clobbopus,Electabuzz,1,1
Victini,Helioptile,Victini,1,1
Abomasnow,Eiscue-Ice,Abomasnow,1,3
Cacturne,Seaking,Seaking,0,2
Okidogi,Skiddo,Okidogi,1,1
Arctovish,Brute-Bonnet,Brute-Bonnet,0,2
Thievul,Kleavor,Kleavor,0,1
Corsola,Piloswine,Piloswine,0,2
Moltres,Swalot,Moltres,1,3
Monferno,Chesnaught,Monferno,1,2
Patrat,Pyukumuku,Pyukumuku,0,2
Slither-Wing,Camerupt,Slither-Wing,1,2
Nidorina,Buzzwole,Buzzwole,0,3
Weepinbell,Purrloin,Weepinbell,1,1
Leavanny,Sandaconda,Leavanny,1,2
Ursaring,Grapploct,Grapploct,0,2
Skwovet,Floragato,Floragato,0,2
Sobble,Dhelmise,Dhelmise,0,1
Helioptile,Emboar,Emboar,0,1
Dunsparce,Weedle,Dunsparce,1,1
Thwackey,Riolu,Thwackey,1,2
Typhlosion,Kabuto,Typhlosion,1,2
Regieleki,Dondozo,Regieleki,1,2
Snom,Leafeon,Leafeon,0,1
Rockruff,Kingdra,Kingdra,0,1
Pangoro,Solgaleo,Solgaleo,0,3
Meloetta-Aria,Floette,Meloetta-Aria,1,2
Ninjask,Litleo,Litleo,0,1
Espathra,Phantump,Espathra,1,1
Milotic,Eelektrik,Milotic,1,2
Toedscruel,Frogadier,Toedscruel,1,1
Staraptor,Roselia,Staraptor,1,1
Gastrodon,Beautifly,Gastrodon,1,1
Brambleghast,Gothita,Brambleghast,1,1
Chien-Pao,Ekans,Chien-Pao,1,1
Cubchoo,Drakloak,Drakloak,0,2
Komala,Alakazam,Komala,1,1
Terrakion,Articuno,Terrakion,1,1
Iron-Leaves,Treecko,Iron-Leaves,1,1
Skiddo,Woobat,Woobat,0,2
Bramblin,Blissey,Blissey,0,1
Luxray,Blitzle,Luxray,1,1
Chimecho,Capsakid,Chimecho,1,1
Dusclops,Wiglett,Dusclops,1,1
Jellicent-Male,Zigzagoon,Jellicent-Male,1,1
Alomomola,Cufant,Alomomola,1,4
Wormadam-Plant,Shuppet,Wormadam-Plant,1,1
Spritzee,Dewott,Dewott,0,3
Morelull,Golett,Morelull,1,1
Croagunk,Ivysaur,Ivysaur,0,2
Armarouge,Flutter-Mane,Flutter-Mane,0,3
Pignite,Scrafty,Pignite,1,2
Pyukumuku,Mothim,Mothim,0,3
Slowpoke,Aipom,Slowpoke,1,3
Lechonk,Arrokuda,Lechonk,1,2
Quaxly,Polteageist,Polteageist,0,2
Cetitan,Sentret,Cetitan,1,1
Latios,Dreepy,Latios,1,1
Abra,Pyukumuku,Pyukumuku,0,1
Solosis,Cranidos,Cranidos,0,1
Gyarados,Arrokuda,Gyarados,1,1
Tornadus-Incarnate,Volcarona,Tornadus-Incarnate,1,1
Houndstone,Timburr,Houndstone,1,2
Cacturne,Bouffalant,Bouffalant,0,2
Klefki,Elgyem,Klefki,1,2
Skwovet,Raikou,Raikou,0,1
Bunnelby,Cinccino,Cinccino,0,1
Alakazam,Pumpkaboo-Average,Alakazam,1,1
Zigzagoon,Arctovish,Arctovish,0,1
Snivy,Pidgeot,Pidgeot,0,1
Pumpkaboo-Average,Hoopa,Hoopa,0,1
Metagross,Salandit,Metagross,1,1
Riolu,Ursaring,Ursaring,0,1
Ting-Lu,Machop,Ting-Lu,1,2
Gastrodon,Toxapex,Gastrodon,1,2
Copperajah,Deino,Copperajah,1,1
Tadbulb,Kabutops,Kabutops,0,1
Spiritomb,Noibat,Spiritomb,1,1
Horsea,Yveltal,Yveltal,0,1
Tropius,Meowstic-Male,Meowstic-Male,0,2
Combusken,Dracovish,Dracovish,0,1
Nincada,Obstagoon,Obstagoon,0,1
Klinklang,Illumise,Klinklang,1,3
Geodude,Tapu-Bulu,Tapu-Bulu,0,1
Linoone,Reshiram,Reshiram,0,2
Cherrim,Pineco,Cherrim,1,2
Feebas,Nihilego,Nihilego,0,1
Blacephalon,Spearow,Blacephalon,1,1
Armaldo,Mamoswine,Mamoswine,0,3
Basculegion-Male,Arceus,Basculegion-Male,1,7
Bastiodon,Absol,Bastiodon,1,3
Dolliv,Staryu,Dolliv,1,1
Jangmo-O,Indeedee-Male,Indeedee-Male,0,1
Trumbeak,Wigglytuff,Wigglytuff,0,2
Mismagius,Pelipper,Mismagius,1,3
Zarude,Swanna,Zarude,1,3
Buzzwole,Gabite,Buzzwole,1,1
Azurill,Dondozo,Dondozo,0,2
Annihilape,Linoone,Annihilape,1,1
Chikorita,Rabsca,Rabsca,0,1
Machop,Arctovish,Arctovish,0,2
Swirlix,Linoone,Linoone,0,3
Feraligatr,Gastrodon,Gastrodon,0,4
Runerigus,Salazzle,Runerigus,1,1
Alcremie,Clauncher,Alcremie,1,2
Staraptor,Barraskewda,Staraptor,1,2
Swanna,Blipbug,Swanna,1,1
Clobbopus,Overqwil,Overqwil,0,1
Morpeko-Full-Belly,Kyurem,Kyurem,0,1
Wo-Chien,Munchlax,Wo-Chien,1,4
Drifblim,Larvesta,Drifblim,1,1
Clobbopus,Fletchinder,Fletchinder,0,1
Hippopotas,Roaring-Moon,Roaring-Moon,0,2
Liepard,Sewaddle,Liepard,1,1
Wattrel,Wingull,Wingull,0,1
Quaxwell,Cursola,Cursola,0,2
Palkia,Froslass,Palkia,1,2
Simipour,Vespiquen,Simipour,1,3
Samurott,Malamar,Samurott,1,3
Glastrier,Raboot,Glastrier,1,2
Raging-Bolt,Tinkatink,Raging-Bolt,1,1
Koraidon,Brionne,Koraidon,1,2
Tynamo,Sinistea,Tynamo,1,2
Torracat,Murkrow,Torracat,1,1
Floatzel,Seedot,Floatzel,1,1
Naganadel,Snom,Naganadel,1,1
Stunfisk,Skitty,Stunfisk,1,1
Meowstic-Male,Jynx,Meowstic-Male,1,3
Lumineon,Gible,Lumineon,1,1
Passimian,Veluza,Veluza,0,2
Solrock,Annihilape,Annihilape,0,2
Nymble,Silicobra,Silicobra,0,2
Kabuto,Gothorita,Gothorita,0,1
Luxray,Infernape,Infernape,0,3
Machop,Doublade,Doublade,0,2
Chatot,Gossifleur,Chatot,1,1
Iron-Valiant,Purrloin,Iron-Valiant,1,1
Aggron,Cobalion,Cobalion,0,2
Swablu,Meganium,Meganium,0,2
Slaking,Sealeo,Slaking,1,2
Amaura,Xatu,Xatu,0,2
Weavile,Exploud,Weavile,1,2
Morgrem,Braixen,Braixen,0,2
Zacian,Zarude,Zacian,1,3
Bibarel,Natu,Bibarel,1,1
Ting-Lu,Arbok,Ting-Lu,1,1
Flygon,Archeops,Archeops,0,1
Joltik,Kricketune,Kricketune,0,2
Karrablast,Milcery,Karrablast,1,2
Golurk,Arctibax,Golurk,1,2
Dottler,Varoom,Dottler,1,2
Karrablast,Skiddo,Karrablast,1,1
Spewpa,Happiny,Spewpa,1,1
Cherrim,Vulpix,Cherrim,1,2
Surskit,Seviper,Seviper,0,1
Squirtle,Gothitelle,Gothitelle,0,2
Electrike,Alcremie,Alcremie,0,1
Cufant,Charmeleon,Charmeleon,0,1
Mr-Mime,Brute-Bonnet,Brute-Bonnet,0,2
Donphan,Maschiff,Donphan,1,2
Snover,Vespiquen,Vespiquen,0,1
Dracozolt,Glameow,Dracozolt,1,1
Meditite,Phantump,Phantump,0,1
Zamazenta,Granbull,Zamazenta,1,4
Meowth,Type-Null,Type-Null,0,1
Luxio,Lopunny,Lopunny,0,2
Gulpin,Rolycoly,Gulpin,1,2
Crocalor,Barraskewda,Barraskewda,0,2
Haunter,Gumshoos,Haunter,1,3
Falinks,Torkoal,Torkoal,0,2
Jirachi,Kartana,Jirachi,1,2
Nincada,Accelgor,Accelgor,0,1
Orthworm,Beldum,Orthworm,1,4
Incineroar,Pidgeotto,Incineroar,1,2
Lilligant,Thundurus-Incarnate,Thundurus-Incarnate,0,1
Petilil,Arcanine,Arcanine,0,1
Klefki,Gimmighoul,Klefki,1,2
Poipole,Dunsparce,Dunsparce,0,3
Scatterbug,Servine,Servine,0,2
Veluza,Morgrem,Morgrem,0,2
Slowbro,Braixen,Slowbro,1,1
Spearow,Magby,Magby,0,1
Carvanha,Ponyta,Ponyta,0,1
Dottler,Ledian,Ledian,0,2
Numel,Exploud,Exploud,0,2
Zweilous,Cinccino,Cinccino,0,3
Hoothoot,Genesect,Genesect,0,1
Flutter-Mane,Sandslash,Flutter-Mane,1,1
Salandit,Vaporeon,Vaporeon,0,1
Kingdra,Lapras,Lapras,0,4
Sneasler,Scorbunny,Sneasler,1,1
Pidgey,Rayquaza,Rayquaza,0,1
Grubbin,Hypno,Hypno,0,2
Weezing,Throh,Weezing,1,5
Terapagos,Hitmonlee,Hitmonlee,0,2
Weavile,Primeape,Primeape,0,1
Kakuna,Deino,Deino,0,2
Croagunk,Inkay,Inkay,0,1
Tangela,Vikavolt,Vikavolt,0,1
Crabrawler,Comfey,Comfey,0,1
Bronzor,Veluza,Veluza,0,3
Volbeat,Chinchou,Volbeat,1,2
Mankey,Surskit,Mankey,1,1
Moltres,Durant,Moltres,1,1
Bayleef,Electrode,Electrode,0,2
Octillery,Hippopotas,Octillery,1,1
Pignite,Unown,Pignite,1,2
Solgaleo,Garchomp,Solgaleo,1,2
Stakataka,Toxel,Stakataka,1,1
Doduo,Alakazam,Alakazam,0,1
Yveltal,Chatot,Yveltal,1,1
Koffing,Aipom,Koffing,1,2
Exeggcute,Scream-Tail,Scream-Tail,0,2
Smeargle,Bergmite,Bergmite,0,1
Elgyem,Maractus,Maractus,0,2
Chewtle,Lycanroc-Midday,Lycanroc-Midday,0,1
Morpeko-Full-Belly,Cutiefly,Morpeko-Full-Belly,1,1
Azelf,Inteleon,Inteleon,0,2
Gengar,Cradily,Cradily,0,2
Regice,Dhelmise,Regice,1,2
Cosmog,Vibrava,Vibrava,0,1
Malamar,Scyther,Scyther,0,1
Crabrawler,Crobat,Crobat,0,1
Phantump,Arctovish,Arctovish,0,1
Caterpie,Seviper,Seviper,0,1
Vullaby,Charcadet,Vullaby,1,2
Mantine,Sandy-Shocks,Sandy-Shocks,0,1
Yamper,Vibrava,Vibrava,0,1
Scrafty,Luxio,Scrafty,1,2
Sigilyph,Primeape,Sigilyph,1,1
Morgrem,Heracross,Heracross,0,1
Iron-Moth,Tangela,Iron-Moth,1,1
Jellicent-Male,Throh,Jellicent-Male,1,5
Kingler,Drampa,Drampa,0,1
Samurott,Walking-Wake,Walking-Wake,0,3
Typhlosion,Diancie,Diancie,0,2
Dratini,Koraidon,Koraidon,0,1
Houndour,Wimpod,Houndour,1,1
Snubbull,Terrakion,Terrakion,0,1
Grubbin,Floette,Floette,0,2
Meltan,Stonjourner,Stonjourner,0,2
Kommo-O,Volcarona,Volcarona,0,2
Alakazam,Garganacl,Garganacl,0,2
Charizard,Palpitoad,Charizard,1,2
Chingling,Koffing,Chingling,1,1
Manaphy,Shroomish,Manaphy,1,2
Mr-Mime,Seismitoad,Seismitoad,0,2
Florges,Slaking,Slaking,0,2
Sliggoo,Mismagius,Mismagius,0,3
Mr-Mime,Mimikyu-Disguised,Mimikyu-Disguised,0,1
Bellibolt,Wailord,Bellibolt,1,2
Hoppip,Aerodactyl,Aerodactyl,0,1
Eternatus,Araquanid,Eternatus,1,3
Metagross,Baltoy,Metagross,1,1
Toedscool,Jirachi,Jirachi,0,1
Shelmet,Fomantis,Shelmet,1,1
Sandy-Shocks,Zoroark,Zoroark,0,2
Swablu,Aromatisse,Aromatisse,0,2
Squirtle,Sentret,Squirtle,1,2
Glameow,Seismitoad,Seismitoad,0,1
Binacle,Amoonguss,Amoonguss,0,1
Porygon-Z,Pincurchin,Porygon-Z,1,2
Prinplup,Sylveon,Sylveon,0,2
Emolga,Mimikyu-Disguised,Mimikyu-Disguised,0,2
Plusle,Roggenrola,Plusle,1,1
Greninja,Centiskorch,Centiskorch,0,1
Slowbro,Bronzong,Slowbro,1,4
Swampert,Lunatone,Swampert,1,2
Flamigo,Slugma,Flamigo,1,1
Stakataka,Wo-Chien,Wo-Chien,0,3
Haxorus,Kyogre,Kyogre,0,2
Prinplup,Nihilego,Nihilego,0,4
Bombirdier,Glastrier,Glastrier,0,2
Dusknoir,Nidorina,Dusknoir,1,2
Regidrago,Munkidori,Munkidori,0,3
Joltik,Mabosstiff,Mabosstiff,0,2
Jellicent-Male,Hoppip,Jellicent-Male,1,1
Floette,Rillaboom,Rillaboom,0,2
Cascoon,Corviknight,Corviknight,0,1
Shiinotic,Sandile,Shiinotic,1,1
Eldegoss,Incineroar,Incineroar,0,2
Lycanroc-Midday,Joltik,Lycanroc-Midday,1,1
Wyrdeer,Munkidori,Wyrdeer,1,3
Tapu-Koko,Maushold-Family-Of-Four,Tapu-Koko,1,3
Phantump,Zacian,Zacian,0,1
Metapod,Piloswine,Piloswine,0,1
Hitmontop,Chespin,Hitmontop,1,2
Hoothoot,Servine,Servine,0,2
Sizzlipede,Blitzle,Sizzlipede,1,1
Wingull,Froakie,Froakie,0,2
Sandshrew,Jellicent-Male,Jellicent-Male,0,1
Dolliv,Ducklett,Ducklett,0,2
Greedent,Clauncher,Greedent,1,2
Granbull,Barboach,Granbull,1,2
Gholdengo,Charmander,Gholdengo,1,2
Steelix,Chesnaught,Chesnaught,0,3
Kartana,Hitmonlee,Kartana,1,1
Farigiraf,Phantump,Farigiraf,1,1
Tinkatink,Natu,Tinkatink,1,2
Kommo-O,Clobbopus,Kommo-O,1,1
Omanyte,Monferno,Monferno,0,1
Pikipek,Skiploom,Skiploom,0,1
Accelgor,Torkoal,Torkoal,0,2
Gastrodon,Cobalion,Gastrodon,1,3
Kricketot,Pancham,Pancham,0,2
Vivillon,Gabite,Vivillon,1,1
Groudon,Oinkologne-Male,Groudon,1,3
Ogerpon,Bulbasaur,Ogerpon,1,2
Typhlosion,Talonflame,Talonflame,0,3
Oddish,Torterra,Torterra,0,1
Nidoking,Pumpkaboo-Average,Nidoking,1,1
Burmy,Barraskewda,Barraskewda,0,1
Chikorita,Rayquaza,Rayquaza,0,1
Thundurus-Incarnate,Vanilluxe,Vanilluxe,0,2
Dudunsparce-Two-Segment,Latios,Latios,0,3
Swellow,Wooper,Swellow,1,2
Zapdos,Lampent,Zapdos,1,2
Grovyle,Clobbopus,Grovyle,1,2
Hatterene,Regirock,Regirock,0,3
Morelull,Armaldo,Armaldo,0,1
Fidough,Onix,Fidough,1,2
Finneon,Deerling,Deerling,0,2
Electrode,Gardevoir,Gardevoir,0,2
Espurr,Misdreavus,Misdreavus,0,2
Cherubi,Serperior,Serperior,0,1
Grubbin,Omastar,Omastar,0,1
Hydrapple,Bombirdier,Bombirdier,0,2
Spectrier,Wailord,Wailord,0,4
Orbeetle,Carvanha,Orbeetle,1,1
Haxorus,Grovyle,Haxorus,1,1
Duskull,Hoothoot,Hoothoot,0,3
Cyndaquil,Calyrex,Calyrex,0,2
Cinccino,Tyrunt,Cinccino,1,2
Weedle,Ninjask,Ninjask,0,1
Swadloon,Houndoom,Houndoom,0,1
Bronzong,Rolycoly,Bronzong,1,1
Espurr,Smeargle,Espurr,1,2
Froakie,Sandy-Shocks,Sandy-Shocks,0,1
Cetitan,Appletun,Cetitan,1,2
Glameow,Yveltal,Yveltal,0,1
Mew,Raikou,Raikou,0,4
Gligar,Helioptile,Gligar,1,1
Aurorus,Tyranitar,Aurorus,1,2
Gengar,Lotad,Gengar,1,1
Clauncher,Raboot,Clauncher,1,2
Skrelp,Copperajah,Copperajah,0,2
Relicanth,Toedscruel,Toedscruel,0,1
Wiglett,Maschiff,Maschiff,0,1
Glaceon,Mandibuzz,Glaceon,1,2
Houndstone,Dusknoir,Houndstone,1,2
Furret,Fraxure,Furret,1,3
Lampent,Delcatty,Lampent,1,2
Maushold-Family-Of-Four,Morgrem,Maushold-Family-Of-Four,1,2
Marill,Xatu,Xatu,0,2
Slugma,Pheromosa,Pheromosa,0,1
Toxel,Volcarona,Volcarona,0,1
Kadabra,Wo-Chien,Wo-Chien,0,1
Moltres,Ursaring,Moltres,1,3
Grafaiai,Castform,Grafaiai,1,3
Scraggy,Eelektross,Eelektross,0,2
Kangaskhan,Necrozma,Necrozma,0,3
Marowak,Bisharp,Marowak,1,2
Xurkitree,Pumpkaboo-Average,Xurkitree,1,1
Cufant,Keldeo-Ordinary,Keldeo-Ordinary,0,2
Entei,Vigoroth,Entei,1,2
Piplup,Fomantis,Piplup,1,1
Latios,Coalossal,Latios,1,4
Hypno,Hatenna,Hypno,1,2
Musharna,Floatzel,Musharna,1,2
Sceptile,Squirtle,Sceptile,1,1
Garchomp,Raticate,Garchomp,1,2
Nidorino,Slugma,Nidorino,1,1
Spritzee,Bulbasaur,Bulbasaur,0,2
Vivillon,Horsea,Vivillon,1,1
Beedrill,Maractus,Beedrill,1,2
Starly,Grimmsnarl,Grimmsnarl,0,1
Rolycoly,Sizzlipede,Sizzlipede,0,1
Quaxly,Flamigo,Flamigo,0,1
Chesnaught,Latias,Latias,0,2
Pineco,Toucannon,Toucannon,0,1
Brambleghast,Ampharos,Ampharos,0,2
Oricorio-Baile,Slowpoke,Oricorio-Baile,1,3
Cosmoem,Sprigatito,Cosmoem,1,2
Grafaiai,Tauros,Tauros,0,2
Hydreigon,Stunky,Hydreigon,1,1
Meganium,Volcarona,Volcarona,0,2
Basculegion-Male,Registeel,Basculegion-Male,1,5
Diggersby,Litwick,Diggersby,1,1
Baxcalibur,Shroodle,Baxcalibur,1,1
Orthworm,Squirtle,Orthworm,1,2
Minccino,Scorbunny,Minccino,1,2
Hoopa,Thievul,Thievul,0,2
Bellsprout,Shedinja,Bellsprout,1,1
Goomy,Passimian,Passimian,0,1
Axew,Yamask,Yamask,0,1
Cresselia,Dodrio,Cresselia,1,2
Vileplume,Seviper,Seviper,0,3
Naganadel,Poliwag,Naganadel,1,1
Gabite,Volbeat,Volbeat,0,2
Flutter-Mane,Mudbray,Flutter-Mane,1,1
Palossand,Pheromosa,Pheromosa,0,2
Hatterene,Tentacruel,Tentacruel,0,2
Kleavor,Steenee,Kleavor,1,1
Gorebyss,Trubbish,Gorebyss,1,2
Hoppip,Drizzile,Drizzile,0,1
Drifblim,Flabebe,Drifblim,1,1
Blacephalon,Arceus,Blacephalon,1,4
Huntail,Hydrapple,Hydrapple,0,1
Applin,Hakamo-O,Hakamo-O,0,1
Chimecho,Rattata,Chimecho,1,1
Palafin-Zero,Litwick,Palafin-Zero,1,2
Gossifleur,Chesnaught,Chesnaught,0,1
Lapras,Klinklang,Lapras,1,3
Landorus-Incarnate,Corsola,Landorus-Incarnate,1,1
Koffing,Granbull,Granbull,0,2
Inkay,Salandit,Salandit,0,2
Wimpod,Inkay,Wimpod,1,1
Crabominable,Frigibax,Crabominable,1,1
Chespin,Smeargle,Chespin,1,2
Ledian,Pecharunt,Pecharunt,0,2
Unfezant,Floragato,Unfezant,1,1
Vikavolt,Lechonk,Vikavolt,1,1
Gabite,Meditite,Gabite,1,1
Deoxys-Normal,Poochyena,Deoxys-Normal,1,1
Victini,Clobbopus,Victini,1,1
Liepard,Yungoos,Liepard,1,1
Guzzlord,Hydrapple,Hydrapple,0,2
Houndstone,Swinub,Houndstone,1,1
Exploud,Timburr,Exploud,1,2
Magmar,Mimikyu-Disguised,Mimikyu-Disguised,0,2
Snom,Galvantula,Galvantula,0,1
Terapagos,Sealeo,Terapagos,1,4
Cloyster,Jumpluff,Jumpluff,0,1
Chikorita,Aurorus,Aurorus,0,1
Litten,Sentret,Litten,1,2
Glaceon,Wo-Chien,Glaceon,1,2
Snorunt,Spoink,Spoink,0,2
Flygon,Frosmoth,Frosmoth,0,1
Hippopotas,Croconaw,Croconaw,0,1
Vigoroth,Lucario,Lucario,0,2
Brute-Bonnet,Palkia,Palkia,0,3
Maractus,Shellos,Maractus,1,1
Noctowl,Aggron,Aggron,0,1
Kricketot,Lileep,Lileep,0,1
Mightyena,Furfrou,Furfrou,0,3
Cryogonal,Tranquill,Cryogonal,1,1
Wugtrio,Pyroar-Male,Pyroar-Male,0,2
Arctibax,Purugly,Arctibax,1,2
Cinccino,Indeedee-Male,Cinccino,1,2
Pumpkaboo-Average,Klefki,Klefki,0,2
Rayquaza,Iron-Valiant,Rayquaza,1,1
Kakuna,Duskull,Duskull,0,3
Mandibuzz,Dipplin,Mandibuzz,1,2
Magby,Gossifleur,Magby,1,1
Darkrai,Phantump,Darkrai,1,1
Golduck,Shuppet,Golduck,1,1
Revavroom,Metapod,Revavroom,1,1
Slakoth,Huntail,Huntail,0,1
Crawdaunt,Grimer,Crawdaunt,1,2
Ferroseed,Falinks,Falinks,0,1
Nidoran-M,Jumpluff,Jumpluff,0,2
Forretress,Ho-Oh,Ho-Oh,0,1
Naganadel,Hatterene,Hatterene,0,1
Toxapex,Brambleghast,Toxapex,1,2
Koffing,Roselia,Roselia,0,2
Electabuzz,Xerneas,Xerneas,0,2
Reshiram,Duraludon,Reshiram,1,1
Tinkatink,Scorbunny,Scorbunny,0,2
Bisharp,Pidgeot,Bisharp,1,2
Tarountula,Maractus,Maractus,0,1
Arceus,Clamperl,Arceus,1,2
Scream-Tail,Indeedee-Male,Scream-Tail,1,3
Shiinotic,Bramblin,Shiinotic,1,1
Cubone,Geodude,Cubone,1,1
Treecko,Dhelmise,Dhelmise,0,1
Chatot,Gastrodon,Gastrodon,0,2
Magnezone,Natu,Magnezone,1,1
Krabby,Jigglypuff,Jigglypuff,0,1
Wobbuffet,Skuntank,Skuntank,0,4
Flaaffy,Oshawott,Flaaffy,1,1
Octillery,Deino,Octillery,1,1
Gothita,Fletchinder,Fletchinder,0,2
Baxcalibur,Rapidash,Baxcalibur,1,3
Pheromosa,Solrock,Solrock,0,1
Bulbasaur,Eternatus,Eternatus,0,1
Xurkitree,Fearow,Xurkitree,1,1
Igglybuff,Groudon,Groudon,0,1
Clefable,Scream-Tail,Scream-Tail,0,5
Flamigo,Delphox,Delphox,0,1
Chespin,Cofagrigus,Cofagrigus,0,1
Armaldo,Banette,Armaldo,1,2
Arceus,Rhydon,Arceus,1,2
Wooloo,Patrat,Wooloo,1,2
Joltik,Shaymin-Land,Shaymin-Land,0,2
Floragato,Honchkrow,Honchkrow,0,1
Jirachi,Gardevoir,Jirachi,1,1
Marill,Solgaleo,Solgaleo,0,1
Fidough,Yanma,Yanma,0,2
Raging-Bolt,Volcarona,Volcarona,0,3
Sudowoodo,Magmortar,Sudowoodo,1,2
Pidgeotto,Noctowl,Noctowl,0,2
Feraligatr,Medicham,Feraligatr,1,3
Stonjourner,Girafarig,Girafarig,0,1
Kricketune,Gastrodon,Gastrodon,0,2
Heracross,Ferroseed,Heracross,1,1
Latias,Nidoqueen,Latias,1,2
Lugia,Finizen,Lugia,1,2
Raikou,Cosmog,Raikou,1,1
Torkoal,Tadbulb,Torkoal,1,2
Lampent,Alcremie,Alcremie,0,3
Nidorino,Magnemite,Magnemite,0,2
Snover,Manaphy,Manaphy,0,2
Gossifleur,Clauncher,Clauncher,0,2
Charjabug,Sharpedo,Charjabug,1,1
Porygon,Liepard,Liepard,0,3
Wailord,Pumpkaboo-Average,Wailord,1,1
Sobble,Riolu,Sobble,1,1
Machop,Wyrdeer,Wyrdeer,0,1
Spearow,Polteageist,Polteageist,0,1
Trevenant,Duosion,Trevenant,1,1
Miraidon,Larvesta,Miraidon,1,1
Deerling,Raboot,Raboot,0,2
Silvally,Darkrai,Darkrai,0,3
Poipole,Naclstack,Poipole,1,3
Alcremie,Lokix,Alcremie,1,1
Entei,Scovillain,Entei,1,2
Veluza,Sentret,Veluza,1,1
Paras,Meditite,Paras,1,1
Cinderace,Machoke,Cinderace,1,3
Ampharos,Minccino,Ampharos,1,1
Metagross,Herdier,Metagross,1,2
Mareep,Noivern,Noivern,0,2
Skwovet,Spritzee,Spritzee,0,2
Venusaur,Ditto,Venusaur,1,1
Cinderace,Timburr,Cinderace,1,2
Iron-Thorns,Girafarig,Iron-Thorns,1,2
Cofagrigus,Eevee,Cofagrigus,1,3
Lopunny,Roselia,Lopunny,1,2
Togetic,Electrode,Electrode,0,2
Gothita,Dialga,Dialga,0,1
Persian,Unown,Persian,1,2
Manaphy,Plusle,Manaphy,1,2
Cufant,Crabominable,Crabominable,0,1
Cradily,Klinklang,Klinklang,0,2
Indeedee-Male,Duskull,Indeedee-Male,1,1
Stunky,Feebas,Stunky,1,1
Pawmo,Greedent,Greedent,0,2
Aggron,Regigigas,Aggron,1,5
Growlithe,Tranquill,Tranquill,0,2
Duskull,Croconaw,Croconaw,0,2
Beautifly,Gholdengo,Gholdengo,0,1
Vanilluxe,Kleavor,Kleavor,0,1
Munchlax,Shroomish,Munchlax,1,2
Sentret,Spoink,Spoink,0,1
Ralts,Iron-Moth,Iron-Moth,0,1
Pidgey,Garbodor,Garbodor,0,1
Alcremie,Virizion,Alcremie,1,3
Basculin-Red-Striped,Cubchoo,Basculin-Red-Striped,1,2
Braixen,Metapod,Braixen,1,1
Sandy-Shocks,Chesnaught,Sandy-Shocks,1,2
Morpeko-Full-Belly,Milcery,Morpeko-Full-Belly,1,2
Nymble,Fuecoco,Fuecoco,0,1
Cetitan,Solrock,Solrock,0,3
Hitmonlee,Hypno,Hypno,0,2
Geodude,Wurmple,Geodude,1,1
Sigilyph,Makuhita,Sigilyph,1,1
Ariados,Stunky,Ariados,1,2
Parasect,Nidoran-M,Nidoran-M,0,2
Klawf,Stoutland,Klawf,1,3
Tinkaton,Glimmora,Tinkaton,1,2
Mimikyu-Disguised,Skiddo,Mimikyu-Disguised,1,2
Cacturne,Exeggutor,Exeggutor,0,1
Vigoroth,Sinistea,Vigoroth,1,3
Oranguru,Tauros,Tauros,0,3
Meloetta-Aria,Frosmoth,Meloetta-Aria,1,2
Enamorus-Incarnate,Stonjourner,Enamorus-Incarnate,1,1
Regice,Tyrunt,Regice,1,1
Scatterbug,Iron-Moth,Iron-Moth,0,1
Archaludon,Hitmonlee,Hitmonlee,0,2
Dewpider,Turtwig,Turtwig,0,2
Scolipede,Ekans,Scolipede,1,1
Frogadier,Zamazenta,Zamazenta,0,1
Crustle,Toxicroak,Toxicroak,0,4
Mawile,Lunala,Lunala,0,2
Larvitar,Zoroark,Zoroark,0,1
Swadloon,Venonat,Venonat,0,2
Applin,Stoutland,Stoutland,0,1
Azelf,Grumpig,Azelf,1,3
Espurr,Pyroar-Male,Pyroar-Male,0,2
Doduo,Bonsly,Bonsly,0,1
Cherubi,Arcanine,Arcanine,0,1
Drowzee,Snorlax,Snorlax,0,1
Sunflora,Gible,Sunflora,1,1
Palafin-Zero,Lileep,Lileep,0,2
Mankey,Dracovish,Dracovish,0,2
Salandit,Unown,Unown,0,1
Persian,Kommo-O,Kommo-O,0,1
Trumbeak,Kricketot,Trumbeak,1,1
Kubfu,Cosmog,Kubfu,1,1
Patrat,Roggenrola,Roggenrola,0,1
Flapple,Torchic,Flapple,1,1
Palossand,Phione,Phione,0,2
Tyranitar,Capsakid,Tyranitar,1,1
Banette,Floette,Banette,1,1
Elekid,Barboach,Barboach,0,1
Espeon,Poliwhirl,Espeon,1,2
Wigglytuff,Magmar,Magmar,0,3
Stunfisk,Sneasler,Stunfisk,1,2
Porygon,Leavanny,Leavanny,0,2
Mr-Rime,Feebas,Mr-Rime,1,1
Xerneas,Watchog,Xerneas,1,2
Kingler,Ceruledge,Ceruledge,0,3
Frogadier,Scream-Tail,Scream-Tail,0,2
Garbodor,Shiinotic,Garbodor,1,1
Rotom,Zarude,Zarude,0,2
Skitty,Maschiff,Maschiff,0,2
Venusaur,Igglybuff,Venusaur,1,1
Sinistea,Goomy,Sinistea,1,2
Gurdurr,Ralts,Gurdurr,1,1
Zigzagoon,Bonsly,Bonsly,0,1
Goldeen,Hitmonlee,Hitmonlee,0,1
Muk,Carracosta,Carracosta,0,3
Tyrantrum,Nickit,Tyrantrum,1,1
Sizzlipede,Sealeo,Sealeo,0,1
Starly,Magcargo,Magcargo,0,1
Giratina-Altered,Turtonator,Giratina-Altered,1,2
Tinkatink,Gyarados,Gyarados,0,2
Onix,Espathra,Espathra,0,1
Pichu,Slurpuff,Slurpuff,0,1
Flaaffy,Shiftry,Shiftry,0,2
Joltik,Nidoran-M,Joltik,1,2
Hawlucha,Mudbray,Hawlucha,1,2
Appletun,Maushold-Family-Of-Four,Maushold-Family-Of-Four,0,2
Kingambit,Basculin-Red-Striped,Kingambit,1,3
Clamperl,Wurmple,Clamperl,1,1
Cosmog,Cobalion,Cobalion,0,1
Brionne,Igglybuff,Brionne,1,1
Trapinch,Jolteon,Jolteon,0,1
Cacturne,Sprigatito,Cacturne,1,1
Skuntank,Tangela,Skuntank,1,2
Sunflora,Iron-Boulder,Iron-Boulder,0,2
Kadabra,Throh,Throh,0,1
Drowzee,Cobalion,Cobalion,0,2
Yungoos,Purugly,Purugly,0,1
Gliscor,Metang,Gliscor,1,2
Paras,Miraidon,Miraidon,0,1
Zarude,Pikipek,Zarude,1,1
Bronzong,Rowlet,Bronzong,1,1
Milcery,Palkia,Palkia,0,1
Beheeyem,Dedenne,Beheeyem,1,2
Whirlipede,Rabsca,Rabsca,0,1
Bonsly,Cottonee,Cottonee,0,2
Golurk,Popplio,Golurk,1,1
Larvesta,Accelgor,Larvesta,1,2
Ludicolo,Mimikyu-Disguised,Mimikyu-Disguised,0,3
Lombre,Stunky,Stunky,0,1
Sableye,Malamar,Malamar,0,2
Wiglett,Overqwil,Overqwil,0,1
Shroodle,Golduck,Golduck,0,1
Zebstrika,Greedent,Greedent,0,2
Chimchar,Torkoal,Torkoal,0,2
Palkia,Pecharunt,Palkia,1,3
Swirlix,Grookey,Swirlix,1,2
Spheal,Hydreigon,Hydreigon,0,2
Diancie,Lanturn,Lanturn,0,2
Cosmog,Bronzor,Bronzor,0,3
Chandelure,Dunsparce,Chandelure,1,2
Uxie,Venomoth,Uxie,1,2
Deino,Aerodactyl,Aerodactyl,0,1
Wyrdeer,Gengar,Wyrdeer,1,1
Wormadam-Plant,Grumpig,Wormadam-Plant,1,2
Scream-Tail,Gimmighoul,Scream-Tail,1,2
Ninetales,Hitmontop,Ninetales,1,3
Finneon,Rellor,Finneon,1,2
Wynaut,Metagross,Metagross,0,2
Jigglypuff,Gourgeist-Average,Gourgeist-Average,0,2
Spewpa,Volcanion,Volcanion,0,1
Vanilluxe,Fomantis,Vanilluxe,1,1
Poipole,Rhyhorn,Poipole,1,1
Duosion,Rampardos,Rampardos,0,1
Chewtle,Pheromosa,Pheromosa,0,1
Greedent,Amaura,Greedent,1,4
Rotom,Quaxly,Rotom,1,1
Conkeldurr,Breloom,Conkeldurr,1,2
Caterpie,Floragato,Floragato,0,1
Floragato,Greavard,Floragato,1,2
Dugtrio,Gumshoos,Gumshoos,0,1
Oinkologne-Male,Reuniclus,Reuniclus,0,3
Croconaw,Talonflame,Croconaw,1,2
Weepinbell,Gyarados,Gyarados,0,1
Durant,Annihilape,Annihilape,0,3
Latios,Mienfoo,Latios,1,1
Roaring-Moon,Armarouge,Roaring-Moon,1,3
Steelix,Minior-Red-Meteor,Steelix,1,2
Bounsweet,Masquerain,Masquerain,0,1
Poltchageist,Accelgor,Accelgor,0,1
Stoutland,Scraggy,Stoutland,1,2
Vespiquen,Miltank,Miltank,0,4
Regieleki,Murkrow,Regieleki,1,1
Silcoon,Turtwig,Turtwig,0,2
Annihilape,Pidgeot,Pidgeot,0,3
Cofagrigus,Clamperl,Cofagrigus,1,3
Charmander,Iron-Bundle,Iron-Bundle,0,1
Lotad,Dialga,Dialga,0,1
Spectrier,Persian,Spectrier,1,2
Mamoswine,Ursaluna,Mamoswine,1,3
Onix,Masquerain,Masquerain,0,1
Roselia,Tandemaus,Roselia,1,1
Archen,Litwick,Archen,1,1
Tadbulb,Tangela,Tangela,0,1
Mesprit,Roaring-Moon,Roaring-Moon,0,3
Nidoking,Nidoran-F,Nidoking,1,1
Pidgeot,Perrserker,Perrserker,0,3
Scizor,Drizzile,Scizor,1,2
Meditite,Magmortar,Magmortar,0,1
Masquerain,Lilligant,Lilligant,0,2
Spinarak,Unfezant,Unfezant,0,1
Crawdaunt,Lunatone,Crawdaunt,1,2
Skeledirge,Spinarak,Skeledirge,1,1
Greedent,Luxio,Greedent,1,2
Clamperl,Ledian,Clamperl,1,3
Walking-Wake,Sewaddle,Walking-Wake,1,1
Carbink,Dachsbun,Carbink,1,4
Watchog,Charmeleon,Watchog,1,2
Enamorus-Incarnate,Arctibax,Enamorus-Incarnate,1,1
Chespin,Tinkaton,Tinkaton,0,2
Ponyta,Regice,Regice,0,3
Cradily,Toedscruel,Cradily,1,2
Geodude,Decidueye,Decidueye,0,1
Squawkabilly-Green-Plumage,Skiddo,Squawkabilly-Green-Plumage,1,1
Lechonk,Manectric,Manectric,0,1
Parasect,Lapras,Lapras,0,2
Morelull,Kingdra,Kingdra,0,1
Chandelure,Conkeldurr,Chandelure,1,2
Drizzile,Gholdengo,Gholdengo,0,3
Charmander,Raticate,Raticate,0,1
Kingambit,Pupitar,Kingambit,1,1
Kricketune,Staraptor,Staraptor,0,1
Spearow,Chimchar,Chimchar,0,1
Overqwil,Skorupi,Overqwil,1,2
Corsola,Iron-Boulder,Iron-Boulder,0,2
Brute-Bonnet,Slowbro,Brute-Bonnet,1,2
Purugly,Yanma,Purugly,1,2
Farfetchd,Finneon,Finneon,0,2
Tinkatuff,Mimikyu-Disguised,Mimikyu-Disguised,0,2
Ditto,Larvitar,Ditto,1,2
Slurpuff,Kilowattrel,Slurpuff,1,2
Abomasnow,Nidoking,Nidoking,0,2
Tsareena,Spoink,Tsareena,1,1
Baxcalibur,Sableye,Baxcalibur,1,2
Rotom,Spoink,Rotom,1,1
Kleavor,Lombre,Kleavor,1,1
Tirtouga,Yamper,Yamper,0,2
Emolga,Electabuzz,Electabuzz,0,2
Ting-Lu,Yanma,Ting-Lu,1,2
Starly,Kartana,Kartana,0,1
Charmeleon,Ditto,Charmeleon,1,2
Wailord,Rolycoly,Wailord,1,1
Iron-Jugulis,Krabby,Iron-Jugulis,1,1
Bellossom,Cranidos,Bellossom,1,1
Drilbur,Ferroseed,Drilbur,1,2
Vibrava,Fuecoco,Fuecoco,0,1
Reuniclus,Spectrier,Spectrier,0,3
Mudkip,Butterfree,Butterfree,0,3
Floatzel,Poliwhirl,Floatzel,1,3
Meloetta-Aria,Houndoom,Meloetta-Aria,1,2
Granbull,Shieldon,Granbull,1,4
Ludicolo,Staryu,Ludicolo,1,1
Wailord,Pecharunt,Pecharunt,0,4
Gible,Cetoddle,Cetoddle,0,1
Drilbur,Phanpy,Phanpy,0,2
Galvantula,Flabebe,Galvantula,1,2
Barbaracle,Hoppip,Barbaracle,1,1
Orbeetle,Alomomola,Orbeetle,1,4
Breloom,Tyrunt,Breloom,1,1
Hypno,Linoone,Hypno,1,3
Mudsdale,Landorus-Incarnate,Mudsdale,1,2
Basculegion-Male,Lairon,Basculegion-Male,1,1
Infernape,Ekans,Infernape,1,1
Wormadam-Plant,Caterpie,Wormadam-Plant,1,1
Cubchoo,Sandshrew,Cubchoo,1,1
Slowpoke,Kilowattrel,Kilowattrel,0,1
Houndoom,Terapagos,Houndoom,1,3
Cutiefly,Kommo-O,Kommo-O,0,1
Gothitelle,Shelmet,Gothitelle,1,2
Weepinbell,Nuzleaf,Weepinbell,1,1
Ariados,Gimmighoul,Ariados,1,3
Houndstone,Weedle,Houndstone,1,1
Dragalge,Sneasel,Dragalge,1,2
Sawk,Flabebe,Sawk,1,1
Simisear,Oinkologne-Male,Oinkologne-Male,0,2
Vikavolt,Malamar,Vikavolt,1,2
Frosmoth,Impidimp,Frosmoth,1,1
Feraligatr,Sneasel,Feraligatr,1,2
Pichu,Flamigo,Flamigo,0,1
Klinklang,Chesnaught,Chesnaught,0,2
Heliolisk,Monferno,Monferno,0,1
Gallade,Crawdaunt,Gallade,1,1
Moltres,Bunnelby,Moltres,1,1
Cleffa,Goodra,Goodra,0,1
Corvisquire,Spinarak,Corvisquire,1,1
Meditite,Golduck,Golduck,0,1
Snubbull,Mr-Rime,Mr-Rime,0,1
Carkol,Magnemite,Carkol,1,1
Burmy,Flygon,Flygon,0,1
Purugly,Wormadam-Plant,Purugly,1,3
Tropius,Pidgeotto,Tropius,1,2
Tentacool,Gloom,Gloom,0,2
Sudowoodo,Espathra,Espathra,0,2
Snorlax,Marshadow,Marshadow,0,2
Elgyem,Cacturne,Cacturne,0,1
Elekid,Oricorio-Baile,Oricorio-Baile,0,1
Wailord,Brute-Bonnet,Brute-Bonnet,0,2
Torterra,Bronzor,Torterra,1,1
Houndstone,Gastly,Houndstone,1,1
Rillaboom,Zubat,Rillaboom,1,1
Sandygast,Whirlipede,Whirlipede,0,2
Lombre,Cherubi,Lombre,1,2
Chi-Yu,Karrablast,Chi-Yu,1,1
Toxicroak,Dachsbun,Toxicroak,1,2
Groudon,Torterra,Groudon,1,2
Spinda,Alomomola,Alomomola,0,3
Ledian,Throh,Throh,0,2
Pidgey,Pichu,Pichu,0,1
Gholdengo,Seaking,Gholdengo,1,4
Charmander,Fidough,Charmander,1,2
Pineco,Weedle,Pineco,1,2
Duraludon,Reshiram,Reshiram,0,1
Zacian,Tapu-Lele,Zacian,1,3
Gouging-Fire,Happiny,Gouging-Fire,1,1
Silicobra,Machamp,Machamp,0,2
Jirachi,Swirlix,Jirachi,1,1
Rhydon,Golurk,Golurk,0,3
Camerupt,Mabosstiff,Mabosstiff,0,3
Purugly,Naclstack,Naclstack,0,3
Liepard,Horsea,Liepard,1,1
Togepi,Kyurem,Kyurem,0,1
Teddiursa,Shellder,Teddiursa,1,2
Muk,Weezing,Muk,1,5
Necrozma,Volcanion,Necrozma,1,3
Charjabug,Cascoon,Charjabug,1,1
Cinccino,Gardevoir,Cinccino,1,2
Monferno,Granbull,Granbull,0,2
Chesnaught,Charcadet,Chesnaught,1,1
Spheal,Tranquill,Spheal,1,1
Bronzong,Sandygast,Bronzong,1,2
Shieldon,Axew,Shieldon,1,2
Primarina,Whismur,Primarina,1,1
Cryogonal,Xurkitree,Cryogonal,1,3
Frogadier,Qwilfish,Qwilfish,0,2
Rampardos,Rolycoly,Rampardos,1,1
Mabosstiff,Thundurus-Incarnate,Thundurus-Incarnate,0,2
Muk,Poltchageist,Muk,1,1
Treecko,Corviknight,Corviknight,0,1
Tsareena,Primeape,Tsareena,1,2
Sizzlipede,Bonsly,Bonsly,0,1
Tympole,Kyogre,Kyogre,0,2
Flutter-Mane,Polteageist,Polteageist,0,1
Wooloo,Blaziken,Blaziken,0,1
Axew,Tarountula,Axew,1,2
Greavard,Watchog,Watchog,0,3
Magmar,Spewpa,Magmar,1,1
Ariados,Floragato,Ariados,1,1
Gothita,Grookey,Grookey,0,2
Nidoking,Porygon,Nidoking,1,2
Oricorio-Baile,Torterra,Oricorio-Baile,1,2
Terapagos,Starly,Terapagos,1,1
Gloom,Hawlucha,Hawlucha,0,1
Sandaconda,Unfezant,Sandaconda,1,2
Skarmory,Torterra,Skarmory,1,3
Sneasler,Pansear,Sneasler,1,1
Trubbish,Pangoro,Pangoro,0,2
Rhydon,Milcery,Rhydon,1,1
Spheal,Nymble,Spheal,1,1
Maractus,Diancie,Maractus,1,2
Pidgey,Prinplup,Prinplup,0,1
Chi-Yu,Qwilfish,Chi-Yu,1,2
Latias,Leafeon,Latias,1,2
Impidimp,Staravia,Staravia,0,1
Croagunk,Skrelp,Skrelp,0,2
Blitzle,Miraidon,Miraidon,0,1
Raticate,Tyrunt,Raticate,1,2
Vibrava,Haunter,Haunter,0,1
Happiny,Gothitelle,Gothitelle,0,1
Rhyperior,Farigiraf,Farigiraf,0,2
Blaziken,Slowking,Slowking,0,2
Helioptile,Sandygast,Sandygast,0,1
Kingambit,Greninja,Kingambit,1,3
Kyurem,Terrakion,Terrakion,0,2
Hatterene,Greedent,Hatterene,1,3
Scovillain,Charcadet,Scovillain,1,1
Stantler,Zapdos,Zapdos,0,2
Poltchageist,Scorbunny,Scorbunny,0,1
Alcremie,Sandy-Shocks,Alcremie,1,2
Bastiodon,Purrloin,Bastiodon,1,2
Remoraid,Inkay,Remoraid,1,2
Baxcalibur,Corvisquire,Baxcalibur,1,1
Wishiwashi-Solo,Dragapult,Dragapult,0,1
Lucario,Gliscor,Lucario,1,1
Tapu-Fini,Cherubi,Tapu-Fini,1,1
Gligar,Emolga,Emolga,0,1
Bronzong,Helioptile,Bronzong,1,1
Weavile,Cleffa,Weavile,1,1
Cursola,Tarountula,Cursola,1,1
Spidops,Regidrago,Regidrago,0,3
Loudred,Zeraora,Zeraora,0,2
Stantler,Carbink,Carbink,0,4
Lugia,Celebi,Lugia,1,3
Pancham,Lucario,Lucario,0,2
Mareep,Elekid,Elekid,0,2
Electrike,Gumshoos,Gumshoos,0,1
Tadbulb,Clamperl,Tadbulb,1,1
Inkay,Lickitung,Lickitung,0,2
Grubbin,Lokix,Lokix,0,1
Onix,Buzzwole,Buzzwole,0,1
Finneon,Vikavolt,Vikavolt,0,1
Iron-Moth,Sobble,Iron-Moth,1,2
Reuniclus,Quilava,Reuniclus,1,2
Dewgong,Poipole,Dewgong,1,3
Seaking,Frogadier,Seaking,1,2
Iron-Leaves,Gastly,Iron-Leaves,1,1
Sandaconda,Blissey,Sandaconda,1,2
Rowlet,Eldegoss,Eldegoss,0,1
Helioptile,Toxel,Helioptile,1,2
Barbaracle,Spiritomb,Barbaracle,1,3
Raboot,Houndoom,Houndoom,0,2
Grotle,Stakataka,Stakataka,0,2
Gloom,Charcadet,Gloom,1,2
Minior-Red-Meteor,Quilladin,Minior-Red-Meteor,1,2
Porygon2,Lopunny,Porygon2,1,3
Latios,Abra,Latios,1,1
Chatot,Raging-Bolt,Raging-Bolt,0,1
Malamar,Tarountula,Malamar,1,1
Munchlax,Sinistcha,Sinistcha,0,4
Petilil,Beedrill,Beedrill,0,1
Orthworm,Lampent,Lampent,0,1
Sharpedo,Taillow,Sharpedo,1,1
Virizion,Darkrai,Virizion,1,2
Simisage,Luxray,Luxray,0,2
Tauros,Vanillite,Tauros,1,1
Toxapex,Obstagoon,Obstagoon,0,4
Lapras,Roaring-Moon,Lapras,1,3
Meganium,Beedrill,Meganium,1,2
Gouging-Fire,Cryogonal,Gouging-Fire,1,3
Plusle,Heliolisk,Heliolisk,0,2
Sawk,Cetoddle,Sawk,1,1
Cascoon,Torterra,Torterra,0,2
Shaymin-Land,Skeledirge,Skeledirge,0,2
Volbeat,Accelgor,Volbeat,1,2
Klinklang,Solosis,Klinklang,1,1
Tinkaton,Dreepy,Tinkaton,1,1
Flaaffy,Wugtrio,Flaaffy,1,1
Polteageist,Blaziken,Blaziken,0,3
Hypno,Poliwag,Hypno,1,1
Huntail,Stunky,Huntail,1,2
Minun,Psyduck,Minun,1,1
Dugtrio,Mareanie,Dugtrio,1,1
Muk,Shelmet,Muk,1,2
Mudkip,Exeggcute,Exeggcute,0,1
Basculegion-Male,Overqwil,Overqwil,0,3
Absol,Chikorita,Absol,1,2
Roserade,Meowstic-Male,Meowstic-Male,0,2
Salazzle,Glimmora,Glimmora,0,2
Swadloon,Umbreon,Umbreon,0,3
Mandibuzz,Trevenant,Mandibuzz,1,2
Horsea,Crustle,Crustle,0,1
Heliolisk,Spinarak,Heliolisk,1,1
Yveltal,Palkia,Palkia,0,3
Simipour,Shaymin-Land,Shaymin-Land,0,1
Cherubi,Dhelmise,Dhelmise,0,1
Aurorus,Mr-Mime,Aurorus,1,2
Illumise,Pawmo,Illumise,1,2
Turtwig,Salazzle,Salazzle,0,1
Porygon2,Baltoy,Porygon2,1,1
Dolliv,Lickilicky,Lickilicky,0,2
Forretress,Kadabra,Forretress,1,1
Overqwil,Snivy,Overqwil,1,1
Vespiquen,Absol,Vespiquen,1,1
Capsakid,Frogadier,Frogadier,0,1
Palossand,Forretress,Forretress,0,4
Haunter,Registeel,Registeel,0,2
Tympole,Ralts,Tympole,1,1
Rapidash,Trapinch,Rapidash,1,1
Stunfisk,Breloom,Stunfisk,1,2
Wiglett,Groudon,Groudon,0,1
Cranidos,Electrike,Cranidos,1,1
Araquanid,Rellor,Araquanid,1,2
Pansear,Crustle,Crustle,0,1
Whismur,Celesteela,Celesteela,0,1
Walking-Wake,Gastrodon,Walking-Wake,1,3
Articuno,Smoochum,Articuno,1,1
Tinkaton,Regidrago,Tinkaton,1,3
Farigiraf,Skrelp,Farigiraf,1,1
Leafeon,Azurill,Leafeon,1,2
Floette,Poliwag,Floette,1,1
Ho-Oh,Mandibuzz,Ho-Oh,1,3
Crocalor,Spheal,Crocalor,1,2
Virizion,Palpitoad,Virizion,1,1
Klang,Arcanine,Arcanine,0,1
Luvdisc,Throh,Throh,0,1
Stoutland,Tyranitar,Tyranitar,0,3
Greavard,Magnezone,Magnezone,0,1
Onix,Audino,Audino,0,1
Flareon,Mothim,Flareon,1,1
Chewtle,Meditite,Meditite,0,2
Herdier,Cyclizar,Cyclizar,0,2
Larvitar,Whirlipede,Whirlipede,0,2
Pawmo,Simipour,Simipour,0,1
Turtwig,Copperajah,Copperajah,0,2
Luvdisc,Spidops,Spidops,0,2
Bounsweet,Vulpix,Vulpix,0,1
Flamigo,Mamoswine,Flamigo,1,2
Meltan,Emboar,Emboar,0,1
Pancham,Gastrodon,Gastrodon,0,2
Spheal,Nickit,Spheal,1,1
Leavanny,Ferroseed,Leavanny,1,2
Fraxure,Onix,Fraxure,1,2
Pachirisu,Cottonee,Pachirisu,1,2
Wishiwashi-Solo,Hippopotas,Hippopotas,0,1
Teddiursa,Spewpa,Teddiursa,1,2
Torkoal,Coalossal,Coalossal,0,3
Spidops,Noivern,Noivern,0,2
Magnezone,Snover,Magnezone,1,1
Charcadet,Steelix,Steelix,0,1
Scrafty,Dewott,Scrafty,1,2
Duskull,Drifblim,Drifblim,0,1
Typhlosion,Greavard,Typhlosion,1,1
Toxapex,Hatterene,Hatterene,0,1
Scizor,Tapu-Bulu,Scizor,1,2
Decidueye,Brambleghast,Brambleghast,0,1
Carbink,Charmeleon,Carbink,1,2
Drizzile,Pineco,Drizzile,1,1
Doduo,Quaxly,Quaxly,0,1
Tapu-Koko,Probopass,Tapu-Koko,1,4
Rattata,Carracosta,Carracosta,0,1
Marowak,Unown,Unown,0,2
Wugtrio,Pikachu,Wugtrio,1,1
Blipbug,Sceptile,Sceptile,0,1
Kabutops,Toxtricity-Amped,Toxtricity-Amped,0,1
Dustox,Psyduck,Dustox,1,2
Barraskewda,Pyroar-Male,Barraskewda,1,2
Gouging-Fire,Lickitung,Gouging-Fire,1,4
Eldegoss,Blitzle,Eldegoss,1,1
Claydol,Crocalor,Claydol,1,2
Armarouge,Persian,Armarouge,1,2
Florges,Ninjask,Florges,1,1
Revavroom,Skarmory,Revavroom,1,5
Simisage,Arctozolt,Arctozolt,0,2
Barboach,Gurdurr,Gurdurr,0,1
Remoraid,Mawile,Mawile,0,1
Psyduck,Musharna,Musharna,0,1
Tympole,Avalugg,Avalugg,0,1
Delphox,Clobbopus,Delphox,1,1
Talonflame,Psyduck,Talonflame,1,2
Iron-Valiant,Volbeat,Iron-Valiant,1,2
Wooloo,Steelix,Steelix,0,2
Gloom,Toxtricity-Amped,Toxtricity-Amped,0,2
Scyther,Drilbur,Scyther,1,1
Sneasel,Mantyke,Sneasel,1,2
Tinkatink,Zekrom,Zekrom,0,2
Ponyta,Barbaracle,Barbaracle,0,1
Aurorus,Skuntank,Aurorus,1,3
Squirtle,Abra,Squirtle,1,1
Solrock,Hatenna,Solrock,1,1
Virizion,Accelgor,Virizion,1,3
Sandygast,Tropius,Tropius,0,1
Timburr,Frigibax,Timburr,1,1
Sunkern,Lapras,Lapras,0,1
Wiglett,Landorus-Incarnate,Landorus-Incarnate,0,1
Genesect,Igglybuff,Genesect,1,1
Morgrem,Articuno,Articuno,0,2
Gulpin,Musharna,Musharna,0,1
Toedscool,Sigilyph,Sigilyph,0,1
Ponyta,Magnemite,Ponyta,1,1
Darmanitan-Standard,Sceptile,Darmanitan-Standard,1,3
Butterfree,Qwilfish,Qwilfish,0,2
Lotad,Mothim,Mothim,0,1
Abomasnow,Ambipom,Abomasnow,1,2
Ogerpon,Lunatone,Ogerpon,1,3
Nosepass,Binacle,Binacle,0,2
Swalot,Glimmet,Swalot,1,3
Tangela,Rolycoly,Tangela,1,1
Torkoal,Combusken,Torkoal,1,3
Sneasel,Chingling,Sneasel,1,2
Omanyte,Pidgeot,Omanyte,1,2
Toucannon,Alomomola,Alomomola,0,5
Frillish-Male,Pawniard,Frillish-Male,1,2
Mandibuzz,Voltorb,Mandibuzz,1,2
Archaludon,Rellor,Archaludon,1,1
Politoed,Furfrou,Furfrou,0,4
Lokix,Shuckle,Lokix,1,2
Gurdurr,Clefable,Clefable,0,1
Tirtouga,Sealeo,Sealeo,0,2
Dwebble,Hydreigon,Hydreigon,0,1
Nosepass,Haxorus,Haxorus,0,2
Okidogi,Granbull,Okidogi,1,2
Inkay,Espeon,Espeon,0,2
Magneton,Pignite,Magneton,1,2
Quaxly,Dedenne,Dedenne,0,1
Cherrim,Larvesta,Larvesta,0,2
Spinda,Kubfu,Kubfu,0,1
Phantump,Tapu-Lele,Tapu-Lele,0,1
Wormadam-Plant,Kommo-O,Kommo-O,0,2
Incineroar,Monferno,Incineroar,1,2
Pawniard,Drampa,Drampa,0,2
Silcoon,Cottonee,Cottonee,0,2
Swirlix,Poliwag,Swirlix,1,2
Bisharp,Spidops,Bisharp,1,2
Solrock,Whiscash,Whiscash,0,2
Frillish-Male,Thievul,Thievul,0,1
Meditite,Spidops,Spidops,0,1
Chewtle,Gumshoos,Gumshoos,0,1
Dracozolt,Quagsire,Quagsire,0,2
Latias,Froakie,Latias,1,1
Darumaka,Cetoddle,Cetoddle,0,3
Thievul,Chandelure,Thievul,1,2
Spearow,Trumbeak,Trumbeak,0,1
Scream-Tail,Honchkrow,Scream-Tail,1,2
Latias,Bisharp,Bisharp,0,3
Nuzleaf,Hariyama,Hariyama,0,1
Bramblin,Nymble,Bramblin,1,1
Mew,Terrakion,Mew,1,2
Eelektrik,Golem,Golem,0,1
Loudred,Talonflame,Talonflame,0,2
Mabosstiff,Bayleef,Mabosstiff,1,3
Persian,Barbaracle,Barbaracle,0,2
Iron-Bundle,Pidgey,Iron-Bundle,1,1
Masquerain,Nidoking,Nidoking,0,2
Emboar,Dragonair,Emboar,1,2
Mudbray,Omastar,Omastar,0,1
Clobbopus,Hippopotas,Hippopotas,0,2
Magnemite,Goldeen,Magnemite,1,1
Vileplume,Inteleon,Vileplume,1,1
Cloyster,Keldeo-Ordinary,Keldeo-Ordinary,0,2
Watchog,Altaria,Watchog,1,2
Muk,Flygon,Flygon,0,2
Zeraora,Yveltal,Zeraora,1,3
Deoxys-Normal,Tapu-Bulu,Deoxys-Normal,1,2
Bouffalant,Vanilluxe,Vanilluxe,0,3
Thwackey,Eternatus,Eternatus,0,1
Pancham,Zygarde-50,Zygarde-50,0,2
Salazzle,Wyrdeer,Wyrdeer,0,1
Quilava,Varoom,Quilava,1,1
Dhelmise,Umbreon,Umbreon,0,2
Meditite,Charcadet,Meditite,1,2
Indeedee-Male,Bisharp,Bisharp,0,2
Cottonee,Kricketot,Cottonee,1,2
Sigilyph,Slugma,Sigilyph,1,1
Litten,Bergmite,Litten,1,1
Squawkabilly-Green-Plumage,Luxio,Squawkabilly-Green-Plumage,1,2
Dustox,Ledyba,Dustox,1,2
Brute-Bonnet,Dottler,Brute-Bonnet,1,2
Tandemaus,Blacephalon,Blacephalon,0,1
Rolycoly,Beheeyem,Beheeyem,0,1
Ledyba,Slither-Wing,Slither-Wing,0,1
Drakloak,Piloswine,Piloswine,0,2
Impidimp,Riolu,Riolu,0,1
Cramorant,Exeggutor,Cramorant,1,2
Morgrem,Great-Tusk,Great-Tusk,0,1
Manaphy,Happiny,Manaphy,1,1
Drifblim,Miraidon,Miraidon,0,2
Marshtomp,Onix,Marshtomp,1,1
Sirfetchd,Wattrel,Sirfetchd,1,1
Stunfisk,Wiglett,Stunfisk,1,1
Chingling,Roggenrola,Chingling,1,1
Hakamo-O,Carracosta,Carracosta,0,2
Doublade,Bastiodon,Doublade,1,4
Pumpkaboo-Average,Clodsire,Clodsire,0,2
Deerling,Exploud,Exploud,0,1
Duskull,Omastar,Omastar,0,1
Copperajah,Hatenna,Copperajah,1,1
Tyranitar,Chien-Pao,Tyranitar,1,1
Remoraid,Delcatty,Delcatty,0,1
Lickilicky,Raboot,Lickilicky,1,2
Snubbull,Weavile,Weavile,0,2
Pyukumuku,Magikarp,Pyukumuku,1,2
Palkia,Gurdurr,Palkia,1,2
Azurill,Gurdurr,Gurdurr,0,1
Wiglett,Mienshao,Mienshao,0,1
Donphan,Tinkatink,Donphan,1,1
Sobble,Latios,Latios,0,1
Luvdisc,Oranguru,Oranguru,0,2
Granbull,Poipole,Poipole,0,2
Weepinbell,Doublade,Doublade,0,2
Sylveon,Flaaffy,Sylveon,1,2
Wurmple,Machamp,Machamp,0,1
Yveltal,Trapinch,Yveltal,1,1
Wyrdeer,Zeraora,Zeraora,0,3
Combusken,Rhydon,Rhydon,0,1
Groudon,Spinda,Groudon,1,1
Maractus,Blitzle,Maractus,1,1
Togetic,Phantump,Togetic,1,2
Garbodor,Lunala,Lunala,0,1
Lileep,Noibat,Lileep,1,1
Glalie,Bayleef,Glalie,1,2
Absol,Tangela,Absol,1,2
Houndour,Shieldon,Shieldon,0,1
Kricketune,Meditite,Kricketune,1,1
Yungoos,Capsakid,Capsakid,0,1
Wimpod,Groudon,Groudon,0,1
Dudunsparce-Two-Segment,Numel,Dudunsparce-Two-Segment,1,1
Dragonair,Snorlax,Snorlax,0,2
Chien-Pao,Aipom,Chien-Pao,1,1
Hydrapple,Weezing,Weezing,0,2
Sandslash,Gastrodon,Gastrodon,0,1
Xatu,Golurk,Golurk,0,1
Zebstrika,Porygon,Zebstrika,1,3
Toedscool,Whismur,Toedscool,1,2
Doduo,Mienshao,Mienshao,0,1
Inteleon,Parasect,Inteleon,1,2
Camerupt,Shroodle,Camerupt,1,1
Morelull,Aggron,Aggron,0,1
Jolteon,Deoxys-Normal,Jolteon,1,1
Celebi,Shroodle,Celebi,1,1
Malamar,Lugia,Lugia,0,4
Scizor,Fuecoco,Fuecoco,0,1
Vivillon,Pignite,Vivillon,1,2
Scorbunny,Ekans,Scorbunny,1,2
Meowstic-Male,Palkia,Palkia,0,2
Revavroom,Noctowl,Revavroom,1,2
Great-Tusk,Roggenrola,Great-Tusk,1,1
Wormadam-Plant,Sudowoodo,Sudowoodo,0,1
Klefki,Mew,Mew,0,4
Vaporeon,Nidoran-F,Vaporeon,1,1
Klinklang,Seviper,Klinklang,1,2
Kommo-O,Lampent,Kommo-O,1,2
Buizel,Cacturne,Cacturne,0,1
Crabominable,Porygon2,Crabominable,1,2
Metagross,Carracosta,Metagross,1,3
Weezing,Heatmor,Heatmor,0,2
Houndour,Palossand,Palossand,0,1
Charjabug,Riolu,Charjabug,1,2
Corviknight,Beartic,Corviknight,1,2
Cryogonal,Meditite,Cryogonal,1,1
Probopass,Butterfree,Probopass,1,1
Ting-Lu,Absol,Ting-Lu,1,2
Morpeko-Full-Belly,Sylveon,Sylveon,0,1
Grovyle,Boltund,Boltund,0,2
Duraludon,Darmanitan-Standard,Duraludon,1,2
Larvesta,Drowzee,Larvesta,1,1
Torracat,Geodude,Torracat,1,1
Mienfoo,Mabosstiff,Mabosstiff,0,2
Mantyke,Gliscor,Gliscor,0,1
Metapod,Regirock,Regirock,0,1
Aipom,Gouging-Fire,Gouging-Fire,0,2
Snorlax,Stoutland,Snorlax,1,3
Hitmonlee,Spritzee,Spritzee,0,2
Thievul,Skrelp,Thievul,1,2
Scatterbug,Excadrill,Excadrill,0,1
Dondozo,Drifblim,Dondozo,1,4
Marill,Amoonguss,Amoonguss,0,1
Shiftry,Hitmonlee,Hitmonlee,0,1
Okidogi,Klink,Okidogi,1,1
Hatenna,Heatran,Heatran,0,1
Dialga,Flamigo,Flamigo,0,2
Hoopa,Sawk,Hoopa,1,1
Shelmet,Bellibolt,Bellibolt,0,2
Venusaur,Hoppip,Venusaur,1,1
Oranguru,Wobbuffet,Oranguru,1,8
Nuzleaf,Huntail,Huntail,0,1
Persian,Sandy-Shocks,Sandy-Shocks,0,2
Dewgong,Shelmet,Dewgong,1,2
Charjabug,Toedscruel,Charjabug,1,2
Armarouge,Lickilicky,Armarouge,1,4
Fennekin,Lillipup,Fennekin,1,2
Purrloin,Perrserker,Perrserker,0,1
Karrablast,Azelf,Azelf,0,1
Gossifleur,Machoke,Machoke,0,2
Exeggutor,Jangmo-O,Exeggutor,1,1
Iron-Thorns,Voltorb,Iron-Thorns,1,1
Venusaur,Morpeko-Full-Belly,Venusaur,1,2
Celesteela,Sliggoo,Celesteela,1,2
Torracat,Rillaboom,Torracat,1,2
Beldum,Tadbulb,Tadbulb,0,2
Tyrunt,Oddish,Tyrunt,1,2
Grovyle,Poliwag,Grovyle,1,1
Dodrio,Foongus,Dodrio,1,1
Braviary,Bronzong,Bronzong,0,3
Magneton,Tympole,Magneton,1,1
Kyogre,Carnivine,Kyogre,1,2
Drowzee,Torchic,Drowzee,1,2
Psyduck,Bellsprout,Psyduck,1,1
Yanma,Orbeetle,Yanma,1,2
Haxorus,Shieldon,Haxorus,1,4
Rampardos,Gliscor,Gliscor,0,2
Purrloin,Genesect,Genesect,0,1
Fomantis,Raichu,Raichu,0,1
Shiinotic,Solosis,Shiinotic,1,2
Wingull,Mimikyu-Disguised,Mimikyu-Disguised,0,1
Jynx,Skarmory,Skarmory,0,1
Litten,Exeggcute,Litten,1,1
Espathra,Type-Null,Type-Null,0,3
Xatu,Nidorino,Xatu,1,1
Stakataka,Carracosta,Carracosta,0,2
Grubbin,Gossifleur,Grubbin,1,1
Happiny,Sudowoodo,Sudowoodo,0,1
Kakuna,Ribombee,Ribombee,0,1
Applin,Sliggoo,Sliggoo,0,1
Swoobat,Piplup,Swoobat,1,2
Dugtrio,Cradily,Cradily,0,1
Pawmi,Brambleghast,Brambleghast,0,1
Seedot,Oranguru,Oranguru,0,1
Orthworm,Beheeyem,Orthworm,1,3
Lairon,Feraligatr,Feraligatr,0,1
Escavalier,Glimmet,Escavalier,1,1
Drakloak,Kingambit,Kingambit,0,1
Cyndaquil,Volbeat,Volbeat,0,2
Zygarde-50,Sliggoo,Zygarde-50,1,2
Drowzee,Carnivine,Carnivine,0,2
Ogerpon,Mr-Mime,Ogerpon,1,2
Honchkrow,Eelektross,Eelektross,0,1
Lugia,Pansage,Lugia,1,1
Tsareena,Poochyena,Tsareena,1,1
Sunflora,Hoopa,Hoopa,0,2
Sandaconda,Tapu-Bulu,Tapu-Bulu,0,2
Pancham,Barboach,Pancham,1,1
Oricorio-Baile,Pawmi,Oricorio-Baile,1,1
Qwilfish,Kangaskhan,Kangaskhan,0,3
Luvdisc,Lumineon,Lumineon,0,3
Staravia,Metapod,Staravia,1,1
Naclstack,Naganadel,Naganadel,0,2
Decidueye,Binacle,Decidueye,1,1
Azurill,Nihilego,Nihilego,0,1
Koffing,Porygon2,Porygon2,0,1
Trapinch,Dusclops,Dusclops,0,1
Vanillite,Meowstic-Male,Meowstic-Male,0,2
Wobbuffet,Nidoran-M,Wobbuffet,1,2
Scrafty,Spinda,Scrafty,1,1
Swinub,Ponyta,Ponyta,0,1
Frosmoth,Pangoro,Pangoro,0,2
Kilowattrel,Typhlosion,Typhlosion,0,2
Zacian,Cyclizar,Zacian,1,2
Snom,Walrein,Walrein,0,1
Fomantis,Nosepass,Fomantis,1,1
Jynx,Flareon,Flareon,0,1
Lanturn,Lurantis,Lanturn,1,3
Chi-Yu,Rampardos,Rampardos,0,1
Munna,Nickit,Nickit,0,2
Vigoroth,Prinplup,Vigoroth,1,3
Bramblin,Quagsire,Quagsire,0,1
Decidueye,Capsakid,Decidueye,1,1
Klink,Bergmite,Klink,1,2
Quaxly,Grotle,Grotle,0,1
Naganadel,Hitmonlee,Naganadel,1,2
Vibrava,Electrike,Vibrava,1,1
Trumbeak,Vespiquen,Vespiquen,0,1
Charjabug,Rampardos,Rampardos,0,1
Pelipper,Farfetchd,Pelipper,1,1
Nidoqueen,Wishiwashi-Solo,Nidoqueen,1,1
Arceus,Armarouge,Arceus,1,3
Shroomish,Conkeldurr,Conkeldurr,0,1
Hitmonlee,Zorua,Hitmonlee,1,1
Haxorus,Wingull,Haxorus,1,1
Articuno,Copperajah,Copperajah,0,2
Tarountula,Skitty,Skitty,0,2
Gholdengo,Charizard,Charizard,0,2
Cryogonal,Duskull,Cryogonal,1,1
Marshtomp,Garchomp,Garchomp,0,2
Tentacruel,Regice,Tentacruel,1,5
Garchomp,Seel,Garchomp,1,2
Yungoos,Scorbunny,Scorbunny,0,2
Cubchoo,Grapploct,Grapploct,0,1
Milotic,Chimchar,Milotic,1,1
Unfezant,Barboach,Unfezant,1,1
Bramblin,Sunflora,Sunflora,0,1
Klang,Shroomish,Klang,1,2
Urshifu-Single-Strike,Igglybuff,Urshifu-Single-Strike,1,1
Articuno,Dragapult,Articuno,1,2
Coalossal,Koffing,Coalossal,1,1
Skwovet,Altaria,Altaria,0,2
Bibarel,Snorlax,Snorlax,0,2
Chandelure,Blastoise,Blastoise,0,2
Grovyle,Koraidon,Koraidon,0,1
Tadbulb,Gardevoir,Gardevoir,0,1
Iron-Valiant,Golem,Iron-Valiant,1,2
Litten,Cetoddle,Litten,1,2
Chikorita,Unfezant,Unfezant,0,1
Klawf,Croconaw,Croconaw,0,2
Carnivine,Ferrothorn,Ferrothorn,0,3
Quaxly,Misdreavus,Misdreavus,0,2
Vikavolt,Altaria,Vikavolt,1,1
Lycanroc-Midday,Copperajah,Copperajah,0,1
Dewgong,Sudowoodo,Dewgong,1,2
Tatsugiri-Curly,Scrafty,Scrafty,0,2
Overqwil,Roggenrola,Overqwil,1,1
Scizor,Stakataka,Stakataka,0,3
Pelipper,Vanillite,Pelipper,1,1
Larvitar,Braviary,Braviary,0,2
Slurpuff,Dunsparce,Slurpuff,1,4
Greninja,Wattrel,Greninja,1,1
Clefairy,Exeggcute,Clefairy,1,2
Tsareena,Kingdra,Kingdra,0,3
Spritzee,Bunnelby,Spritzee,1,1
Slowking,Vikavolt,Vikavolt,0,2
Lilligant,Articuno,Articuno,0,2
Natu,Octillery,Octillery,0,1
Liepard,Manectric,Manectric,0,2
Lugia,Finizen,Lugia,1,2
Gyarados,Pineco,Gyarados,1,1
Rolycoly,Iron-Boulder,Iron-Boulder,0,1
Mesprit,Clodsire,Mesprit,1,3
Snover,Ampharos,Ampharos,0,2
Registeel,Larvesta,Registeel,1,3
Archen,Drilbur,Archen,1,1
Ferroseed,Impidimp,Ferroseed,1,1
Tirtouga,Solosis,Tirtouga,1,1
Shieldon,Snom,Shieldon,1,1
Octillery,Mothim,Octillery,1,1
Oshawott,Cufant,Cufant,0,2
Fomantis,Ninjask,Ninjask,0,1
Phione,Frosmoth,Phione,1,3
Caterpie,Dudunsparce-Two-Segment,Dudunsparce-Two-Segment,0,1
Pinsir,Brute-Bonnet,Pinsir,1,1
Reshiram,Lunala,Lunala,0,4
Blissey,Hoothoot,Blissey,1,2
Electivire,Timburr,Electivire,1,2
Pupitar,Hoopa,Hoopa,0,1
Hakamo-O,Nidoran-F,Hakamo-O,1,2
Furret,Shellos,Furret,1,2
Vanillite,Cascoon,Vanillite,1,1
Virizion,Chatot,Chatot,0,1
Kartana,Golduck,Golduck,0,2
Palafin-Zero,Varoom,Palafin-Zero,1,2
Ho-Oh,Silicobra,Ho-Oh,1,1
Metang,Flamigo,Metang,1,2
Vanillish,Beautifly,Vanillish,1,1
Ledian,Ho-Oh,Ho-Oh,0,1
Electivire,Inteleon,Electivire,1,1
Suicune,Swanna,Suicune,1,3
Loudred,Dartrix,Dartrix,0,2
Sprigatito,Miltank,Miltank,0,2
Comfey,Smoochum,Comfey,1,1
Tatsugiri-Curly,Rufflet,Tatsugiri-Curly,1,1
Fuecoco,Wimpod,Fuecoco,1,1
Torchic,Munchlax,Munchlax,0,1
Seviper,Empoleon,Empoleon,0,2
Gardevoir,Pidgey,Gardevoir,1,1
Lurantis,Larvitar,Lurantis,1,1
Skeledirge,Meowstic-Male,Skeledirge,1,2
Alakazam,Mudsdale,Mudsdale,0,1
Rockruff,Gyarados,Gyarados,0,1
Zekrom,Yungoos,Zekrom,1,1
Wyrdeer,Sandy-Shocks,Sandy-Shocks,0,3
Eelektrik,Dachsbun,Eelektrik,1,3
Dialga,Garganacl,Dialga,1,3
Dondozo,Arctozolt,Arctozolt,0,3
Pyukumuku,Cherrim,Cherrim,0,2
Indeedee-Male,Rhyhorn,Indeedee-Male,1,1
Elekid,Charcadet,Elekid,1,1
Zubat,Swirlix,Swirlix,0,1
Doublade,Pyroar-Male,Pyroar-Male,0,1
Necrozma,Grovyle,Necrozma,1,1
Patrat,Eelektrik,Eelektrik,0,1
Banette,Tandemaus,Banette,1,2
Helioptile,Nidoqueen,Nidoqueen,0,1
Exeggcute,Eiscue-Ice,Eiscue-Ice,0,1
Glimmet,Dragonair,Dragonair,0,2
Gogoat,Slurpuff,Gogoat,1,3
Togekiss,Diancie,Diancie,0,2
Delcatty,Cherrim,Cherrim,0,2
Meganium,Garchomp,Meganium,1,2
Spearow,Morpeko-Full-Belly,Morpeko-Full-Belly,0,1
Morgrem,Alomomola,Alomomola,0,3
Mothim,Piplup,Mothim,1,2
Yungoos,Wailord,Wailord,0,1
Purrloin,Conkeldurr,Conkeldurr,0,1
Sizzlipede,Seedot,Sizzlipede,1,1
Hippopotas,Skiddo,Skiddo,0,1
Cherubi,Applin,Cherubi,1,1
Coalossal,Basculin-Red-Striped,Basculin-Red-Striped,0,2
Ledian,Golisopod,Golisopod,0,2
Gigalith,Zebstrika,Gigalith,1,2
Pinsir,Cradily,Pinsir,1,2
Solgaleo,Furfrou,Solgaleo,1,2
Simisage,Skeledirge,Skeledirge,0,1
Misdreavus,Hippopotas,Misdreavus,1,2
Pidove,Zebstrika,Zebstrika,0,1
Shiftry,Noivern,Noivern,0,2
Xatu,Pidgey,Xatu,1,1
Lombre,Blipbug,Lombre,1,1
Ludicolo,Moltres,Moltres,0,2
Beedrill,Revavroom,Revavroom,0,1
Durant,Shaymin-Land,Durant,1,2
Torterra,Sentret,Torterra,1,1
Escavalier,Dragonair,Escavalier,1,2
Doduo,Regigigas,Regigigas,0,1
Misdreavus,Raticate,Misdreavus,1,3
Gourgeist-Average,Kabuto,Gourgeist-Average,1,1
Zubat,Okidogi,Okidogi,0,1
Glimmet,Taillow,Glimmet,1,1
Spinarak,Heracross,Heracross,0,1
Hypno,Kleavor,Kleavor,0,1
Scatterbug,Lycanroc-Midday,Lycanroc-Midday,0,1
Toedscruel,Haunter,Toedscruel,1,1
Wiglett,Chewtle,Chewtle,0,1
Oranguru,Maractus,Oranguru,1,2
Happiny,Munkidori,Munkidori,0,1
Garganacl,Magby,Garganacl,1,1
Zarude,Relicanth,Zarude,1,1
Shelgon,Annihilape,Annihilape,0,2
Ferroseed,Galvantula,Galvantula,0,2
Doublade,Manaphy,Manaphy,0,2
Zorua,Chandelure,Chandelure,0,1
Glameow,Beartic,Beartic,0,1
Yveltal,Nidoran-F,Yveltal,1,1
Zweilous,Ferroseed,Zweilous,1,3
Tauros,Croagunk,Tauros,1,1
Sneasler,Scolipede,Sneasler,1,3
Pyroar-Male,Hatterene,Hatterene,0,2
Arbok,Wyrdeer,Wyrdeer,0,1
Azelf,Vulpix,Azelf,1,1
Brambleghast,Nosepass,Brambleghast,1,1
Marshadow,Quaxly,Marshadow,1,1
Regieleki,Tauros,Tauros,0,2
Ferroseed,Celesteela,Celesteela,0,2
Froakie,Ninjask,Ninjask,0,1
Palafin-Zero,Jynx,Palafin-Zero,1,2
Omastar,Glastrier,Glastrier,0,2
Boltund,Lopunny,Boltund,1,3
Tyrogue,Aromatisse,Aromatisse,0,1
Darkrai,Pidgey,Darkrai,1,1
Terapagos,Bruxish,Terapagos,1,3
Kabuto,Palossand,Palossand,0,1
Arctovish,Spewpa,Arctovish,1,1
Donphan,Cubchoo,Donphan,1,1
Kingambit,Rockruff,Kingambit,1,1
Vespiquen,Cosmog,Vespiquen,1,1
Corphish,Nihilego,Nihilego,0,2
Trapinch,Porygon,Porygon,0,1
Shaymin-Land,Skuntank,Skuntank,0,3
Grafaiai,Electivire,Electivire,0,2
Vileplume,Heatmor,Heatmor,0,2
Munkidori,Cosmoem,Munkidori,1,3
Swellow,Wimpod,Swellow,1,1
Roggenrola,Blaziken,Blaziken,0,1
Moltres,Audino,Moltres,1,3
Bonsly,Ekans,Bonsly,1,1
Piloswine,Feraligatr,Feraligatr,0,2
Bombirdier,Rhyhorn,Bombirdier,1,2
Plusle,Typhlosion,Typhlosion,0,2
Slither-Wing,Bronzong,Slither-Wing,1,3
Gloom,Cacturne,Cacturne,0,2
Raikou,Suicune,Raikou,1,2
Purrloin,Salandit,Salandit,0,1
Fidough,Frigibax,Fidough,1,2
Cinccino,Vanillite,Cinccino,1,1
Goodra,Jangmo-O,Goodra,1,1
Latios,Cyclizar,Latios,1,1
Comfey,Roggenrola,Comfey,1,1
Sewaddle,Golem,Golem,0,1
Drifloon,Corviknight,Corviknight,0,2
Magcargo,Scrafty,Scrafty,0,2
Perrserker,Nacli,Perrserker,1,1
Shuppet,Sinistea,Sinistea,0,1
Staryu,Zapdos,Zapdos,0,1
Minior-Red-Meteor,Boltund,Boltund,0,2
Starmie,Zygarde-50,Starmie,1,2
Mime-Jr,Tyrunt,Mime-Jr,1,1
Silvally,Diancie,Diancie,0,4
Melmetal,Flareon,Flareon,0,2
Bonsly,Zamazenta,Zamazenta,0,1
Veluza,Uxie,Veluza,1,5
Rampardos,Ambipom,Rampardos,1,2
Shiftry,Baxcalibur,Baxcalibur,0,2
Swoobat,Golbat,Swoobat,1,2
Minun,Dhelmise,Dhelmise,0,1
Skrelp,Bombirdier,Bombirdier,0,2
Flaaffy,Sudowoodo,Sudowoodo,0,2
Jumpluff,Ducklett,Jumpluff,1,3
Scizor,Staravia,Scizor,1,1
Vigoroth,Tinkatink,Vigoroth,1,3
Luxio,Chespin,Luxio,1,2
Oinkologne-Male,Registeel,Registeel,0,5
Samurott,Fidough,Samurott,1,1
Qwilfish,Pansear,Qwilfish,1,1
Toxel,Pichu,Toxel,1,1
Machoke,Drizzile,Drizzile,0,2
Sawsbuck,Ponyta,Sawsbuck,1,2
Swirlix,Kilowattrel,Kilowattrel,0,2
Sprigatito,Cherubi,Cherubi,0,1
Bidoof,Xurkitree,Xurkitree,0,1
Poltchageist,Seel,Poltchageist,1,2
Terapagos,Mesprit,Mesprit,0,3
Slurpuff,Meditite,Slurpuff,1,1
Grookey,Flutter-Mane,Flutter-Mane,0,1
Starly,Walrein,Walrein,0,1
Parasect,Mudbray,Parasect,1,2
Arbok,Wimpod,Arbok,1,1
Pidgey,Arcanine,Arcanine,0,1
Abomasnow,Golurk,Abomasnow,1,2
Vanillish,Empoleon,Empoleon,0,1
Treecko,Patrat,Patrat,0,1
Numel,Litwick,Numel,1,1
Orbeetle,Impidimp,Orbeetle,1,2
Snorunt,Manectric,Manectric,0,1
Quilladin,Krabby,Quilladin,1,1
Medicham,Krokorok,Medicham,1,1
Cleffa,Heatran,Heatran,0,1
Clefairy,Mr-Mime,Mr-Mime,0,2
Cutiefly,Flabebe,Flabebe,0,2
Nuzleaf,Zigzagoon,Nuzleaf,1,1
Lugia,Skorupi,Lugia,1,1
Bewear,Quilladin,Bewear,1,2
Hakamo-O,Yamask,Hakamo-O,1,2
Abomasnow,Barboach,Abomasnow,1,1
Persian,Poochyena,Persian,1,1
Tyranitar,Munchlax,Tyranitar,1,2
Pupitar,Ducklett,Pupitar,1,1
Forretress,Sandile,Forretress,1,1
Lickitung,Cleffa,Lickitung,1,2
Chandelure,Huntail,Huntail,0,2
Pupitar,Pawniard,Pupitar,1,1
Xatu,Iron-Thorns,Iron-Thorns,0,1
Qwilfish,Corsola,Corsola,0,4
Primeape,Chewtle,Primeape,1,1
Poliwhirl,Persian,Persian,0,3
Marshtomp,Hitmonlee,Hitmonlee,0,2
Snom,Skeledirge,Skeledirge,0,1
Capsakid,Volcarona,Volcarona,0,1
Vileplume,Noibat,Vileplume,1,1
Barboach,Zweilous,Zweilous,0,2
Orthworm,Regidrago,Regidrago,0,4
Roggenrola,Delphox,Delphox,0,1
Beautifly,Whiscash,Whiscash,0,2
Latios,Wyrdeer,Latios,1,3
Feebas,Greedent,Greedent,0,1
Grubbin,Magnezone,Magnezone,0,1
Masquerain,Hatenna,Masquerain,1,1
Mismagius,Blissey,Mismagius,1,3
Grotle,Drilbur,Grotle,1,1
Mareanie,Furret,Furret,0,2
Lampent,Accelgor,Lampent,1,1
Slakoth,Clefable,Clefable,0,1
Xatu,Beldum,Beldum,0,3
Heatran,Slaking,Heatran,1,3
Wartortle,Zorua,Wartortle,1,2
Mimikyu-Disguised,Vanilluxe,Vanilluxe,0,2
Barbaracle,Flygon,Flygon,0,2
Dewott,Teddiursa,Dewott,1,2
Frosmoth,Finneon,Frosmoth,1,2
Noibat,Rillaboom,Rillaboom,0,1
Toxapex,Pangoro,Pangoro,0,4
Morelull,Houndstone,Houndstone,0,1
Stakataka,Celebi,Celebi,0,3
Tyrantrum,Poipole,Tyrantrum,1,2
Regirock,Gothorita,Regirock,1,2
Keldeo-Ordinary,Pichu,Keldeo-Ordinary,1,1
Archaludon,Vanillish,Archaludon,1,1
Spiritomb,Mantyke,Spiritomb,1,2
Haunter,Lurantis,Haunter,1,2
Forretress,Morpeko-Full-Belly,Forretress,1,1
Tangela,Stakataka,Stakataka,0,2
Bewear,Fidough,Bewear,1,1
Palossand,Vespiquen,Vespiquen,0,3
Buzzwole,Skrelp,Buzzwole,1,2
Wo-Chien,Grumpig,Wo-Chien,1,2
Audino,Maschiff,Audino,1,3
Poochyena,Kricketot,Kricketot,0,1
Heliolisk,Nymble,Heliolisk,1,1
Mareep,Naclstack,Naclstack,0,2
Tyrantrum,Clodsire,Clodsire,0,3
Iron-Treads,Raticate,Iron-Treads,1,2
Rampardos,Cosmoem,Rampardos,1,2
Xatu,Lapras,Lapras,0,1
Sneasler,Gumshoos,Sneasler,1,1
Growlithe,Excadrill,Excadrill,0,1
Celesteela,Bayleef,Celesteela,1,1
Unown,Wormadam-Plant,Wormadam-Plant,0,1
Staravia,Impidimp,Staravia,1,1
Sandshrew,Galvantula,Galvantula,0,1
Weedle,Landorus-Incarnate,Landorus-Incarnate,0,1
Iron-Jugulis,Vikavolt,Vikavolt,0,1
Anorith,Cryogonal,Cryogonal,0,1
Spiritomb,Shedinja,Spiritomb,1,1
Sawk,Sandile,Sawk,1,1
Venonat,Hawlucha,Hawlucha,0,1
Tauros,Combusken,Tauros,1,2
Milotic,Elgyem,Milotic,1,2
Pichu,Silicobra,Silicobra,0,1
Marill,Shroodle,Shroodle,0,2
Meltan,Aromatisse,Aromatisse,0,2
Floatzel,Suicune,Suicune,0,4
Linoone,Aerodactyl,Aerodactyl,0,2
Lokix,Bellsprout,Lokix,1,1
Florges,Froslass,Florges,1,2
Cosmoem,Doduo,Cosmoem,1,2
Wishiwashi-Solo,Iron-Leaves,Iron-Leaves,0,1
Ribombee,Snom,Ribombee,1,1
Spinarak,Clefable,Clefable,0,1
Seviper,Bronzong,Bronzong,0,2
Magnemite,Natu,Magnemite,1,1
Dwebble,Zigzagoon,Dwebble,1,1
Rattata,Cofagrigus,Cofagrigus,0,1
Forretress,Totodile,Forretress,1,2
Minior-Red-Meteor,Munkidori,Munkidori,0,2
Sandy-Shocks,Cufant,Sandy-Shocks,1,1
Drifblim,Rhydon,Drifblim,1,2
Galvantula,Drakloak,Galvantula,1,2
Tandemaus,Abra,Abra,0,1
Noibat,Tranquill,Tranquill,0,1
Dudunsparce-Two-Segment,Unfezant,Dudunsparce-Two-Segment,1,2
Swadloon,Probopass,Probopass,0,2
Skorupi,Leafeon,Leafeon,0,2
Rattata,Poliwag,Poliwag,0,2
Binacle,Ferrothorn,Ferrothorn,0,1
Cryogonal,Luxio,Cryogonal,1,2
Appletun,Porygon-Z,Porygon-Z,0,1
Buzzwole,Munkidori,Munkidori,0,1
Crocalor,Pinsir,Crocalor,1,2
Seismitoad,Piloswine,Seismitoad,1,2
Unown,Magneton,Magneton,0,1
Skwovet,Woobat,Woobat,0,2
Shuckle,Iron-Boulder,Iron-Boulder,0,1
Raikou,Poliwrath,Raikou,1,2
Machop,Luvdisc,Machop,1,2
Malamar,Scream-Tail,Scream-Tail,0,2
Murkrow,Houndour,Murkrow,1,1
Dracozolt,Crobat,Dracozolt,1,2
Avalugg,Flareon,Flareon,0,1
Spoink,Scream-Tail,Scream-Tail,0,2
Exploud,Hippowdon,Exploud,1,3
Iron-Valiant,Metagross,Metagross,0,1
Keldeo-Ordinary,Unown,Keldeo-Ordinary,1,1
Quaquaval,Eevee,Quaquaval,1,1
Enamorus-Incarnate,Rabsca,Enamorus-Incarnate,1,2
Corviknight,Shedinja,Corviknight,1,1
Meltan,Houndour,Houndour,0,1
Solrock,Mamoswine,Mamoswine,0,2
Gengar,Weavile,Weavile,0,2
Bouffalant,Electabuzz,Bouffalant,1,2
Ribombee,Panpour,Ribombee,1,2
Coalossal,Carkol,Coalossal,1,2
Mareep,Shieldon,Mareep,1,2
Murkrow,Cubchoo,Murkrow,1,1
Nosepass,Venomoth,Venomoth,0,2
Keldeo-Ordinary,Veluza,Veluza,0,3
Aron,Tarountula,Aron,1,1
Torkoal,Sawsbuck,Torkoal,1,2
Roselia,Munna,Roselia,1,2
Alcremie,Hatterene,Alcremie,1,3
Marowak,Golisopod,Golisopod,0,2
Dedenne,Smoliv,Dedenne,1,1
Qwilfish,Cetoddle,Qwilfish,1,2
Nickit,Magcargo,Magcargo,0,1
Ledian,Gimmighoul,Gimmighoul,0,3
Toedscruel,Omastar,Toedscruel,1,1
Blipbug,Spheal,Spheal,0,1
Baxcalibur,Articuno,Baxcalibur,1,4
Mienshao,Runerigus,Mienshao,1,2
Staraptor,Quaquaval,Staraptor,1,2
Sunkern,Nosepass,Nosepass,0,1
Numel,Linoone,Linoone,0,2
Jellicent-Male,Nincada,Jellicent-Male,1,1
Iron-Crown,Glastrier,Iron-Crown,1,4
Groudon,Cufant,Groudon,1,1
Lechonk,Nincada,Lechonk,1,1
Raging-Bolt,Donphan,Raging-Bolt,1,2
Weavile,Metang,Metang,0,2
Deerling,Solosis,Solosis,0,1
Volcanion,Prinplup,Volcanion,1,3
Miltank,Garbodor,Miltank,1,4
Golurk,Hawlucha,Golurk,1,2
Phantump,Burmy,Phantump,1,2
Minior-Red-Meteor,Landorus-Incarnate,Landorus-Incarnate,0,2
Jynx,Murkrow,Jynx,1,1
Passimian,Dialga,Dialga,0,2
Palkia,Cyclizar,Palkia,1,1
Poltchageist,Krokorok,Krokorok,0,1
Beautifly,Cufant,Cufant,0,2
Emboar,Houndoom,Emboar,1,1
Vanilluxe,Persian,Vanilluxe,1,2
Electabuzz,Serperior,Serperior,0,3
Iron-Thorns,Sneasel,Iron-Thorns,1,1
Umbreon,Grafaiai,Umbreon,1,3
Joltik,Fletchling,Joltik,1,1
Happiny,Emboar,Emboar,0,1
Azelf,Solgaleo,Solgaleo,0,2
Centiskorch,Gardevoir,Centiskorch,1,2
Maschiff,Rayquaza,Rayquaza,0,1
Kleavor,Aurorus,Kleavor,1,2
Munna,Dunsparce,Dunsparce,0,3
Gholdengo,Shuppet,Gholdengo,1,1
Igglybuff,Bouffalant,Bouffalant,0,1
Sealeo,Orbeetle,Orbeetle,0,4
Kyurem,Togepi,Kyurem,1,1
Regice,Klefki,Klefki,0,2
Skorupi,Lairon,Lairon,0,1
Bellossom,Swinub,Bellossom,1,1
Bronzor,Magmar,Magmar,0,2
Centiskorch,Zygarde-50,Centiskorch,1,2
Hypno,Avalugg,Hypno,1,3
Gyarados,Fletchinder,Gyarados,1,1
Goomy,Scyther,Scyther,0,1
Garganacl,Honedge,Honedge,0,3
Iron-Leaves,Piloswine,Iron-Leaves,1,2
Tyranitar,Okidogi,Okidogi,0,1
Xerneas,Electivire,Xerneas,1,2
Magmortar,Polteageist,Magmortar,1,3
Veluza,Clauncher,Veluza,1,2
Cursola,Piplup,Cursola,1,2
Meowstic-Male,Mewtwo,Mewtwo,0,3
Bramblin,Dratini,Dratini,0,1
Vanilluxe,Banette,Vanilluxe,1,2
Exploud,Jolteon,Exploud,1,2
Elekid,Copperajah,Copperajah,0,1
Espathra,Florges,Florges,0,3
Toxtricity-Amped,Gabite,Gabite,0,1
Piloswine,Togekiss,Togekiss,0,2
Braixen,Dragalge,Dragalge,0,2
Salandit,Silicobra,Silicobra,0,1
Heracross,Elekid,Heracross,1,1
Walking-Wake,Quaxly,Walking-Wake,1,1
Grafaiai,Whiscash,Whiscash,0,1
Tandemaus,Cyclizar,Cyclizar,0,1
Hitmonchan,Metapod,Hitmonchan,1,2
Melmetal,Wartortle,Melmetal,1,2
Salazzle,Wailord,Wailord,0,1
Mabosstiff,Sewaddle,Mabosstiff,1,2
Flapple,Heracross,Heracross,0,1
Raging-Bolt,Basculegion-Male,Raging-Bolt,1,2
Vibrava,Furfrou,Furfrou,0,1
Duosion,Spidops,Spidops,0,1
Quilladin,Gengar,Gengar,0,1
Tynamo,Darmanitan-Standard,Darmanitan-Standard,0,1
Komala,Yungoos,Komala,1,1
Kadabra,Fearow,Fearow,0,1
Regieleki,Hariyama,Hariyama,0,2
Dusclops,Kingler,Kingler,0,4
Mankey,Regieleki,Regieleki,0,1
Nymble,Tympole,Tympole,0,1
Purugly,Suicune,Suicune,0,2
Togekiss,Furfrou,Togekiss,1,3
Shaymin-Land,Rabsca,Rabsca,0,3
Elekid,Farigiraf,Farigiraf,0,1
Staryu,Luxio,Luxio,0,1
Metang,Inkay,Metang,1,2
Reshiram,Regidrago,Reshiram,1,2
Alcremie,Mothim,Mothim,0,2
Froslass,Quaxly,Froslass,1,2
Ralts,Nuzleaf,Nuzleaf,0,1
Hippopotas,Larvesta,Larvesta,0,2
Morpeko-Full-Belly,Lotad,Morpeko-Full-Belly,1,1
Zekrom,Walking-Wake,Walking-Wake,0,2
Dottler,Gurdurr,Dottler,1,2
Pichu,Tauros,Tauros,0,1
Maushold-Family-Of-Four,Staravia,Maushold-Family-Of-Four,1,2
Quaxwell,Drakloak,Quaxwell,1,2
Stoutland,Vaporeon,Stoutland,1,3
Maushold-Family-Of-Four,Dragapult,Dragapult,0,3
Turtwig,Drednaw,Drednaw,0,2
Stonjourner,Cetitan,Cetitan,0,2
Espurr,Mudbray,Espurr,1,2
Conkeldurr,Aerodactyl,Aerodactyl,0,2
Karrablast,Dwebble,Dwebble,0,1
Bronzong,Dusclops,Bronzong,1,3
Hitmontop,Barboach,Hitmontop,1,1
Ampharos,Tapu-Koko,Ampharos,1,3
Carnivine,Steelix,Carnivine,1,3
Carracosta,Polteageist,Carracosta,1,2
Corvisquire,Fidough,Corvisquire,1,2
Mewtwo,Poliwhirl,Mewtwo,1,1
Caterpie,Kleavor,Kleavor,0,1
Mightyena,Kirlia,Mightyena,1,1
Goomy,Duosion,Duosion,0,1
Golbat,Kingdra,Kingdra,0,2
Cresselia,Litleo,Cresselia,1,2
Crabrawler,Darkrai,Darkrai,0,1
Swellow,Phione,Phione,0,2
Roaring-Moon,Zorua,Roaring-Moon,1,1
Fezandipiti,Munna,Fezandipiti,1,2
Arctibax,Tapu-Fini,Tapu-Fini,0,2
Nosepass,Sawsbuck,Sawsbuck,0,1
Milcery,Emolga,Emolga,0,1
Dewott,Hippowdon,Dewott,1,2
Pelipper,Medicham,Pelipper,1,2
Crustle,Dratini,Crustle,1,1
Pichu,Lanturn,Lanturn,0,1
Loudred,Frillish-Male,Frillish-Male,0,3
Magmortar,Aggron,Aggron,0,1
Geodude,Golduck,Golduck,0,1
Yamper,Floragato,Floragato,0,2
Vanillite,Scrafty,Scrafty,0,1
Toedscruel,Finneon,Toedscruel,1,1
Porygon-Z,Floatzel,Floatzel,0,3
Aipom,Gallade,Gallade,0,1
Kartana,Furfrou,Kartana,1,1
Munna,Pumpkaboo-Average,Pumpkaboo-Average,0,2
Swinub,Farigiraf,Farigiraf,0,1
Lumineon,Gliscor,Lumineon,1,2
Malamar,Bisharp,Bisharp,0,3
Lombre,Machop,Lombre,1,2
Magnemite,Scorbunny,Scorbunny,0,1
Toxel,Perrserker,Perrserker,0,1
Barraskewda,Vanillite,Barraskewda,1,1
Smoliv,Tornadus-Incarnate,Tornadus-Incarnate,0,1
Anorith,Doublade,Doublade,0,1
Bouffalant,Drifblim,Drifblim,0,5
Rillaboom,Fletchinder,Rillaboom,1,2
Silvally,Bruxish,Silvally,1,3
Aromatisse,Sableye,Aromatisse,1,1
Orthworm,Manectric,Manectric,0,2
Farfetchd,Sandshrew,Farfetchd,1,1
Rufflet,Torterra,Torterra,0,2
Toxapex,Bronzor,Toxapex,1,4
Togepi,Oddish,Oddish,0,1
Ambipom,Kecleon,Ambipom,1,2
Sizzlipede,Hypno,Hypno,0,2
Swalot,Bellsprout,Swalot,1,1
Wooloo,Stonjourner,Stonjourner,0,1
Cubone,Hydreigon,Hydreigon,0,1
Zoroark,Breloom,Zoroark,1,1
Phione,Lunatone,Phione,1,2
Komala,Volbeat,Komala,1,2
Timburr,Carnivine,Carnivine,0,2
Mime-Jr,Centiskorch,Centiskorch,0,1
Regieleki,Houndstone,Houndstone,0,2
Meloetta-Aria,Brute-Bonnet,Meloetta-Aria,1,3
Exploud,Bunnelby,Exploud,1,1
Lopunny,Probopass,Probopass,0,4
Cofagrigus,Nincada,Cofagrigus,1,1
Clauncher,Spectrier,Spectrier,0,2
Drilbur,Cresselia,Cresselia,0,2
Shieldon,Golduck,Golduck,0,1
Palpitoad,Guzzlord,Guzzlord,0,2
Phantump,Houndour,Houndour,0,1
Alcremie,Eiscue-Ice,Alcremie,1,3
Morpeko-Full-Belly,Camerupt,Camerupt,0,1
Farfetchd,Metang,Metang,0,2
Metagross,Aegislash-Shield,Aegislash-Shield,0,4
Croconaw,Mesprit,Mesprit,0,2
Thundurus-Incarnate,Spoink,Thundurus-Incarnate,1,1
Clauncher,Cetoddle,Cetoddle,0,3
Iron-Thorns,Klawf,Iron-Thorns,1,3
Stufful,Helioptile,Stufful,1,1
Grovyle,Marowak,Grovyle,1,2
Jangmo-O,Darmanitan-Standard,Darmanitan-Standard,0,2
Cursola,Fletchling,Cursola,1,1
Pansear,Veluza,Veluza,0,1
Eevee,Golett,Eevee,1,2
Mankey,Weedle,Mankey,1,1
Kangaskhan,Drednaw,Drednaw,0,3
Staravia,Mime-Jr,Staravia,1,1
Ambipom,Dipplin,Ambipom,1,2
Thwackey,Impidimp,Thwackey,1,2
Nidoran-F,Sandile,Sandile,0,1
Skrelp,Malamar,Malamar,0,1
Zoroark,Deoxys-Normal,Zoroark,1,1
Celesteela,Togepi,Celesteela,1,1
Wyrdeer,Minun,Wyrdeer,1,2
Tympole,Klefki,Klefki,0,2
Clobbopus,Froslass,Froslass,0,2
Riolu,Grovyle,Grovyle,0,1
Minior-Red-Meteor,Burmy,Minior-Red-Meteor,1,1
Kadabra,Sandile,Kadabra,1,1
Lunala,Swoobat,Lunala,1,1
Mienfoo,Scrafty,Mienfoo,1,2
Octillery,Oricorio-Baile,Octillery,1,1
Munna,Espeon,Espeon,0,2
Pineco,Breloom,Breloom,0,2
Whirlipede,Spectrier,Spectrier,0,2
Ninetales,Jigglypuff,Ninetales,1,2
Golett,Quaxly,Quaxly,0,2
Larvesta,Regieleki,Regieleki,0,2
Wingull,Poliwhirl,Poliwhirl,0,2
Klink,Iron-Crown,Iron-Crown,0,2
Yamask,Vileplume,Vileplume,0,1
Skrelp,Slowbro,Slowbro,0,1
Pawmo,Kirlia,Kirlia,0,1
Octillery,Luvdisc,Octillery,1,2
Magearna,Lileep,Magearna,1,2
Alcremie,Primeape,Alcremie,1,1
Zigzagoon,Remoraid,Remoraid,0,1
Dedenne,Seviper,Seviper,0,1
Cobalion,Latias,Latias,0,3
Magmortar,Sentret,Magmortar,1,1
Turtonator,Tentacruel,Tentacruel,0,3
Mismagius,Bellibolt,Bellibolt,0,3
Caterpie,Weedle,Weedle,0,2
Luxio,Mawile,Luxio,1,2
Flaaffy,Centiskorch,Centiskorch,0,2
Klawf,Araquanid,Klawf,1,2
Ninetales,Arctovish,Arctovish,0,2
Venonat,Exeggutor,Exeggutor,0,1
Chinchou,Sandaconda,Sandaconda,0,1
Quilladin,Uxie,Uxie,0,2
Morpeko-Full-Belly,Yanma,Morpeko-Full-Belly,1,1
Houndour,Minccino,Minccino,0,2
Hitmonlee,Meowth,Hitmonlee,1,1
Cottonee,Arrokuda,Cottonee,1,1
Snubbull,Yamper,Snubbull,1,3
Mamoswine,Meowscarada,Meowscarada,0,2
Barbaracle,Honedge,Barbaracle,1,2
Capsakid,Tapu-Fini,Tapu-Fini,0,1
Gliscor,Tatsugiri-Curly,Tatsugiri-Curly,0,1
Arcanine,Sobble,Arcanine,1,2
Drowzee,Abra,Drowzee,1,1
Salamence,Scrafty,Salamence,1,2
Psyduck,Nacli,Psyduck,1,1
Jumpluff,Corphish,Jumpluff,1,1
Glaceon,Cetitan,Cetitan,0,2
Carracosta,Magearna,Magearna,0,2
Rattata,Monferno,Monferno,0,1
Sliggoo,Clodsire,Clodsire,0,2
Naclstack,Okidogi,Okidogi,0,1
Eiscue-Ice,Latias,Latias,0,3
Shellder,Pelipper,Pelipper,0,1
Fuecoco,Hydreigon,Hydreigon,0,1
Moltres,Scrafty,Moltres,1,2
Vespiquen,Munkidori,Munkidori,0,2
Arrokuda,Polteageist,Polteageist,0,1
Kecleon,Skeledirge,Skeledirge,0,3
Deoxys-Normal,Machoke,Deoxys-Normal,1,1
Mewtwo,Ralts,Mewtwo,1,1
Bidoof,Basculegion-Male,Basculegion-Male,0,2
Haxorus,Smoochum,Haxorus,1,1
Kangaskhan,Pinsir,Kangaskhan,1,3
Salazzle,Slowking,Slowking,0,1
Maushold-Family-Of-Four,Kadabra,Maushold-Family-Of-Four,1,1
Lapras,Mew,Mew,0,5
Iron-Thorns,Wynaut,Iron-Thorns,1,2
Gossifleur,Pidove,Pidove,0,1
Terapagos,Stoutland,Stoutland,0,3
Luvdisc,Reshiram,Reshiram,0,1
Galvantula,Virizion,Virizion,0,3
Azurill,Victreebel,Victreebel,0,1
Klang,Solgaleo,Solgaleo,0,4
Paras,Unfezant,Unfezant,0,1
Trapinch,Chi-Yu,Chi-Yu,0,1
Swablu,Dipplin,Dipplin,0,1
Snom,Chinchou,Chinchou,0,1
Golurk,Seadra,Seadra,0,2
Espeon,Charcadet,Espeon,1,1
Heracross,Crobat,Crobat,0,1
Buzzwole,Sudowoodo,Buzzwole,1,2
Duraludon,Calyrex,Duraludon,1,2
Dusclops,Drednaw,Drednaw,0,2
Houndour,Surskit,Surskit,0,1
Togepi,Torracat,Torracat,0,2
Wattrel,Hippopotas,Wattrel,1,2
Makuhita,Duraludon,Duraludon,0,1
Tarountula,Pecharunt,Pecharunt,0,1
Noibat,Donphan,Donphan,0,1
Veluza,Liepard,Liepard,0,2
Araquanid,Mudkip,Araquanid,1,2
Rotom,Chatot,Rotom,1,1
Koraidon,Mime-Jr,Koraidon,1,1
Grumpig,Miltank,Miltank,0,3
Kyurem,Minior-Red-Meteor,Kyurem,1,1
Bronzor,Iron-Valiant,Iron-Valiant,0,2
Cacturne,Zarude,Zarude,0,2
Kirlia,Iron-Thorns,Iron-Thorns,0,1
Ponyta,Tadbulb,Ponyta,1,2
Mandibuzz,Eternatus,Eternatus,0,3
Fezandipiti,Loudred,Fezandipiti,1,2
Quilava,Conkeldurr,Conkeldurr,0,2
Venusaur,Buizel,Venusaur,1,1
Kecleon,Tangrowth,Tangrowth,0,3
Celesteela,Beldum,Celesteela,1,3
Rhydon,Makuhita,Rhydon,1,1
Vaporeon,Muk,Vaporeon,1,4
Meloetta-Aria,Salazzle,Meloetta-Aria,1,1
Excadrill,Braviary,Excadrill,1,3
Reuniclus,Kricketot,Reuniclus,1,1
Bayleef,Frosmoth,Frosmoth,0,1
Plusle,Eiscue-Ice,Eiscue-Ice,0,2
Leafeon,Zorua,Leafeon,1,1
Klawf,Vaporeon,Vaporeon,0,1
Kartana,Crabrawler,Kartana,1,1
Scizor,Haxorus,Scizor,1,2
Jangmo-O,Capsakid,Capsakid,0,1
Milotic,Dusclops,Milotic,1,2
Nihilego,Lampent,Nihilego,1,2
Gallade,Quilladin,Gallade,1,2
Lanturn,Metang,Lanturn,1,3
Alcremie,Toxtricity-Amped,Toxtricity-Amped,0,1
Snom,Flabebe,Flabebe,0,1
Muk,Wartortle,Muk,1,2
Sudowoodo,Gumshoos,Sudowoodo,1,3
Scrafty,Eevee,Scrafty,1,1
Cyclizar,Chewtle,Cyclizar,1,1
Gloom,Meowth,Gloom,1,1
Drampa,Primeape,Primeape,0,2
Tapu-Fini,Archeops,Tapu-Fini,1,1
Swinub,Ursaring,Ursaring,0,1
Dubwool,Yanmega,Dubwool,1,3
Oinkologne-Male,Pangoro,Pangoro,0,2
Breloom,Alomomola,Breloom,1,3
Appletun,Walrein,Walrein,0,1
Zamazenta,Skiploom,Zamazenta,1,1
Pidgeot,Beedrill,Pidgeot,1,1
Aron,Torchic,Aron,1,1
Lunala,Graveler,Lunala,1,1
Skiddo,Oinkologne-Male,Oinkologne-Male,0,2
Vanillite,Archaludon,Archaludon,0,1
Magikarp,Duosion,Duosion,0,1
Beedrill,Barbaracle,Barbaracle,0,1
Tornadus-Incarnate,Magmar,Tornadus-Incarnate,1,2
Shiftry,Tyrantrum,Shiftry,1,2
Tangrowth,Ivysaur,Ivysaur,0,2
Quaxwell,Metapod,Quaxwell,1,1
Weezing,Flareon,Flareon,0,2
Helioptile,Hoopa,Hoopa,0,1
Vespiquen,Drilbur,Vespiquen,1,2
Dedenne,Walking-Wake,Walking-Wake,0,2
Gothitelle,Oshawott,Gothitelle,1,2
Regirock,Inteleon,Inteleon,0,2
Lapras,Wishiwashi-Solo,Lapras,1,1
Inteleon,Litten,Inteleon,1,1
Stunky,Electivire,Electivire,0,2
Slaking,Cosmog,Slaking,1,1
Heliolisk,Chewtle,Heliolisk,1,1
Stoutland,Golem,Golem,0,3
Phanpy,Iron-Bundle,Iron-Bundle,0,1
Heracross,Hawlucha,Hawlucha,0,1
Grumpig,Zacian,Zacian,0,3
Arceus,Cufant,Arceus,1,3
Stunfisk,Tornadus-Incarnate,Stunfisk,1,2
Wishiwashi-Solo,Kabuto,Kabuto,0,1
Lapras,Spinarak,Lapras,1,1
Furret,Terrakion,Terrakion,0,1
Dondozo,Dwebble,Dondozo,1,1
Salazzle,Breloom,Salazzle,1,1
Metagross,Raticate,Metagross,1,2
Grotle,Dustox,Dustox,0,3
Pikachu,Primeape,Primeape,0,1
Runerigus,Lokix,Lokix,0,3
Seel,Tauros,Tauros,0,2
Polteageist,Cubchoo,Polteageist,1,2
Grubbin,Victreebel,Victreebel,0,1
Lopunny,Pawniard,Pawniard,0,3
Silicobra,Sprigatito,Sprigatito,0,2
Gossifleur,Taillow,Taillow,0,1
Rockruff,Popplio,Popplio,0,1
Tauros,Skorupi,Tauros,1,2
Slurpuff,Stunky,Slurpuff,1,2
Drifblim,Hariyama,Drifblim,1,2
Dachsbun,Morgrem,Dachsbun,1,2
Aron,Purrloin,Aron,1,1
Nincada,Espeon,Espeon,0,1
Dudunsparce-Two-Segment,Cyndaquil,Dudunsparce-Two-Segment,1,1
Patrat,Koffing,Koffing,0,2
Komala,Sharpedo,Komala,1,1
Purugly,Cosmog,Purugly,1,1
Volcarona,Arctovish,Volcarona,1,3
Toedscruel,Flaaffy,Toedscruel,1,2
Linoone,Mareanie,Linoone,1,2
Nuzleaf,Tyrantrum,Tyrantrum,0,1
Ponyta,Raichu,Raichu,0,2
Poochyena,Virizion,Virizion,0,1
Gyarados,Okidogi,Gyarados,1,2
Hoopa,Dusknoir,Hoopa,1,1
Thievul,Kleavor,Kleavor,0,1
Torterra,Sprigatito,Torterra,1,1
Magnemite,Vespiquen,Magnemite,1,2
Salandit,Machamp,Machamp,0,1
Chimecho,Luxio,Chimecho,1,2
Voltorb,Kubfu,Kubfu,0,1
Virizion,Deino,Virizion,1,1
Chi-Yu,Basculegion-Male,Chi-Yu,1,2
Metapod,Pinsir,Pinsir,0,1
Guzzlord,Vanilluxe,Vanilluxe,0,3
Beldum,Hoopa,Hoopa,0,1
Primeape,Empoleon,Primeape,1,2
Chimecho,Palafin-Zero,Chimecho,1,3
Magneton,Luxio,Magneton,1,2
Snover,Tapu-Fini,Tapu-Fini,0,2
Stantler,Wyrdeer,Wyrdeer,0,2
Vaporeon,Sandshrew,Vaporeon,1,1
Phantump,Dragonair,Dragonair,0,2
Bastiodon,Nidoran-M,Bastiodon,1,2
Typhlosion,Electabuzz,Typhlosion,1,2
Varoom,Falinks,Falinks,0,2
Vaporeon,Coalossal,Vaporeon,1,1
Gligar,Vanilluxe,Vanilluxe,0,1
Grapploct,Mightyena,Grapploct,1,1
Heatran,Mantine,Mantine,0,3
Toucannon,Natu,Toucannon,1,1
Victreebel,Pidgeotto,Pidgeotto,0,2
Weepinbell,Shinx,Weepinbell,1,1
Clobbopus,Servine,Servine,0,2
Flareon,Coalossal,Coalossal,0,1
Dottler,Gligar,Gligar,0,2
Whiscash,Turtwig,Whiscash,1,2
Registeel,Steenee,Registeel,1,2
Exeggutor,Nidoqueen,Nidoqueen,0,2
Cradily,Simisage,Cradily,1,2
Tatsugiri-Curly,Iron-Crown,Iron-Crown,0,3
Electrike,Omastar,Omastar,0,1
Chansey,Shroomish,Shroomish,0,2
Guzzlord,Ducklett,Guzzlord,1,2
Tranquill,Grubbin,Tranquill,1,1
Yamper,Spritzee,Spritzee,0,2
Metang,Lumineon,Lumineon,0,3
Torracat,Flareon,Flareon,0,2
Zygarde-50,Taillow,Zygarde-50,1,1
Venusaur,Orthworm,Orthworm,0,3
Jolteon,Cascoon,Jolteon,1,1
Caterpie,Pincurchin,Pincurchin,0,1
Guzzlord,Revavroom,Guzzlord,1,3
Golurk,Dialga,Dialga,0,2
Iron-Valiant,Floragato,Iron-Valiant,1,1
Pyukumuku,Musharna,Musharna,0,3
Charmander,Luxio,Charmander,1,2
Wigglytuff,Ducklett,Wigglytuff,1,2
Omastar,Skeledirge,Omastar,1,2
Drizzile,Cetoddle,Drizzile,1,2
Granbull,Salazzle,Salazzle,0,2
Incineroar,Spidops,Incineroar,1,2
Grafaiai,Tyrunt,Grafaiai,1,1
Sunkern,Furfrou,Furfrou,0,1
Seedot,Iron-Leaves,Iron-Leaves,0,1
Lurantis,Wimpod,Lurantis,1,1
Hypno,Greninja,Greninja,0,2
Scrafty,Drapion,Drapion,0,4
Snorlax,Stufful,Snorlax,1,2
Greedent,Clamperl,Greedent,1,2
Pikachu,Copperajah,Copperajah,0,1
Dusknoir,Carvanha,Dusknoir,1,1
Mareanie,Spritzee,Mareanie,1,2
Pidgey,Graveler,Graveler,0,1
Emboar,Voltorb,Emboar,1,1
Cranidos,Buizel,Buizel,0,1
Raticate,Cetoddle,Cetoddle,0,2
Beartic,Simisear,Simisear,0,2
Golem,Scorbunny,Golem,1,1
Celebi,Duraludon,Celebi,1,3
Iron-Crown,Feraligatr,Iron-Crown,1,3
Aipom,Roserade,Roserade,0,1
Silcoon,Froslass,Froslass,0,1
Pancham,Hitmonchan,Hitmonchan,0,2
Oshawott,Mesprit,Mesprit,0,1
Arctibax,Floatzel,Arctibax,1,3
Omastar,Ducklett,Omastar,1,2
Nuzleaf,Metang,Nuzleaf,1,2
Scyther,Tynamo,Scyther,1,1
Maractus,Remoraid,Maractus,1,1
Sirfetchd,Happiny,Sirfetchd,1,1
Darkrai,Jigglypuff,Darkrai,1,2
Ekans,Darumaka,Darumaka,0,2
Spidops,Gabite,Spidops,1,2
Salamence,Quilladin,Salamence,1,1
Rattata,Pansage,Pansage,0,1
Stonjourner,Kabuto,Stonjourner,1,1
Orthworm,Nidorina,Orthworm,1,3
Boldore,Zygarde-50,Zygarde-50,0,2
Xerneas,Rampardos,Xerneas,1,2
Skuntank,Seel,Skuntank,1,2
Torracat,Dubwool,Dubwool,0,2
Fletchling,Pansage,Fletchling,1,1
Sentret,Sneasler,Sneasler,0,1
Beldum,Scream-Tail,Scream-Tail,0,3
Sirfetchd,Houndoom,Sirfetchd,1,1
Torterra,Heliolisk,Torterra,1,1
Grubbin,Roselia,Roselia,0,2
Walrein,Dratini,Walrein,1,1
Clawitzer,Glimmora,Clawitzer,1,2
Druddigon,Drapion,Drapion,0,4
Kakuna,Persian,Persian,0,1
Altaria,Turtwig,Altaria,1,1
Frillish-Male,Trapinch,Frillish-Male,1,1
Raticate,Palpitoad,Raticate,1,2
Sandy-Shocks,Surskit,Sandy-Shocks,1,1
Slaking,Weezing,Slaking,1,2
Eevee,Rhyperior,Rhyperior,0,1
Hippowdon,Girafarig,Hippowdon,1,2
Mime-Jr,Grubbin,Grubbin,0,1
Milcery,Pelipper,Pelipper,0,2
Tropius,Munna,Munna,0,2
Noibat,Garbodor,Garbodor,0,1
Quilava,Hattrem,Quilava,1,2
Nidoran-F,Polteageist,Polteageist,0,2
Ho-Oh,Shroodle,Ho-Oh,1,1
Helioptile,Aegislash-Shield,Aegislash-Shield,0,2
Swablu,Omastar,Omastar,0,1
Jumpluff,Clefairy,Clefairy,0,2
Iron-Crown,Probopass,Iron-Crown,1,5
Honchkrow,Castform,Honchkrow,1,2
Leafeon,Ribombee,Ribombee,0,2
Revavroom,Yamask,Revavroom,1,2
Kirlia,Latios,Latios,0,1
Smoliv,Pidgeotto,Pidgeotto,0,1
Surskit,Greavard,Greavard,0,1
Abra,Seaking,Seaking,0,1
Abra,Escavalier,Escavalier,0,1
Fezandipiti,Greavard,Fezandipiti,1,2
Palafin-Zero,Cherrim,Cherrim,0,2
Anorith,Wigglytuff,Wigglytuff,0,2
Skuntank,Koffing,Skuntank,1,2
Shuckle,Houndstone,Houndstone,0,2
Diglett,Panpour,Panpour,0,1
Lunala,Trapinch,Lunala,1,1
Naganadel,Mudkip,Naganadel,1,1
Dusknoir,Moltres,Moltres,0,2
Dreepy,Florges,Florges,0,1
Toxicroak,Dragonair,Toxicroak,1,2
Iron-Moth,Timburr,Iron-Moth,1,1
Drapion,Togetic,Drapion,1,2
Houndstone,Beldum,Houndstone,1,1
Iron-Bundle,Purrloin,Iron-Bundle,1,1
Skeledirge,Corvisquire,Skeledirge,1,1
Brambleghast,Crawdaunt,Brambleghast,1,1
Serperior,Celebi,Celebi,0,3
Swadloon,Miraidon,Miraidon,0,2
Unfezant,Shedinja,Unfezant,1,1
Coalossal,Toxicroak,Toxicroak,0,3
Guzzlord,Ekans,Guzzlord,1,1
Anorith,Kartana,Kartana,0,1
Thievul,Venomoth,Venomoth,0,2
Paras,Rolycoly,Rolycoly,0,1
Indeedee-Male,Golett,Indeedee-Male,1,1
Cramorant,Klinklang,Klinklang,0,3
Beartic,Togekiss,Togekiss,0,3
Lechonk,Indeedee-Male,Indeedee-Male,0,2
Applin,Flutter-Mane,Flutter-Mane,0,1
Seadra,Musharna,Musharna,0,1
Crawdaunt,Noivern,Noivern,0,2
Goomy,Sealeo,Sealeo,0,1
Torchic,Torterra,Torterra,0,1
Cottonee,Zacian,Zacian,0,1
Cranidos,Heatran,Heatran,0,1
Klawf,Lunala,Lunala,0,2
Azumarill,Togekiss,Togekiss,0,3
Chikorita,Diglett,Chikorita,1,1
Braixen,Absol,Absol,0,2
Slurpuff,Hawlucha,Slurpuff,1,2
Houndour,Meganium,Meganium,0,2
Cramorant,Flutter-Mane,Cramorant,1,2
Rampardos,Garganacl,Garganacl,0,3
Dialga,Coalossal,Dialga,1,3
Seadra,Luxio,Luxio,0,1
Arboliva,Yungoos,Arboliva,1,1
Horsea,Fearow,Fearow,0,1
Muk,Pineco,Muk,1,2
Pupitar,Poipole,Pupitar,1,2
Surskit,Lokix,Lokix,0,1
Floette,Rolycoly,Floette,1,1
Amoonguss,Togetic,Amoonguss,1,2
Poliwag,Charjabug,Charjabug,0,1
Budew,Fletchling,Fletchling,0,1
Goodra,Shinx,Goodra,1,1
Marshtomp,Petilil,Petilil,0,1
Corviknight,Mesprit,Corviknight,1,4
Ribombee,Tapu-Koko,Tapu-Koko,0,2
Regieleki,Noivern,Regieleki,1,1
Lucario,Golurk,Golurk,0,1
Venomoth,Combusken,Combusken,0,2
Pawniard,Sceptile,Sceptile,0,2
Fletchinder,Veluza,Veluza,0,1
Shiftry,Pyukumuku,Shiftry,1,2
Nidoking,Regieleki,Nidoking,1,1
Caterpie,Ledyba,Ledyba,0,2
Magmar,Pyroar-Male,Pyroar-Male,0,3
Tyrantrum,Roggenrola,Tyrantrum,1,1
Dondozo,Mime-Jr,Dondozo,1,1
Ninjask,Capsakid,Ninjask,1,1
Omanyte,Wo-Chien,Wo-Chien,0,1
Lumineon,Zigzagoon,Lumineon,1,1
Nidorino,Binacle,Nidorino,1,3
Falinks,Pyukumuku,Falinks,1,3
Mankey,Raticate,Raticate,0,1
Applin,Gloom,Gloom,0,1
Kricketot,Dratini,Dratini,0,2
Mothim,Hoppip,Mothim,1,1
Cinccino,Enamorus-Incarnate,Enamorus-Incarnate,0,2
Kleavor,Manectric,Manectric,0,2
Skorupi,Pawmot,Pawmot,0,2
Marshadow,Virizion,Marshadow,1,3
Nuzleaf,Milcery,Nuzleaf,1,2
Carnivine,Buzzwole,Buzzwole,0,1
Lillipup,Hitmonchan,Hitmonchan,0,1
Kabuto,Vespiquen,Kabuto,1,1
Primeape,Tapu-Bulu,Tapu-Bulu,0,1
Cobalion,Cyclizar,Cobalion,1,2
Ogerpon,Aggron,Ogerpon,1,3
Beartic,Blaziken,Blaziken,0,2
Swellow,Rampardos,Rampardos,0,1
Oshawott,Stunfisk,Stunfisk,0,1
Venonat,Charcadet,Venonat,1,2
Pidgey,Wimpod,Pidgey,1,1
Raikou,Rattata,Raikou,1,1
Golbat,Aegislash-Shield,Aegislash-Shield,0,4
Raticate,Crabominable,Crabominable,0,1
Aromatisse,Sawk,Aromatisse,1,2
Aggron,Litleo,Aggron,1,1
Miraidon,Zweilous,Miraidon,1,1
Lampent,Milcery,Lampent,1,2
Drilbur,Iron-Bundle,Iron-Bundle,0,1
Poltchageist,Marshtomp,Poltchageist,1,1
Nuzleaf,Gardevoir,Gardevoir,0,1
Flygon,Happiny,Flygon,1,1
Slowpoke,Minun,Minun,0,1
Abra,Alomomola,Alomomola,0,1
Clodsire,Duskull,Clodsire,1,1
Fuecoco,Pangoro,Pangoro,0,2
Natu,Eternatus,Eternatus,0,1
Veluza,Basculin-Red-Striped,Veluza,1,2
Escavalier,Pawniard,Escavalier,1,1
Chespin,Mienfoo,Mienfoo,0,2
Fearow,Eelektross,Eelektross,0,1
Moltres,Lycanroc-Midday,Lycanroc-Midday,0,1
Inkay,Dragonair,Dragonair,0,2
Manectric,Wooper,Manectric,1,1
Glimmora,Magneton,Magneton,0,3
Zapdos,Perrserker,Zapdos,1,2
Hitmonlee,Skrelp,Hitmonlee,1,2
Castform,Slither-Wing,Slither-Wing,0,1
Trapinch,Cyndaquil,Cyndaquil,0,1
Vanillite,Cetitan,Cetitan,0,1
Carvanha,Keldeo-Ordinary,Keldeo-Ordinary,0,1
Mudsdale,Remoraid,Mudsdale,1,1
Roserade,Mantyke,Roserade,1,2
Raboot,Musharna,Musharna,0,2
Salamence,Hydreigon,Hydreigon,0,1
Furfrou,Wugtrio,Furfrou,1,1
Sunkern,Scatterbug,Scatterbug,0,1
Sirfetchd,Manectric,Manectric,0,2
Cottonee,Rellor,Rellor,0,2
Iron-Crown,Tornadus-Incarnate,Iron-Crown,1,2
Honchkrow,Duraludon,Duraludon,0,2
Bellibolt,Fezandipiti,Fezandipiti,0,5
Poliwag,Litleo,Poliwag,1,2
Wooloo,Iron-Thorns,Iron-Thorns,0,1
Nacli,Luvdisc,Luvdisc,0,1
Toxicroak,Silcoon,Toxicroak,1,1
Typhlosion,Wiglett,Typhlosion,1,1
Zorua,Klefki,Klefki,0,1
Forretress,Ekans,Forretress,1,1
Clobbopus,Iron-Jugulis,Iron-Jugulis,0,1
Vigoroth,Polteageist,Polteageist,0,3
Meowscarada,Togepi,Meowscarada,1,2
Treecko,Zubat,Treecko,1,1
Banette,Passimian,Banette,1,4
Skiploom,Swellow,Swellow,0,1
Naclstack,Klawf,Klawf,0,3
Krookodile,Masquerain,Krookodile,1,3
Happiny,Piloswine,Piloswine,0,1
Sewaddle,Flittle,Sewaddle,1,1
Gible,Relicanth,Relicanth,0,1
Azelf,Exploud,Azelf,1,3
Lilligant,Kangaskhan,Kangaskhan,0,3
Duosion,Aurorus,Aurorus,0,2
Slaking,Probopass,Probopass,0,8
Thundurus-Incarnate,Jynx,Thundurus-Incarnate,1,1
Skuntank,Drakloak,Skuntank,1,1
Mr-Rime,Porygon-Z,Porygon-Z,0,3
Hoppip,Wynaut,Wynaut,0,2
Boldore,Aggron,Aggron,0,2
Tangela,Spheal,Tangela,1,1
Corphish,Steelix,Corphish,1,2
Swalot,Pinsir,Pinsir,0,4
Scizor,Grapploct,Scizor,1,3
Florges,Sirfetchd,Florges,1,1
Pidgeot,Mareanie,Pidgeot,1,2
Latios,Tangrowth,Latios,1,2
Basculegion-Male,Torterra,Basculegion-Male,1,2
Quaquaval,Munna,Quaquaval,1,2
Stonjourner,Cosmoem,Stonjourner,1,2
Sigilyph,Weezing,Sigilyph,1,1
Gumshoos,Swalot,Swalot,0,3
Zapdos,Galvantula,Zapdos,1,2
Blipbug,Geodude,Geodude,0,1
Arboliva,Barbaracle,Arboliva,1,1
Rattata,Arrokuda,Arrokuda,0,1
Shieldon,Arbok,Shieldon,1,4
Wooper,Cresselia,Cresselia,0,1
Urshifu-Single-Strike,Wishiwashi-Solo,Urshifu-Single-Strike,1,1
Phanpy,Roggenrola,Phanpy,1,2
Torkoal,Stakataka,Stakataka,0,2
Drednaw,Zoroark,Zoroark,0,2
Manectric,Finneon,Manectric,1,1
Poliwhirl,Baltoy,Poliwhirl,1,2
Manectric,Dewgong,Manectric,1,2
Arctovish,Wimpod,Arctovish,1,1
Serperior,Duskull,Serperior,1,1
Chandelure,Gallade,Chandelure,1,2
Prinplup,Bronzor,Prinplup,1,3
Regirock,Gholdengo,Gholdengo,0,4
Golett,Vulpix,Golett,1,1
Yamask,Numel,Numel,0,2
Hitmonchan,Lanturn,Hitmonchan,1,3
Dratini,Burmy,Dratini,1,2
Delibird,Tinkatuff,Tinkatuff,0,1
Grookey,Kabuto,Grookey,1,1
Qwilfish,Morpeko-Full-Belly,Morpeko-Full-Belly,0,2
Scovillain,Nuzleaf,Scovillain,1,1
Vespiquen,Tarountula,Vespiquen,1,1
Weepinbell,Azumarill,Weepinbell,1,2
Relicanth,Araquanid,Relicanth,1,2
Polteageist,Persian,Polteageist,1,2
Poliwag,Cresselia,Cresselia,0,1
Kangaskhan,Marowak,Kangaskhan,1,3
Scrafty,Bonsly,Scrafty,1,1
Pincurchin,Patrat,Pincurchin,1,1
Emboar,Sirfetchd,Emboar,1,2
Cradily,Eevee,Cradily,1,2
Impidimp,Seel,Seel,0,2
Espurr,Pawmo,Espurr,1,1
Lickitung,Hoopa,Hoopa,0,2
Pikachu,Seadra,Pikachu,1,1
Sewaddle,Makuhita,Sewaddle,1,3
Duskull,Mienshao,Mienshao,0,2
Skwovet,Mewtwo,Mewtwo,0,1
Mr-Rime,Nidoqueen,Mr-Rime,1,2
Pikachu,Snubbull,Snubbull,0,1
Sandslash,Gholdengo,Gholdengo,0,1
Tyrunt,Gastrodon,Gastrodon,0,1
Serperior,Diancie,Serperior,1,2
Gengar,Cranidos,Gengar,1,1
Cherubi,Poipole,Poipole,0,1
Cursola,Vileplume,Cursola,1,2
Farigiraf,Foongus,Farigiraf,1,1
Azelf,Cramorant,Azelf,1,2
Dragapult,Wartortle,Dragapult,1,2
Pawmot,Swellow,Pawmot,1,1
Nidoran-F,Nidoking,Nidoking,0,1
Snorlax,Wartortle,Snorlax,1,2
Volcanion,Hattrem,Volcanion,1,2
Skiploom,Enamorus-Incarnate,Enamorus-Incarnate,0,1
Flygon,Azurill,Flygon,1,1
Crawdaunt,Swinub,Crawdaunt,1,1
Mightyena,Sunflora,Sunflora,0,2
Meowstic-Male,Sandygast,Meowstic-Male,1,1
Cranidos,Charmander,Cranidos,1,1
Armaldo,Venomoth,Armaldo,1,1
Shuppet,Litleo,Litleo,0,1
Drakloak,Beedrill,Drakloak,1,2
Porygon-Z,Dipplin,Porygon-Z,1,1
Rowlet,Morgrem,Morgrem,0,1
Tentacool,Chi-Yu,Chi-Yu,0,2
Solgaleo,Iron-Thorns,Solgaleo,1,3
Larvesta,Magikarp,Larvesta,1,1
Mesprit,Revavroom,Revavroom,0,3
Rayquaza,Duosion,Rayquaza,1,1
Araquanid,Silicobra,Araquanid,1,2
Karrablast,Politoed,Politoed,0,1
Charjabug,Sunkern,Charjabug,1,1
Wooloo,Palpitoad,Palpitoad,0,2
Manaphy,Araquanid,Manaphy,1,4
Snom,Snorlax,Snorlax,0,1
Tapu-Bulu,Skitty,Tapu-Bulu,1,1
Regirock,Copperajah,Copperajah,0,3
Lampent,Naclstack,Naclstack,0,2
Wobbuffet,Pawmo,Wobbuffet,1,2
Ting-Lu,Mandibuzz,Ting-Lu,1,6
Nidorino,Pinsir,Pinsir,0,2
Buzzwole,Pancham,Buzzwole,1,2
Mr-Mime,Falinks,Mr-Mime,1,1
Shelgon,Larvitar,Shelgon,1,2
Fuecoco,Loudred,Loudred,0,3
Orthworm,Xerneas,Xerneas,0,3
Fuecoco,Ninetales,Ninetales,0,3
Cosmoem,Delibird,Cosmoem,1,3
Swalot,Poliwag,Swalot,1,1
Rolycoly,Shelgon,Shelgon,0,1
Whismur,Cinccino,Cinccino,0,1
Wurmple,Shaymin-Land,Shaymin-Land,0,1
Pichu,Krookodile,Krookodile,0,1
Dedenne,Zebstrika,Zebstrika,0,3
Swampert,Geodude,Swampert,1,1
Meganium,Charjabug,Charjabug,0,2
Swanna,Minun,Minun,0,1
Wingull,Floragato,Floragato,0,1
Bayleef,Tirtouga,Bayleef,1,1
Gallade,Thwackey,Gallade,1,2
Reuniclus,Snorlax,Snorlax,0,4
Diglett,Wooper,Wooper,0,1
Rapidash,Amoonguss,Rapidash,1,3
Chi-Yu,Treecko,Chi-Yu,1,1
Metang,Klefki,Metang,1,3
Vanillish,Scatterbug,Vanillish,1,1
Sizzlipede,Trapinch,Trapinch,0,1
Gholdengo,Zweilous,Gholdengo,1,2
Mew,Mothim,Mew,1,2
Jumpluff,Nincada,Jumpluff,1,1
Sawsbuck,Froakie,Sawsbuck,1,1
Cherubi,Zubat,Zubat,0,1
Azumarill,Ninetales,Azumarill,1,3
Cufant,Swoobat,Cufant,1,2
Xatu,Galvantula,Galvantula,0,1
Poipole,Paras,Poipole,1,1
Chatot,Bergmite,Bergmite,0,2
Meganium,Pignite,Pignite,0,3
Starmie,Tapu-Lele,Tapu-Lele,0,2
Koffing,Fearow,Fearow,0,2
Orbeetle,Torchic,Orbeetle,1,2
Brute-Bonnet,Snivy,Brute-Bonnet,1,1
Salamence,Weezing,Salamence,1,2
Noivern,Parasect,Noivern,1,1
Cinccino,Toedscool,Cinccino,1,1
Skorupi,Cosmog,Skorupi,1,1
Ekans,Cursola,Cursola,0,1
Uxie,Carvanha,Uxie,1,1
Honchkrow,Whiscash,Honchkrow,1,3
Eevee,Crocalor,Crocalor,0,2
Rellor,Revavroom,Revavroom,0,1
Unfezant,Purugly,Purugly,0,2
Palossand,Litten,Palossand,1,1
Serperior,Rookidee,Serperior,1,1
Jolteon,Sinistcha,Jolteon,1,2
Cherubi,Charizard,Charizard,0,1
Weedle,Fearow,Fearow,0,1
Chimchar,Mienshao,Mienshao,0,1
Klinklang,Regirock,Klinklang,1,3
Growlithe,Unown,Growlithe,1,2
Tapu-Fini,Popplio,Tapu-Fini,1,2
Chimchar,Indeedee-Male,Indeedee-Male,0,1
Gloom,Drilbur,Gloom,1,1
Servine,Tornadus-Incarnate,Tornadus-Incarnate,0,1
Galvantula,Palkia,Palkia,0,2
Metang,Kyurem,Kyurem,0,3
Vibrava,Scizor,Scizor,0,1
Pumpkaboo-Average,Wingull,Pumpkaboo-Average,1,1
Machoke,Typhlosion,Typhlosion,0,2
Igglybuff,Timburr,Timburr,0,1
Ninetales,Metagross,Ninetales,1,2
Lopunny,Skorupi,Lopunny,1,2
Blacephalon,Camerupt,Camerupt,0,1
Scolipede,Giratina-Altered,Giratina-Altered,0,2
Rellor,Cacturne,Cacturne,0,1
Frigibax,Pachirisu,Pachirisu,0,4
Clefairy,Trumbeak,Trumbeak,0,2
Hawlucha,Bunnelby,Hawlucha,1,1
Klawf,Cranidos,Klawf,1,2
Patrat,Trevenant,Trevenant,0,1
Dusknoir,Burmy,Dusknoir,1,1
Umbreon,Hatenna,Umbreon,1,1
Mabosstiff,Crabominable,Crabominable,0,2
Drampa,Decidueye,Drampa,1,2
Rookidee,Fletchling,Fletchling,0,1
Shellos,Dusclops,Dusclops,0,2
Poliwhirl,Noctowl,Noctowl,0,3
Metagross,Vigoroth,Metagross,1,2
Ponyta,Walrein,Walrein,0,1
Clefable,Durant,Durant,0,2
Gumshoos,Iron-Leaves,Iron-Leaves,0,3
Litleo,Grumpig,Grumpig,0,2
Wailmer,Ferroseed,Wailmer,1,4
Shroomish,Naclstack,Shroomish,1,2
Bruxish,Rowlet,Bruxish,1,1
Venomoth,Flapple,Venomoth,1,1
Dustox,Okidogi,Okidogi,0,2
Chimchar,Hippowdon,Hippowdon,0,1
Latios,Shedinja,Latios,1,1
Reuniclus,Skrelp,Reuniclus,1,1
Wiglett,Genesect,Genesect,0,1
Meditite,Mantyke,Mantyke,0,2
Delphox,Muk,Delphox,1,2
Naganadel,Banette,Naganadel,1,2
Nidoking,Flamigo,Nidoking,1,2
Mantine,Inteleon,Inteleon,0,4
Archaludon,Delcatty,Archaludon,1,2
Corsola,Crocalor,Corsola,1,2
Magnemite,Illumise,Illumise,0,3
Camerupt,Gigalith,Gigalith,0,2
Misdreavus,Genesect,Genesect,0,2
Miltank,Mandibuzz,Mandibuzz,0,5
Nuzleaf,Weepinbell,Weepinbell,0,1
Skiddo,Hippowdon,Hippowdon,0,2
Espurr,Mantine,Mantine,0,2
Dhelmise,Tentacruel,Dhelmise,1,2
Arrokuda,Ting-Lu,Ting-Lu,0,1
Indeedee-Male,Grubbin,Indeedee-Male,1,1
Murkrow,Type-Null,Type-Null,0,1
Chatot,Spectrier,Spectrier,0,1
Cinderace,Chingling,Cinderace,1,2
Blipbug,Weavile,Weavile,0,1
Dragonair,Omanyte,Dragonair,1,2
Finizen,Arcanine,Arcanine,0,2
Barbaracle,Gossifleur,Barbaracle,1,1
Spectrier,Scorbunny,Spectrier,1,2
Volcarona,Corsola,Corsola,0,2
Regirock,Klinklang,Klinklang,0,4
Corphish,Necrozma,Necrozma,0,1
Pawniard,Pichu,Pawniard,1,1
Steenee,Loudred,Loudred,0,2
Horsea,Cresselia,Cresselia,0,1
Illumise,Zebstrika,Zebstrika,0,3
Lanturn,Regice,Lanturn,1,8
Salandit,Durant,Salandit,1,1
Whimsicott,Slugma,Whimsicott,1,2
Galvantula,Swablu,Galvantula,1,1
Necrozma,Chespin,Necrozma,1,1
Rowlet,Drizzile,Drizzile,0,1
Swanna,Flygon,Swanna,1,2
Corsola,Slugma,Corsola,1,1
Alomomola,Ogerpon,Ogerpon,0,3
Servine,Iron-Treads,Iron-Treads,0,2
Vaporeon,Hitmonchan,Vaporeon,1,2
Flareon,Dottler,Flareon,1,1
Clawitzer,Karrablast,Clawitzer,1,1
Aurorus,Staryu,Aurorus,1,1
Ferroseed,Torracat,Torracat,0,1
Klang,Meloetta-Aria,Meloetta-Aria,0,4
Bronzor,Beldum,Beldum,0,7
Shellos,Charjabug,Charjabug,0,2
Meltan,Salamence,Salamence,0,2
Vaporeon,Woobat,Vaporeon,1,1
Tinkatink,Excadrill,Excadrill,0,1
Terrakion,Tinkatuff,Terrakion,1,2
Victini,Regirock,Regirock,0,2
Sharpedo,Bombirdier,Sharpedo,1,2
Gumshoos,Trapinch,Gumshoos,1,1
Passimian,Zacian,Zacian,0,2
Zapdos,Blacephalon,Blacephalon,0,2
Cufant,Hitmonlee,Hitmonlee,0,1
Elekid,Kakuna,Elekid,1,1
Gurdurr,Blacephalon,Blacephalon,0,2
Dragapult,Vikavolt,Vikavolt,0,2
Dachsbun,Scovillain,Scovillain,0,2
Mew,Chandelure,Mew,1,3
Dragalge,Pawmo,Dragalge,1,2
Sunflora,Houndour,Houndour,0,2
Fennekin,Nuzleaf,Fennekin,1,1
Mareanie,Cobalion,Cobalion,0,3
Haunter,Steelix,Steelix,0,1
Furfrou,Yanmega,Furfrou,1,3
Magikarp,Timburr,Timburr,0,1
Regirock,Dhelmise,Dhelmise,0,2
Houndstone,Torchic,Houndstone,1,1
Cofagrigus,Arbok,Cofagrigus,1,3
Mabosstiff,Unfezant,Unfezant,0,3
Mamoswine,Lillipup,Mamoswine,1,1
Braixen,Durant,Braixen,1,1
Meowscarada,Sirfetchd,Sirfetchd,0,1
Passimian,Clawitzer,Clawitzer,0,2
Illumise,Arceus,Arceus,0,2
Sinistea,Wimpod,Sinistea,1,1
Shuckle,Turtwig,Turtwig,0,4
Clawitzer,Miltank,Clawitzer,1,3
Butterfree,Meowstic-Male,Meowstic-Male,0,2
Melmetal,Koffing,Melmetal,1,2
Kakuna,Corvisquire,Corvisquire,0,1
Cherubi,Shiftry,Shiftry,0,1
Cryogonal,Dracovish,Dracovish,0,3
Braixen,Diggersby,Diggersby,0,2
Blastoise,Frillish-Male,Blastoise,1,5
Mothim,Graveler,Mothim,1,1
Passimian,Shellos,Passimian,1,2
Hatterene,Kirlia,Hatterene,1,1
Jolteon,Tinkaton,Jolteon,1,4
Accelgor,Fezandipiti,Fezandipiti,0,2
Zygarde-50,Torracat,Zygarde-50,1,1
Hoopa,Fidough,Hoopa,1,1
Nidoking,Sinistcha,Nidoking,1,2
Snover,Spiritomb,Spiritomb,0,2
Dustox,Hitmonlee,Hitmonlee,0,3
Electivire,Emboar,Emboar,0,2
Taillow,Zoroark,Zoroark,0,1
Cloyster,Zoroark,Zoroark,0,1
Aegislash-Shield,Teddiursa,Aegislash-Shield,1,3
Greedent,Silcoon,Greedent,1,2
Noctowl,Piloswine,Piloswine,0,3
Aerodactyl,Sinistea,Aerodactyl,1,1
Furret,Tyrantrum,Tyrantrum,0,2
Chikorita,Yanmega,Yanmega,0,1
Regirock,Finneon,Regirock,1,2
Corviknight,Serperior,Corviknight,1,2
Rotom,Wooper,Rotom,1,1
Sprigatito,Cranidos,Sprigatito,1,1
Munna,Spearow,Munna,1,1
Barboach,Popplio,Popplio,0,2
Dolliv,Mr-Rime,Mr-Rime,0,1
Iron-Crown,Thundurus-Incarnate,Iron-Crown,1,2
Remoraid,Conkeldurr,Conkeldurr,0,1
Venusaur,Lucario,Lucario,0,2
Snover,Zweilous,Snover,1,2
Turtonator,Stonjourner,Turtonator,1,1
Darmanitan-Standard,Jigglypuff,Darmanitan-Standard,1,1
Stunfisk,Cobalion,Cobalion,0,4
Whimsicott,Lampent,Lampent,0,1
Kecleon,Ninjask,Ninjask,0,2
Spearow,Eevee,Eevee,0,1
Iron-Bundle,Greavard,Iron-Bundle,1,1
Drakloak,Swoobat,Drakloak,1,1
Illumise,Tyrogue,Illumise,1,1
Armaldo,Pecharunt,Pecharunt,0,4
Igglybuff,Keldeo-Ordinary,Keldeo-Ordinary,0,1
Vikavolt,Tadbulb,Vikavolt,1,1
Suicune,Venomoth,Suicune,1,3
Seadra,Delcatty,Seadra,1,2
Tapu-Fini,Omastar,Tapu-Fini,1,3
Crabrawler,Dachsbun,Dachsbun,0,1
Serperior,Swellow,Swellow,0,2
Gastrodon,Baltoy,Gastrodon,1,1
Pelipper,Scraggy,Pelipper,1,2
Darmanitan-Standard,Doublade,Darmanitan-Standard,1,2
Glameow,Galvantula,Galvantula,0,1
Sandile,Zeraora,Zeraora,0,1
Voltorb,Gulpin,Gulpin,0,2
Staravia,Magby,Magby,0,1
Annihilape,Basculin-Red-Striped,Annihilape,1,2
Bounsweet,Lanturn,Lanturn,0,1
Corvisquire,Conkeldurr,Conkeldurr,0,2
Rolycoly,Bellossom,Bellossom,0,1
Accelgor,Pidgeotto,Accelgor,1,2
Crabrawler,Kricketune,Kricketune,0,2
Squirtle,Hatenna,Squirtle,1,2
Miraidon,Lillipup,Miraidon,1,1
Quaxwell,Xatu,Xatu,0,2
Blastoise,Snover,Blastoise,1,3
Malamar,Inteleon,Inteleon,0,2
Drapion,Barboach,Drapion,1,2
Gimmighoul,Loudred,Loudred,0,3
Chimchar,Hoothoot,Chimchar,1,2
Croconaw,Cramorant,Cramorant,0,3
Carvanha,Pinsir,Pinsir,0,1
Tsareena,Giratina-Altered,Giratina-Altered,0,2
Nidorina,Koffing,Nidorina,1,2
Armarouge,Stunky,Armarouge,1,1
Greedent,Scolipede,Greedent,1,3
Empoleon,Rhyhorn,Empoleon,1,1
Cradily,Foongus,Cradily,1,2
Swalot,Dragalge,Swalot,1,4
Meltan,Morpeko-Full-Belly,Morpeko-Full-Belly,0,1
Yanmega,Chikorita,Yanmega,1,1
Luvdisc,Tirtouga,Tirtouga,0,2
Blastoise,Gholdengo,Blastoise,1,4
Hatterene,Turtwig,Hatterene,1,1
Quilava,Lairon,Lairon,0,1
Talonflame,Panpour,Talonflame,1,2
Swablu,Delcatty,Delcatty,0,2
Cofagrigus,Pidgeot,Cofagrigus,1,2
Cranidos,Tepig,Cranidos,1,1
Serperior,Nosepass,Serperior,1,1
Archen,Durant,Durant,0,1
Shinx,Purugly,Purugly,0,1
Ambipom,Luvdisc,Ambipom,1,1
Appletun,Floette,Floette,0,2
Gyarados,Shroomish,Gyarados,1,1
Palkia,Phanpy,Palkia,1,1
Dewott,Pidgeot,Pidgeot,0,3
Clauncher,Palkia,Palkia,0,1
Hoopa,Swoobat,Hoopa,1,1
Emboar,Starly,Emboar,1,1
Stoutland,Luxio,Stoutland,1,2
Riolu,Golbat,Golbat,0,1
Azumarill,Snorunt,Azumarill,1,2
Chewtle,Sandy-Shocks,Sandy-Shocks,0,1
Milotic,Sobble,Milotic,1,2
Scizor,Buizel,Scizor,1,1
Archaludon,Pikachu,Archaludon,1,1
Trumbeak,Coalossal,Coalossal,0,1
Zorua,Snorunt,Zorua,1,2
Weavile,Feebas,Weavile,1,1
Petilil,Weepinbell,Weepinbell,0,1
Lugia,Dugtrio,Lugia,1,1
Snubbull,Morgrem,Morgrem,0,2
Scorbunny,Rhyperior,Rhyperior,0,1
Drizzile,Chimchar,Drizzile,1,1
Steenee,Spoink,Spoink,0,2
Seedot,Aggron,Aggron,0,1
Tapu-Lele,Vileplume,Tapu-Lele,1,2
Lugia,Spheal,Lugia,1,2
Floragato,Chandelure,Chandelure,0,1
Tapu-Koko,Hakamo-O,Tapu-Koko,1,1
Yungoos,Vespiquen,Vespiquen,0,1
Cinderace,Crawdaunt,Crawdaunt,0,2
Tinkatink,Tyrantrum,Tyrantrum,0,2
Floette,Togedemaru,Togedemaru,0,1
Cherrim,Simipour,Simipour,0,2
Phantump,Watchog,Watchog,0,2
Bagon,Scatterbug,Bagon,1,1
Sharpedo,Weedle,Sharpedo,1,1
Mandibuzz,Butterfree,Mandibuzz,1,1
Cetitan,Keldeo-Ordinary,Keldeo-Ordinary,0,3
Ludicolo,Probopass,Ludicolo,1,2
Toucannon,Zamazenta,Zamazenta,0,2
Tornadus-Incarnate,Vanillite,Tornadus-Incarnate,1,1
Tranquill,Murkrow,Murkrow,0,1
Garbodor,Meltan,Garbodor,1,4
Sinistea,Varoom,Varoom,0,2
Carnivine,Wigglytuff,Wigglytuff,0,2
Togepi,Nincada,Togepi,1,1
Litwick,Victini,Victini,0,2
Volcanion,Turtwig,Volcanion,1,1
Tropius,Hatenna,Tropius,1,2
Solgaleo,Mew,Solgaleo,1,3
Flygon,Loudred,Flygon,1,2
Karrablast,Tauros,Tauros,0,1
Sliggoo,Flittle,Sliggoo,1,1
Heliolisk,Axew,Heliolisk,1,1
Frillish-Male,Golurk,Golurk,0,1
Articuno,Croconaw,Articuno,1,3
Fletchinder,Cubchoo,Fletchinder,1,1
Charmander,Snom,Charmander,1,1
Vanillite,Necrozma,Necrozma,0,1
Registeel,Remoraid,Registeel,1,1
Timburr,Bastiodon,Timburr,1,2
Larvitar,Klang,Klang,0,1
Paras,Torchic,Torchic,0,1
Nidoran-M,Sunkern,Nidoran-M,1,1
Samurott,Magnemite,Samurott,1,1
Poliwrath,Spidops,Poliwrath,1,3
Jolteon,Bramblin,Jolteon,1,1
Torterra,Gurdurr,Torterra,1,3
Vanillish,Drifloon,Vanillish,1,2
Toxicroak,Raticate,Toxicroak,1,1
Vibrava,Luxio,Vibrava,1,1
Graveler,Kabutops,Kabutops,0,1
Swablu,Ralts,Swablu,1,1
Grimmsnarl,Dunsparce,Grimmsnarl,1,3
Mismagius,Zapdos,Zapdos,0,2
Cubchoo,Burmy,Cubchoo,1,2
Slugma,Cyclizar,Cyclizar,0,1
Dreepy,Naganadel,Naganadel,0,1
Golduck,Hitmonlee,Golduck,1,2
Loudred,Spinarak,Loudred,1,1
Meowstic-Male,Togetic,Meowstic-Male,1,3
Dewgong,Overqwil,Overqwil,0,3
Aggron,Blissey,Aggron,1,1
Copperajah,Seaking,Copperajah,1,3
Hitmonchan,Porygon,Hitmonchan,1,1
Floette,Victreebel,Victreebel,0,1
Sandshrew,Iron-Boulder,Iron-Boulder,0,1
Murkrow,Zebstrika,Zebstrika,0,1
Porygon-Z,Accelgor,Porygon-Z,1,2
Reuniclus,Sandygast,Reuniclus,1,1
Tarountula,Conkeldurr,Conkeldurr,0,1
Tepig,Gabite,Gabite,0,1
Meganium,Stakataka,Meganium,1,3
Meowth,Prinplup,Prinplup,0,1
Gossifleur,Sprigatito,Sprigatito,0,2
Beldum,Basculegion-Male,Basculegion-Male,0,1
Cyndaquil,Sliggoo,Sliggoo,0,1
Dewpider,Rookidee,Rookidee,0,1
Mothim,Fraxure,Fraxure,0,2
Cetitan,Hydreigon,Hydreigon,0,3
Roserade,Nihilego,Nihilego,0,2
Azurill,Mr-Mime,Mr-Mime,0,1
Nuzleaf,Tympole,Nuzleaf,1,1
Kyogre,Iron-Leaves,Kyogre,1,2
Zoroark,Regirock,Regirock,0,2
Lileep,Wooper,Lileep,1,1
Shellder,Froakie,Froakie,0,2
Klinklang,Prinplup,Klinklang,1,3
Poliwhirl,Krookodile,Krookodile,0,2
Mime-Jr,Blipbug,Mime-Jr,1,1
Shellder,Capsakid,Capsakid,0,1
Lucario,Frillish-Male,Lucario,1,2
Weedle,Stunfisk,Stunfisk,0,1
Wo-Chien,Slowpoke,Wo-Chien,1,1
Pyroar-Male,Azumarill,Azumarill,0,2
Lunatone,Silvally,Lunatone,1,4
Poliwhirl,Mandibuzz,Mandibuzz,0,3
Cubone,Scizor,Scizor,0,2
Manectric,Shroomish,Manectric,1,2
Bulbasaur,Goomy,Bulbasaur,1,2
Yanma,Darumaka,Yanma,1,2
Naganadel,Arbok,Naganadel,1,2
Scream-Tail,Simipour,Scream-Tail,1,3
Komala,Poliwhirl,Komala,1,2
Noibat,Marshtomp,Marshtomp,0,1
Barbaracle,Chandelure,Barbaracle,1,1
Zacian,Fuecoco,Zacian,1,2
Klefki,Gyarados,Gyarados,0,4
Forretress,Tapu-Lele,Forretress,1,2
Swirlix,Staravia,Swirlix,1,2
Aron,Steenee,Steenee,0,2
Barraskewda,Sunflora,Sunflora,0,1
Vileplume,Beautifly,Vileplume,1,1
Dusknoir,Morgrem,Morgrem,0,2
Meloetta-Aria,Armarouge,Armarouge,0,4
Probopass,Flamigo,Flamigo,0,1
Pheromosa,Koffing,Pheromosa,1,1
Tepig,Shuppet,Shuppet,0,2
Blitzle,Ivysaur,Ivysaur,0,1
Natu,Blaziken,Blaziken,0,1
Kakuna,Silvally,Silvally,0,1
Regieleki,Palafin-Zero,Regieleki,1,2
Grafaiai,Dottler,Grafaiai,1,2
Grookey,Basculegion-Male,Basculegion-Male,0,1
Toucannon,Frillish-Male,Toucannon,1,1
Cetoddle,Regieleki,Regieleki,0,2
Morpeko-Full-Belly,Avalugg,Avalugg,0,1
Crabominable,Leafeon,Crabominable,1,2
Regigigas,Ursaring,Regigigas,1,2
Morelull,Sawk,Sawk,0,2
Vanillish,Dusclops,Dusclops,0,2
Houndstone,Steelix,Steelix,0,4
Palafin-Zero,Gurdurr,Gurdurr,0,3
Pidgeotto,Iron-Boulder,Iron-Boulder,0,1
Mandibuzz,Phione,Mandibuzz,1,4
Purrloin,Leavanny,Leavanny,0,1
Floragato,Palafin-Zero,Palafin-Zero,0,3
Xurkitree,Baltoy,Xurkitree,1,1
Overqwil,Morgrem,Overqwil,1,1
Golbat,Carbink,Carbink,0,3
Inteleon,Latias,Latias,0,2
Farfetchd,Rhyhorn,Rhyhorn,0,1
Toxel,Mantyke,Mantyke,0,1
Geodude,Whirlipede,Whirlipede,0,1
Tynamo,Sableye,Sableye,0,1
Magikarp,Magmortar,Magmortar,0,1
Psyduck,Orthworm,Orthworm,0,2
Celebi,Combee,Celebi,1,1
Dedenne,Arboliva,Arboliva,0,2
Rufflet,Krokorok,Rufflet,1,2
Diggersby,Palossand,Palossand,0,2
Mudsdale,Gogoat,Gogoat,0,2
Yanma,Iron-Moth,Iron-Moth,0,1
Politoed,Scizor,Politoed,1,3
Misdreavus,Eiscue-Ice,Eiscue-Ice,0,3
Shelmet,Sharpedo,Sharpedo,0,2
Cofagrigus,Wartortle,Wartortle,0,4
Arbok,Azelf,Azelf,0,1
Kirlia,Heliolisk,Heliolisk,0,1
Staravia,Binacle,Binacle,0,1
Clamperl,Xurkitree,Xurkitree,0,1
Hippopotas,Lurantis,Lurantis,0,1
Pikachu,Tarountula,Pikachu,1,2
Dwebble,Poliwrath,Poliwrath,0,1
Frogadier,Iron-Moth,Iron-Moth,0,2
Sneasler,Dartrix,Sneasler,1,1
Cloyster,Rabsca,Rabsca,0,1
Porygon-Z,Octillery,Porygon-Z,1,3
Abomasnow,Tapu-Fini,Abomasnow,1,2
Chikorita,Ursaring,Ursaring,0,1
Crabominable,Kilowattrel,Crabominable,1,2
Grovyle,Aromatisse,Aromatisse,0,1
Ursaluna,Igglybuff,Ursaluna,1,1
Roserade,Venusaur,Roserade,1,2
Banette,Stakataka,Stakataka,0,2
Darkrai,Alcremie,Alcremie,0,2
Gumshoos,Regirock,Regirock,0,3
Okidogi,Blaziken,Okidogi,1,2
Scrafty,Panpour,Scrafty,1,2
Wynaut,Zoroark,Zoroark,0,1
Vibrava,Charcadet,Vibrava,1,1
Lycanroc-Midday,Tapu-Fini,Tapu-Fini,0,2
Alomomola,Kirlia,Alomomola,1,2
Dartrix,Dodrio,Dodrio,0,1
Vanilluxe,Avalugg,Avalugg,0,2
Banette,Carbink,Banette,1,3
Walrein,Maushold-Family-Of-Four,Walrein,1,2
Buneary,Carvanha,Buneary,1,1
Crocalor,Gothita,Crocalor,1,2
Charizard,Tandemaus,Charizard,1,1
Oinkologne-Male,Nickit,Oinkologne-Male,1,1
Wartortle,Arboliva,Arboliva,0,1
Wailmer,Mesprit,Mesprit,0,2
Charizard,Bergmite,Charizard,1,1
Steelix,Solrock,Steelix,1,2
Sinistcha,Bouffalant,Sinistcha,1,4
Hoothoot,Crabrawler,Crabrawler,0,1
Passimian,Pidgeot,Pidgeot,0,3
Togekiss,Illumise,Togekiss,1,2
Fletchling,Charcadet,Charcadet,0,1
Luxray,Drifloon,Luxray,1,1
Squawkabilly-Green-Plumage,Melmetal,Melmetal,0,2
Mr-Rime,Falinks,Mr-Rime,1,1
Sliggoo,Emboar,Emboar,0,2
Scovillain,Magcargo,Scovillain,1,2
Trumbeak,Klefki,Klefki,0,2
Calyrex,Palkia,Palkia,0,2
Iron-Jugulis,Zigzagoon,Iron-Jugulis,1,1
Dodrio,Ledyba,Dodrio,1,1
Centiskorch,Dialga,Dialga,0,3
Abomasnow,Steelix,Steelix,0,2
Duraludon,Mareep,Duraludon,1,1
Beartic,Froakie,Beartic,1,1
Garganacl,Vespiquen,Garganacl,1,1
Snorlax,Torterra,Snorlax,1,2
Sneasel,Flutter-Mane,Flutter-Mane,0,1
Ting-Lu,Treecko,Ting-Lu,1,1
Hakamo-O,Frillish-Male,Frillish-Male,0,2
Nacli,Glimmet,Glimmet,0,2
Frogadier,Avalugg,Avalugg,0,2
Clefable,Ursaring,Clefable,1,3
Veluza,Sobble,Veluza,1,1
Iron-Boulder,Duskull,Iron-Boulder,1,1
Larvesta,Shinx,Larvesta,1,1
Kangaskhan,Entei,Entei,0,4
Nickit,Skwovet,Skwovet,0,1
Dartrix,Clefairy,Dartrix,1,2
Phanpy,Zebstrika,Zebstrika,0,2
Bruxish,Frogadier,Bruxish,1,2
Regieleki,Bastiodon,Bastiodon,0,3
Sinistcha,Drizzile,Sinistcha,1,1
Chatot,Spiritomb,Spiritomb,0,2
Walrein,Chespin,Walrein,1,1
Greedent,Ogerpon,Greedent,1,3
Skeledirge,Kommo-O,Skeledirge,1,3
Drifblim,Sandaconda,Drifblim,1,2
Staraptor,Growlithe,Staraptor,1,1
Bunnelby,Thievul,Thievul,0,1
Braviary,Lairon,Lairon,0,2
Misdreavus,Emboar,Emboar,0,2
Swalot,Kakuna,Swalot,1,1
Forretress,Minior-Red-Meteor,Forretress,1,2
Linoone,Starmie,Starmie,0,2
Salandit,Clodsire,Clodsire,0,1
Yamper,Orthworm,Orthworm,0,3
Floatzel,Masquerain,Floatzel,1,2
Eternatus,Tapu-Fini,Eternatus,1,2
Mismagius,Dratini,Mismagius,1,1
Iron-Thorns,Bonsly,Iron-Thorns,1,2
Poltchageist,Drapion,Drapion,0,1
Primeape,Lechonk,Primeape,1,1
Zorua,Girafarig,Girafarig,0,1
Gabite,Dartrix,Dartrix,0,1
Gyarados,Ninetales,Gyarados,1,2
Morelull,Fearow,Fearow,0,1
Meganium,Klawf,Meganium,1,1
Applin,Ludicolo,Ludicolo,0,1
Morgrem,Scream-Tail,Scream-Tail,0,2
Toucannon,Metang,Metang,0,4
Tepig,Solosis,Tepig,1,2
Ferroseed,Duraludon,Duraludon,0,2
Hypno,Granbull,Hypno,1,3
Carbink,Rolycoly,Carbink,1,2
Lombre,Duskull,Lombre,1,2
Dialga,Zebstrika,Dialga,1,2
Mantyke,Quaxly,Quaxly,0,2
Krabby,Ledyba,Krabby,1,1
Bastiodon,Whimsicott,Bastiodon,1,2
Sigilyph,Lotad,Sigilyph,1,1
Beheeyem,Clamperl,Beheeyem,1,1
Gyarados,Prinplup,Gyarados,1,2
Phanpy,Sewaddle,Sewaddle,0,2
Landorus-Incarnate,Ekans,Landorus-Incarnate,1,1
Sandshrew,Mr-Mime,Mr-Mime,0,1
Castform,Houndour,Castform,1,1
Pyroar-Male,Simisage,Pyroar-Male,1,1
Smeargle,Venusaur,Venusaur,0,1
Taillow,Dratini,Dratini,0,1
Grotle,Wattrel,Grotle,1,1
Tropius,Hatterene,Hatterene,0,1
Hitmonchan,Pikachu,Hitmonchan,1,1
Larvitar,Nincada,Larvitar,1,1
Cascoon,Darmanitan-Standard,Darmanitan-Standard,0,1
Eldegoss,Shellder,Eldegoss,1,1
Camerupt,Simisear,Camerupt,1,1
Armaldo,Nidoran-M,Armaldo,1,1
Vileplume,Basculin-Red-Striped,Vileplume,1,1
Armaldo,Dragapult,Dragapult,0,3
Chi-Yu,Alomomola,Chi-Yu,1,3
Roserade,Whismur,Roserade,1,1
Tangrowth,Miltank,Tangrowth,1,3
Dragalge,Maushold-Family-Of-Four,Maushold-Family-Of-Four,0,3
Beldum,Mantyke,Mantyke,0,2
Prinplup,Seismitoad,Seismitoad,0,2
Mr-Mime,Torracat,Torracat,0,2
Turtonator,Porygon2,Porygon2,0,3
Castform,Gardevoir,Gardevoir,0,2
Charjabug,Qwilfish,Charjabug,1,2
Dusknoir,Metagross,Metagross,0,2
Electrode,Cubone,Electrode,1,1
Lileep,Phanpy,Lileep,1,2
Joltik,Teddiursa,Teddiursa,0,2
Snorunt,Solosis,Solosis,0,1
Morelull,Carnivine,Carnivine,0,1
Marill,Chespin,Chespin,0,2
Masquerain,Tangrowth,Masquerain,1,2
Happiny,Shelgon,Shelgon,0,1
Poipole,Eldegoss,Poipole,1,2
Venonat,Nidorina,Nidorina,0,3
Haunter,Blitzle,Haunter,1,1
Spiritomb,Noibat,Spiritomb,1,1
Absol,Cherubi,Absol,1,1
Primarina,Tyranitar,Tyranitar,0,2
Phanpy,Cutiefly,Cutiefly,0,2
Capsakid,Ursaring,Ursaring,0,1
Sinistcha,Meditite,Sinistcha,1,1
Pineco,Granbull,Granbull,0,2
Uxie,Ferrothorn,Ferrothorn,0,4
Solgaleo,Heatran,Heatran,0,2
Shroomish,Dracozolt,Dracozolt,0,2
Hatterene,Rapidash,Hatterene,1,2
Toxel,Raging-Bolt,Raging-Bolt,0,1
Carbink,Sharpedo,Sharpedo,0,2
Incineroar,Bunnelby,Incineroar,1,1
Donphan,Florges,Florges,0,2
Silcoon,Porygon,Porygon,0,1
Helioptile,Quilava,Quilava,0,1
Lapras,Latias,Lapras,1,3
Talonflame,Alcremie,Talonflame,1,3
Ninetales,Iron-Jugulis,Iron-Jugulis,0,3
Furfrou,Seel,Furfrou,1,2
Bidoof,Nidoqueen,Nidoqueen,0,2
Electabuzz,Stoutland,Stoutland,0,2
Garganacl,Totodile,Garganacl,1,2
Orthworm,Vaporeon,Vaporeon,0,2
Heliolisk,Scatterbug,Heliolisk,1,1
Piloswine,Espurr,Piloswine,1,2
Heracross,Skrelp,Heracross,1,2
Lunatone,Croagunk,Lunatone,1,1
Poliwhirl,Heatmor,Poliwhirl,1,3
Gliscor,Porygon,Porygon,0,1
Munkidori,Boltund,Munkidori,1,2
Iron-Treads,Marowak,Iron-Treads,1,2
Arrokuda,Wartortle,Wartortle,0,2
Zweilous,Ralts,Zweilous,1,1
Stoutland,Snubbull,Stoutland,1,2
Tympole,Gothorita,Gothorita,0,2
Cradily,Treecko,Cradily,1,1
Talonflame,Espurr,Talonflame,1,2
Sinistea,Ursaring,Ursaring,0,2
Cranidos,Zubat,Cranidos,1,1
Stoutland,Brute-Bonnet,Stoutland,1,4
Heatmor,Shuppet,Heatmor,1,1
Ledian,Starly,Ledian,1,1
Galvantula,Houndour,Galvantula,1,1
Marill,Hoothoot,Hoothoot,0,5
Blastoise,Popplio,Blastoise,1,2
Scolipede,Hydreigon,Scolipede,1,2
Tropius,Hypno,Hypno,0,2
Bulbasaur,Omastar,Omastar,0,1
Decidueye,Ampharos,Decidueye,1,3
Dragalge,Arctibax,Dragalge,1,2
Zubat,Wigglytuff,Wigglytuff,0,1
Durant,Eelektross,Eelektross,0,2
Shelgon,Arboliva,Arboliva,0,1
Bellibolt,Meltan,Bellibolt,1,1
Primarina,Chandelure,Primarina,1,1
Wailmer,Hitmontop,Hitmontop,0,2
Horsea,Volcanion,Volcanion,0,1
Xatu,Tinkaton,Tinkaton,0,2
Charmander,Seel,Seel,0,1
Darkrai,Gimmighoul,Darkrai,1,1
Beedrill,Shieldon,Shieldon,0,2
Jolteon,Zebstrika,Jolteon,1,3
Ivysaur,Dondozo,Ivysaur,1,3
Naganadel,Machop,Naganadel,1,1
Arctibax,Tornadus-Incarnate,Tornadus-Incarnate,0,3
Weezing,Seaking,Seaking,0,3
Simisage,Rayquaza,Rayquaza,0,1
Tynamo,Kartana,Kartana,0,1
Excadrill,Houndstone,Excadrill,1,3
Popplio,Zoroark,Zoroark,0,2
Remoraid,Deerling,Deerling,0,1
Hatterene,Applin,Hatterene,1,1
Blitzle,Dugtrio,Dugtrio,0,1
Tympole,Haunter,Haunter,0,2
Skuntank,Groudon,Groudon,0,1
Skrelp,Cottonee,Skrelp,1,1
Greninja,Duskull,Greninja,1,1
Ninjask,Bonsly,Bonsly,0,1
Nincada,Sobble,Sobble,0,1
Blaziken,Archen,Blaziken,1,1
Spritzee,Meltan,Meltan,0,2
Tynamo,Zorua,Zorua,0,1
Pupitar,Tropius,Tropius,0,1
Togekiss,Dhelmise,Togekiss,1,2
Huntail,Hawlucha,Huntail,1,2
Darumaka,Miltank,Miltank,0,2
Hatterene,Sceptile,Hatterene,1,2
Quaxly,Tinkatuff,Tinkatuff,0,3
Spheal,Growlithe,Spheal,1,1
Excadrill,Nosepass,Excadrill,1,1
Seadra,Kabuto,Seadra,1,1
Gourgeist-Average,Cosmog,Gourgeist-Average,1,1
Masquerain,Impidimp,Masquerain,1,1
Tentacruel,Rhyhorn,Tentacruel,1,1
Palkia,Gastrodon,Palkia,1,3
Noctowl,Sprigatito,Noctowl,1,1
Salamence,Slugma,Salamence,1,1
Armaldo,Iron-Boulder,Iron-Boulder,0,2
Nidorino,Sandile,Nidorino,1,1
Bewear,Gyarados,Gyarados,0,2
Sprigatito,Tyrogue,Sprigatito,1,2
Nidoran-F,Sudowoodo,Sudowoodo,0,2
Corsola,Miltank,Corsola,1,5
Kilowattrel,Magnemite,Kilowattrel,1,2
Impidimp,Flapple,Flapple,0,1
Sinistcha,Sirfetchd,Sinistcha,1,2
Mandibuzz,Bewear,Mandibuzz,1,3
Jigglypuff,Vullaby,Vullaby,0,2
Sylveon,Marowak,Sylveon,1,2
Jynx,Lopunny,Lopunny,0,2
Dipplin,Staravia,Dipplin,1,1
Aggron,Pansage,Aggron,1,1
Jellicent-Male,Decidueye,Decidueye,0,2
Mantyke,Parasect,Parasect,0,2
Toedscool,Baltoy,Toedscool,1,2
Lanturn,Chesnaught,Lanturn,1,3
Bidoof,Fraxure,Fraxure,0,2
Cradily,Chingling,Cradily,1,2
Larvesta,Goomy,Larvesta,1,1
Glalie,Skrelp,Glalie,1,3
Shedinja,Sableye,Sableye,0,1
Tinkaton,Shuppet,Tinkaton,1,1
Wyrdeer,Pichu,Wyrdeer,1,1
Blipbug,Slurpuff,Slurpuff,0,1
Jynx,Flapple,Jynx,1,1
Indeedee-Male,Weepinbell,Indeedee-Male,1,1
Gyarados,Cradily,Cradily,0,2
Heatran,Shroodle,Heatran,1,1
Electivire,Carkol,Electivire,1,3
Skiploom,Chatot,Chatot,0,1
Slugma,Pawniard,Slugma,1,1
Golisopod,Ludicolo,Golisopod,1,1
Carbink,Seviper,Seviper,0,3
Scolipede,Rampardos,Rampardos,0,1
Centiskorch,Pecharunt,Pecharunt,0,3
Tinkatink,Mudkip,Tinkatink,1,3
Armaldo,Banette,Armaldo,1,2
Snover,Dartrix,Dartrix,0,1
Genesect,Squawkabilly-Green-Plumage,Genesect,1,2
Swalot,Simisage,Swalot,1,2
Torkoal,Scorbunny,Torkoal,1,2
Rufflet,Hippopotas,Rufflet,1,3
Oshawott,Shroomish,Oshawott,1,2
Gossifleur,Sandy-Shocks,Sandy-Shocks,0,1
Combusken,Brionne,Brionne,0,1
Metang,Lileep,Metang,1,2
Genesect,Morgrem,Genesect,1,1
Druddigon,Blitzle,Druddigon,1,1
Conkeldurr,Mienshao,Conkeldurr,1,2
Ponyta,Leafeon,Leafeon,0,2
Qwilfish,Machamp,Qwilfish,1,3
Deino,Slowpoke,Deino,1,2
Helioptile,Poltchageist,Helioptile,1,2
Sneasel,Trapinch,Sneasel,1,2
Spoink,Qwilfish,Qwilfish,0,1
Nidoqueen,Pyroar-Male,Pyroar-Male,0,2
Sceptile,Quaxwell,Sceptile,1,1
Chansey,Wormadam-Plant,Wormadam-Plant,0,1
Azelf,Sandy-Shocks,Azelf,1,2
Pelipper,Azumarill,Azumarill,0,3
Xurkitree,Wobbuffet,Xurkitree,1,3
Brute-Bonnet,Kakuna,Brute-Bonnet,1,1
Wurmple,Flamigo,Flamigo,0,1
Torkoal,Cinderace,Cinderace,0,5
Chespin,Centiskorch,Centiskorch,0,1
Charizard,Bunnelby,Charizard,1,1
Ledian,Milcery,Ledian,1,3
Falinks,Silicobra,Falinks,1,2
Spearow,Marowak,Marowak,0,1
Greedent,Pikachu,Greedent,1,1
Alcremie,Darmanitan-Standard,Darmanitan-Standard,0,3
Primarina,Iron-Jugulis,Primarina,1,2
Golbat,Bagon,Golbat,1,1
Alomomola,Porygon-Z,Alomomola,1,5
Mew,Cascoon,Mew,1,1
Thundurus-Incarnate,Great-Tusk,Thundurus-Incarnate,1,2
Cosmoem,Zacian,Zacian,0,3
Floette,Litwick,Floette,1,3
Cresselia,Eldegoss,Cresselia,1,3
Skrelp,Sealeo,Sealeo,0,3
Elekid,Cyndaquil,Elekid,1,2
Gabite,Meditite,Gabite,1,1
Luxio,Togedemaru,Togedemaru,0,2
Krabby,Honedge,Honedge,0,2
Typhlosion,Empoleon,Empoleon,0,2
Rabsca,Croconaw,Rabsca,1,2
Impidimp,Girafarig,Girafarig,0,1
Pidgeotto,Indeedee-Male,Indeedee-Male,0,1
Ledyba,Chatot,Chatot,0,1
Gyarados,Perrserker,Gyarados,1,3
Darumaka,Spheal,Spheal,0,2
Granbull,Tympole,Granbull,1,1
Clamperl,Thwackey,Thwackey,0,1
Empoleon,Lairon,Empoleon,1,1
Cresselia,Hoppip,Cresselia,1,1
Venonat,Growlithe,Growlithe,0,1
Graveler,Milotic,Milotic,0,1
Tynamo,Scream-Tail,Scream-Tail,0,1
Skorupi,Klefki,Klefki,0,2
Glimmora,Medicham,Glimmora,1,3
Burmy,Darkrai,Darkrai,0,1
Pawmot,Raboot,Pawmot,1,2
Fuecoco,Eternatus,Eternatus,0,1
Primeape,Weepinbell,Primeape,1,2
Smoliv,Salamence,Salamence,0,1
Herdier,Toxicroak,Toxicroak,0,1
Dragapult,Patrat,Dragapult,1,1
Scatterbug,Scorbunny,Scorbunny,0,1
Diglett,Sylveon,Sylveon,0,1
Ekans,Exeggcute,Exeggcute,0,1
Aerodactyl,Slurpuff,Aerodactyl,1,3
Cacturne,Pancham,Pancham,0,1
Sunflora,Wurmple,Sunflora,1,1
Whirlipede,Gulpin,Whirlipede,1,4
Groudon,Spidops,Groudon,1,3
Trapinch,Carnivine,Carnivine,0,1
Happiny,Goomy,Goomy,0,1
Haunter,Dusknoir,Dusknoir,0,1
Celebi,Chespin,Celebi,1,1
Naclstack,Regigigas,Regigigas,0,3
Furfrou,Chien-Pao,Chien-Pao,0,2
Pelipper,Politoed,Politoed,0,3
Vaporeon,Wattrel,Vaporeon,1,1
Decidueye,Stufful,Decidueye,1,2
Palkia,Deerling,Palkia,1,1
Cacnea,Prinplup,Prinplup,0,1
Shinx,Pidgeotto,Pidgeotto,0,2
Dugtrio,Pikachu,Dugtrio,1,1
Blacephalon,Registeel,Blacephalon,1,2
Iron-Hands,Snorunt,Iron-Hands,1,1
Spidops,Baltoy,Spidops,1,1
Sewaddle,Karrablast,Karrablast,0,1
Nosepass,Electrike,Electrike,0,2
Ogerpon,Xerneas,Xerneas,0,2
Pansear,Slugma,Pansear,1,2
Sirfetchd,Delcatty,Sirfetchd,1,1
Bronzong,Corsola,Bronzong,1,3
Swirlix,Blipbug,Swirlix,1,1
Poltchageist,Stonjourner,Stonjourner,0,1
Hoothoot,Giratina-Altered,Giratina-Altered,0,2
Aromatisse,Scream-Tail,Scream-Tail,0,6
Slaking,Numel,Slaking,1,1
Comfey,Wyrdeer,Wyrdeer,0,2
Larvesta,Pinsir,Pinsir,0,2
Poliwrath,Scyther,Scyther,0,2
Carvanha,Type-Null,Type-Null,0,1
Nidoran-M,Giratina-Altered,Giratina-Altered,0,1
Pawmi,Beheeyem,Beheeyem,0,1
Clauncher,Croconaw,Croconaw,0,3
Wingull,Victreebel,Victreebel,0,1
Toxtricity-Amped,Gliscor,Gliscor,0,1
Kingambit,Metang,Kingambit,1,2
Ceruledge,Appletun,Ceruledge,1,3
Zangoose,Chinchou,Zangoose,1,1
Swinub,Unfezant,Unfezant,0,1
Panpour,Toxel,Toxel,0,1
Bibarel,Crabominable,Crabominable,0,1
Cosmoem,Kirlia,Cosmoem,1,3
Solosis,Cosmog,Solosis,1,1
Silicobra,Durant,Durant,0,2
Spewpa,Chespin,Chespin,0,2
Lickitung,Duraludon,Duraludon,0,3
Appletun,Cloyster,Appletun,1,1
Thundurus-Incarnate,Cloyster,Thundurus-Incarnate,1,1
Teddiursa,Vivillon,Teddiursa,1,2
Suicune,Wurmple,Suicune,1,1
Koraidon,Dubwool,Koraidon,1,2
Elekid,Ekans,Elekid,1,2
Pidgeot,Chingling,Pidgeot,1,2
Skuntank,Trubbish,Skuntank,1,2
Arboliva,Carvanha,Arboliva,1,1
Lanturn,Eldegoss,Lanturn,1,3
Ledyba,Wingull,Wingull,0,1
Maschiff,Hakamo-O,Hakamo-O,0,1
Druddigon,Fennekin,Druddigon,1,1
Lumineon,Goomy,Lumineon,1,2
Scolipede,Phanpy,Scolipede,1,2
Heatmor,Tinkatuff,Heatmor,1,1
Camerupt,Pawmot,Pawmot,0,2
Duskull,Pansear,Pansear,0,2
Veluza,Nidoran-M,Veluza,1,1
Regieleki,Murkrow,Regieleki,1,1
Clobbopus,Staravia,Staravia,0,1
Litleo,Skitty,Litleo,1,1
Drifblim,Espeon,Drifblim,1,1
Sandy-Shocks,Cinderace,Sandy-Shocks,1,2
Clefairy,Arbok,Arbok,0,1
Skuntank,Gloom,Skuntank,1,2
Chinchou,Stunfisk,Stunfisk,0,1
Tinkatuff,Deoxys-Normal,Tinkatuff,1,2
Helioptile,Garchomp,Garchomp,0,1
Crustle,Luxio,Crustle,1,2
Sudowoodo,Miltank,Sudowoodo,1,4
Xerneas,Crabrawler,Xerneas,1,1
Bellibolt,Jynx,Bellibolt,1,3
Honchkrow,Tandemaus,Honchkrow,1,1
Lurantis,Toedscool,Lurantis,1,1
Cufant,Oddish,Cufant,1,2
Braixen,Hippopotas,Hippopotas,0,1
Toedscruel,Iron-Moth,Iron-Moth,0,1
Tadbulb,Miraidon,Miraidon,0,1
Swalot,Pheromosa,Swalot,1,2
Mamoswine,Kubfu,Mamoswine,1,2
Spiritomb,Gogoat,Gogoat,0,3
Hoothoot,Tentacool,Tentacool,0,2
Blaziken,Seviper,Blaziken,1,2
Aromatisse,Voltorb,Aromatisse,1,1
Dunsparce,Steelix,Steelix,0,4
Jynx,Palafin-Zero,Palafin-Zero,0,2
Donphan,Kingler,Kingler,0,2
Tauros,Darmanitan-Standard,Tauros,1,3
Spinda,Jynx,Jynx,0,2
Chi-Yu,Weepinbell,Chi-Yu,1,1
Zorua,Hippopotas,Hippopotas,0,1
Arctibax,Primeape,Primeape,0,2
Torracat,Tynamo,Torracat,1,1
Stufful,Glameow,Stufful,1,1
Umbreon,Blaziken,Blaziken,0,2
Slurpuff,Drizzile,Slurpuff,1,2
Servine,Nidoran-M,Servine,1,2
Silcoon,Hoothoot,Hoothoot,0,2
Ambipom,Hariyama,Hariyama,0,1
Turtonator,Scovillain,Turtonator,1,2
Qwilfish,Tirtouga,Qwilfish,1,2
Combusken,Poochyena,Combusken,1,1
Nincada,Magnezone,Magnezone,0,1
Meowstic-Male,Scolipede,Scolipede,0,2
Chewtle,Greavard,Greavard,0,2
Shelgon,Togepi,Shelgon,1,2
Shiinotic,Gligar,Shiinotic,1,1
Tinkatink,Plusle,Plusle,0,2
Hatenna,Mareep,Hatenna,1,2
Meowstic-Male,Meditite,Meowstic-Male,1,1
Scolipede,Tapu-Fini,Scolipede,1,2
Jynx,Empoleon,Empoleon,0,1
Zorua,Sneasel,Sneasel,0,1
Lickilicky,Scizor,Scizor,0,4
Ariados,Pincurchin,Ariados,1,2
Corsola,Espurr,Corsola,1,3
Anorith,Scyther,Scyther,0,1
Blaziken,Gulpin,Blaziken,1,2
Wailmer,Impidimp,Wailmer,1,2
Pheromosa,Hitmonlee,Pheromosa,1,1
Solosis,Sinistcha,Sinistcha,0,1
Dewott,Mienfoo,Dewott,1,2
Mudbray,Mew,Mew,0,2
Seismitoad,Delphox,Seismitoad,1,2
Swablu,Dragapult,Dragapult,0,1
Jangmo-O,Litleo,Litleo,0,1
Surskit,Omanyte,Omanyte,0,1
Honedge,Dhelmise,Dhelmise,0,1
Solosis,Happiny,Solosis,1,2
Ivysaur,Gothitelle,Gothitelle,0,1
Oricorio-Baile,Seviper,Oricorio-Baile,1,2
Kricketot,Vileplume,Vileplume,0,1
Psyduck,Lapras,Lapras,0,2
Yanmega,Quilladin,Yanmega,1,1
Venonat,Cacnea,Venonat,1,1
Arcanine,Natu,Arcanine,1,1
Ting-Lu,Staraptor,Ting-Lu,1,3
Hypno,Mime-Jr,Hypno,1,1
Meditite,Iron-Leaves,Iron-Leaves,0,1
Revavroom,Avalugg,Revavroom,1,3
Cascoon,Dunsparce,Dunsparce,0,2
Spritzee,Castform,Castform,0,3
Scovillain,Toxapex,Toxapex,0,2
Suicune,Flareon,Suicune,1,2
Claydol,Palossand,Palossand,0,2
Pyukumuku,Kommo-O,Kommo-O,0,3
Munkidori,Toxicroak,Munkidori,1,1
Pangoro,Cinccino,Pangoro,1,1
Sinistcha,Impidimp,Sinistcha,1,1
Wooloo,Iron-Thorns,Iron-Thorns,0,1
Dolliv,Manaphy,Manaphy,0,2
Vigoroth,Helioptile,Vigoroth,1,1
Corphish,Axew,Axew,0,2
Alomomola,Rapidash,Alomomola,1,3
Electrike,Dudunsparce-Two-Segment,Dudunsparce-Two-Segment,0,1
Infernape,Whismur,Infernape,1,1
Slowbro,Whimsicott,Whimsicott,0,2
Klefki,Sewaddle,Klefki,1,2
Pansear,Empoleon,Empoleon,0,1
Hippopotas,Camerupt,Camerupt,0,1
Crabrawler,Rillaboom,Rillaboom,0,2
Phanpy,Masquerain,Masquerain,0,2
Metagross,Bewear,Metagross,1,2
Deerling,Blastoise,Blastoise,0,2
Zarude,Appletun,Zarude,1,2
Inteleon,Blissey,Inteleon,1,2
Marowak,Revavroom,Marowak,1,1
Farigiraf,Froakie,Farigiraf,1,1
Kadabra,Grapploct,Grapploct,0,1
Raging-Bolt,Ledyba,Raging-Bolt,1,1
Mightyena,Whismur,Mightyena,1,1
Fuecoco,Azurill,Fuecoco,1,2
Rapidash,Gloom,Rapidash,1,2
Greavard,Musharna,Musharna,0,2
Whimsicott,Phanpy,Whimsicott,1,1
Pheromosa,Noibat,Pheromosa,1,1
Dwebble,Vanillish,Vanillish,0,1
Kangaskhan,Lairon,Lairon,0,4
Thundurus-Incarnate,Victini,Victini,0,2
Unown,Lairon,Lairon,0,1
Shroomish,Espurr,Espurr,0,2
Roggenrola,Carracosta,Carracosta,0,1
Sirfetchd,Spiritomb,Spiritomb,0,3
Reshiram,Cranidos,Reshiram,1,1
Corsola,Swellow,Corsola,1,2
Exeggutor,Iron-Crown,Iron-Crown,0,2
Sealeo,Luvdisc,Sealeo,1,3
Octillery,Palkia,Palkia,0,2
Grimer,Skwovet,Grimer,1,2
Magby,Galvantula,Galvantula,0,2
Leavanny,Zorua,Leavanny,1,1
Chewtle,Flittle,Chewtle,1,1
Pupitar,Lopunny,Lopunny,0,3
Dodrio,Exeggcute,Dodrio,1,1
Tyrogue,Crabominable,Crabominable,0,1
Flabebe,Dracovish,Dracovish,0,2
Miraidon,Cherrim,Miraidon,1,2
Mightyena,Carkol,Carkol,0,3
Volcarona,Trapinch,Volcarona,1,1
Skrelp,Chingling,Chingling,0,1
Frillish-Male,Pheromosa,Pheromosa,0,2
Brambleghast,Castform,Castform,0,2
Delcatty,Vigoroth,Vigoroth,0,3
Prinplup,Dondozo,Dondozo,0,3
Fomantis,Florges,Florges,0,1
Vespiquen,Archeops,Archeops,0,1
Mudbray,Anorith,Mudbray,1,1
Noctowl,Seaking,Seaking,0,4
Skuntank,Palossand,Skuntank,1,2
Lickilicky,Xerneas,Xerneas,0,4
Whirlipede,Murkrow,Murkrow,0,1
Drampa,Pyukumuku,Drampa,1,3
Toedscool,Delibird,Delibird,0,1
Chatot,Cherrim,Chatot,1,2
Slither-Wing,Moltres,Moltres,0,1
Riolu,Nosepass,Riolu,1,2
Huntail,Flutter-Mane,Flutter-Mane,0,2
Plusle,Cryogonal,Cryogonal,0,2
Numel,Boldore,Boldore,0,1
Conkeldurr,Stunfisk,Conkeldurr,1,3
Dugtrio,Togedemaru,Dugtrio,1,1
Ting-Lu,Samurott,Samurott,0,3
Eelektrik,Klawf,Klawf,0,2
Morelull,Zekrom,Zekrom,0,1
Sealeo,Torterra,Torterra,0,2
Magmortar,Meowth,Magmortar,1,1
Beldum,Vigoroth,Vigoroth,0,4
Tapu-Fini,Salamence,Tapu-Fini,1,2
Chimecho,Hoothoot,Chimecho,1,2
Golurk,Magmar,Golurk,1,1
Araquanid,Tapu-Fini,Tapu-Fini,0,4
Nidorina,Deoxys-Normal,Deoxys-Normal,0,1
Cloyster,Iron-Hands,Iron-Hands,0,1
Talonflame,Squawkabilly-Green-Plumage,Talonflame,1,2
Combee,Sinistcha,Sinistcha,0,1
Whismur,Azurill,Whismur,1,2
Magnemite,Flaaffy,Flaaffy,0,2
Glimmet,Avalugg,Avalugg,0,2
Kricketune,Deoxys-Normal,Deoxys-Normal,0,1
Swablu,Infernape,Infernape,0,2
Koffing,Impidimp,Koffing,1,1
Grafaiai,Masquerain,Grafaiai,1,2
Dusclops,Swablu,Dusclops,1,2
Sentret,Dolliv,Dolliv,0,1
Azumarill,Serperior,Serperior,0,3
Phanpy,Piloswine,Piloswine,0,2
Panpour,Dwebble,Panpour,1,1
Starly,Crabominable,Crabominable,0,1
Overqwil,Bibarel,Overqwil,1,2
Sunkern,Shuppet,Shuppet,0,1
Metapod,Litwick,Litwick,0,1
Rufflet,Kingdra,Kingdra,0,2
Tadbulb,Budew,Budew,0,2
Wiglett,Pikipek,Wiglett,1,1
Shinx,Lileep,Lileep,0,2
Dreepy,Bastiodon,Bastiodon,0,1
Zeraora,Salandit,Zeraora,1,1
Aerodactyl,Wugtrio,Aerodactyl,1,1
Ursaluna,Gallade,Ursaluna,1,2
Beautifly,Skorupi,Beautifly,1,2
Seadra,Kleavor,Kleavor,0,2
Wartortle,Bombirdier,Bombirdier,0,2
Zorua,Jynx,Jynx,0,1
Spidops,Solosis,Spidops,1,1
Clauncher,Zebstrika,Zebstrika,0,1
Tinkaton,Relicanth,Tinkaton,1,4
Xerneas,Gastrodon,Xerneas,1,3
Sandygast,Kecleon,Kecleon,0,2
Bellossom,Lapras,Lapras,0,2
Claydol,Gholdengo,Gholdengo,0,2
Seviper,Shiinotic,Seviper,1,1
Noctowl,Bergmite,Noctowl,1,3
Grapploct,Wartortle,Grapploct,1,2
Primeape,Tapu-Koko,Tapu-Koko,0,2
Girafarig,Nidoking,Girafarig,1,2
Boltund,Trumbeak,Boltund,1,1
Hattrem,Virizion,Virizion,0,2
Pyukumuku,Corviknight,Corviknight,0,4
Finizen,Scovillain,Scovillain,0,1
Serperior,Roserade,Roserade,0,2
Xatu,Solgaleo,Solgaleo,0,2
Aerodactyl,Gumshoos,Aerodactyl,1,2
Dreepy,Tinkatuff,Tinkatuff,0,1
Annihilape,Glaceon,Annihilape,1,2
Floatzel,Zapdos,Zapdos,0,1
Dubwool,Spewpa,Dubwool,1,2
Latias,Mudbray,Latias,1,2
Torterra,Simipour,Simipour,0,2
Octillery,Noctowl,Octillery,1,3
Fidough,Absol,Absol,0,2
Spinarak,Duskull,Duskull,0,2
Magnezone,Nidoran-F,Magnezone,1,1
Swellow,Woobat,Swellow,1,2
Aurorus,Roselia,Aurorus,1,1
Grumpig,Dragonite,Grumpig,1,2
Palpitoad,Magnemite,Palpitoad,1,1
Cosmog,Cherubi,Cherubi,0,1
Froslass,Braviary,Froslass,1,2
Cherubi,Hydreigon,Hydreigon,0,1
Wooper,Zangoose,Zangoose,0,1
Tapu-Bulu,Heliolisk,Heliolisk,0,2
Vikavolt,Crabrawler,Vikavolt,1,1
Drizzile,Diancie,Drizzile,1,2
Impidimp,Eelektrik,Eelektrik,0,2
Arceus,Banette,Arceus,1,3
Duosion,Shieldon,Duosion,1,2
Overqwil,Altaria,Overqwil,1,2
Rhydon,Iron-Thorns,Rhydon,1,1
Mabosstiff,Flamigo,Flamigo,0,2
Tyrunt,Iron-Treads,Iron-Treads,0,1
Dondozo,Gurdurr,Dondozo,1,3
Salazzle,Diancie,Diancie,0,1
Manectric,Aggron,Manectric,1,2
Pidgeotto,Altaria,Altaria,0,2
Mew,Kingdra,Mew,1,3
Crabominable,Perrserker,Perrserker,0,2
Skiddo,Bunnelby,Skiddo,1,1
Beartic,Gothorita,Beartic,1,2
Dracozolt,Pachirisu,Dracozolt,1,3
Makuhita,Mienshao,Mienshao,0,1
Gible,Skrelp,Gible,1,1
Obstagoon,Nincada,Obstagoon,1,1
Chi-Yu,Koffing,Chi-Yu,1,1
Urshifu-Single-Strike,Naclstack,Urshifu-Single-Strike,1,1
Electabuzz,Venomoth,Electabuzz,1,3
Dragapult,Wingull,Dragapult,1,1
Bulbasaur,Golduck,Golduck,0,1
Beautifly,Golett,Beautifly,1,1
Abomasnow,Weezing,Abomasnow,1,2
Shedinja,Mothim,Mothim,0,1
Banette,Deerling,Banette,1,2
Tyrogue,Tarountula,Tarountula,0,2
Dewgong,Gothita,Dewgong,1,2
Reuniclus,Beautifly,Reuniclus,1,1
Registeel,Goldeen,Registeel,1,3
Orbeetle,Yveltal,Yveltal,0,1
Glaceon,Dusclops,Glaceon,1,2
Cetoddle,Tinkaton,Tinkaton,0,2
Aggron,Lechonk,Aggron,1,1
Maschiff,Meowth,Maschiff,1,2
Klawf,Rowlet,Klawf,1,1
Exploud,Hydrapple,Exploud,1,2
Whiscash,Karrablast,Whiscash,1,2
Butterfree,Panpour,Butterfree,1,3
Zeraora,Woobat,Zeraora,1,1
Zarude,Serperior,Zarude,1,3
Heatran,Togepi,Heatran,1,1
Illumise,Cosmoem,Illumise,1,3
Emolga,Onix,Emolga,1,1
Skiddo,Ariados,Ariados,0,1
Greavard,Klang,Klang,0,2
Ledian,Zweilous,Zweilous,0,2
Skiddo,Yamper,Skiddo,1,2
Zacian,Sawk,Zacian,1,2
Kirlia,Gulpin,Gulpin,0,1
Torterra,Shedinja,Torterra,1,1
Barboach,Thundurus-Incarnate,Thundurus-Incarnate,0,1
Murkrow,Archen,Murkrow,1,1
Scraggy,Lickitung,Scraggy,1,2
Zapdos,Electrike,Zapdos,1,1
Piloswine,Urshifu-Single-Strike,Urshifu-Single-Strike,0,2
Marshadow,Gothitelle,Marshadow,1,2
Naclstack,Raticate,Naclstack,1,3
Flygon,Dunsparce,Dunsparce,0,2
Sneasler,Purugly,Sneasler,1,1
Alomomola,Crustle,Alomomola,1,3
Butterfree,Nidoran-F,Butterfree,1,2
Rookidee,Bonsly,Bonsly,0,1
Xurkitree,Slowking,Xurkitree,1,2
Groudon,Finizen,Groudon,1,1
Qwilfish,Iron-Valiant,Qwilfish,1,2
Fletchinder,Mr-Rime,Mr-Rime,0,2
Corviknight,Ralts,Corviknight,1,1
Arctozolt,Scream-Tail,Scream-Tail,0,5
Palossand,Voltorb,Palossand,1,1
Tranquill,Tympole,Tranquill,1,1
Trevenant,Morgrem,Morgrem,0,2
Sandy-Shocks,Muk,Sandy-Shocks,1,2
Eiscue-Ice,Grimmsnarl,Grimmsnarl,0,3
Chimchar,Chingling,Chimchar,1,2
Great-Tusk,Kingambit,Great-Tusk,1,1
Munkidori,Blitzle,Munkidori,1,1
Dusclops,Kyogre,Kyogre,0,2
Quagsire,Gardevoir,Gardevoir,0,2
Beartic,Silvally,Beartic,1,2
Golurk,Tangrowth,Tangrowth,0,2
Cottonee,Caterpie,Cottonee,1,1
Nosepass,Staravia,Nosepass,1,2
Dracozolt,Accelgor,Accelgor,0,2
Great-Tusk,Magnezone,Great-Tusk,1,1
Eevee,Drampa,Drampa,0,2
Zorua,Breloom,Breloom,0,1
Feebas,Gossifleur,Gossifleur,0,1
Poliwag,Crobat,Crobat,0,1
Appletun,Purrloin,Appletun,1,1
Scraggy,Furfrou,Furfrou,0,2
Lombre,Sylveon,Sylveon,0,2
Trubbish,Koraidon,Koraidon,0,2
Kubfu,Cleffa,Kubfu,1,1
Tadbulb,Blitzle,Tadbulb,1,2
Ducklett,Indeedee-Male,Indeedee-Male,0,2
Dragapult,Bergmite,Dragapult,1,1
Leafeon,Blastoise,Blastoise,0,2
Sirfetchd,Mareep,Sirfetchd,1,1
Ledian,Cottonee,Ledian,1,2
Castform,Mankey,Castform,1,1
Maschiff,Munchlax,Munchlax,0,2
Tapu-Koko,Dartrix,Tapu-Koko,1,1
Floette,Roselia,Roselia,0,1
Druddigon,Escavalier,Escavalier,0,3
Pikipek,Pawniard,Pawniard,0,1
Axew,Magikarp,Axew,1,1
Togedemaru,Ninetales,Ninetales,0,2
Clawitzer,Pikachu,Clawitzer,1,1
Krokorok,Mr-Mime,Mr-Mime,0,1
Boldore,Wailord,Wailord,0,1
Luxray,Trapinch,Luxray,1,1
Tirtouga,Toedscruel,Toedscruel,0,1
Whimsicott,Beedrill,Beedrill,0,1
Hypno,Sableye,Sableye,0,2
Mienfoo,Meltan,Mienfoo,1,1
Simisage,Taillow,Simisage,1,1
Iron-Treads,Woobat,Iron-Treads,1,2
Snover,Pecharunt,Pecharunt,0,1
Electrode,Corvisquire,Electrode,1,1
Crabrawler,Mantyke,Crabrawler,1,2
Koffing,Pidgey,Koffing,1,1
Regieleki,Finizen,Regieleki,1,1
Barraskewda,Miraidon,Miraidon,0,1
Krokorok,Dwebble,Dwebble,0,1
Ninetales,Armaldo,Armaldo,0,1
Gouging-Fire,Kingambit,Gouging-Fire,1,3
Darumaka,Tropius,Tropius,0,2
Boltund,Aurorus,Aurorus,0,2
Hitmonchan,Noctowl,Hitmonchan,1,2
Terapagos,Combusken,Combusken,0,2
Pawmo,Wattrel,Pawmo,1,1
Voltorb,Weepinbell,Weepinbell,0,1
Nymble,Drifblim,Drifblim,0,1
Surskit,Morgrem,Morgrem,0,2
Shroomish,Passimian,Passimian,0,2
Jynx,Rookidee,Jynx,1,1
Kleavor,Tadbulb,Kleavor,1,1
Rabsca,Karrablast,Rabsca,1,1
Shellder,Xerneas,Xerneas,0,1
Sandy-Shocks,Palkia,Palkia,0,1
Chimecho,Ursaring,Ursaring,0,2
Scorbunny,Meltan,Scorbunny,1,1
Herdier,Chansey,Herdier,1,1
Klawf,Qwilfish,Qwilfish,0,2
Bulbasaur,Kricketot,Bulbasaur,1,2
Snubbull,Toxtricity-Amped,Toxtricity-Amped,0,1
Watchog,Scream-Tail,Scream-Tail,0,3
Gigalith,Fomantis,Gigalith,1,1
Stufful,Lucario,Lucario,0,1
Quaquaval,Scovillain,Quaquaval,1,2
Vileplume,Eternatus,Eternatus,0,2
Liepard,Luxio,Liepard,1,2
Igglybuff,Kangaskhan,Kangaskhan,0,1
Iron-Thorns,Eternatus,Eternatus,0,3
Arctibax,Arrokuda,Arctibax,1,2
Porygon,Snover,Porygon,1,2
Natu,Yungoos,Natu,1,1
Dubwool,Wooper,Dubwool,1,2
Karrablast,Amaura,Amaura,0,1
Bayleef,Staravia,Staravia,0,2
Gligar,Suicune,Suicune,0,1
Loudred,Sewaddle,Loudred,1,2
Lampent,Vaporeon,Vaporeon,0,1
Granbull,Mime-Jr,Granbull,1,1
Necrozma,Flutter-Mane,Flutter-Mane,0,3
Skrelp,Swampert,Swampert,0,1
Centiskorch,Servine,Centiskorch,1,1
Meowscarada,Monferno,Meowscarada,1,2
Swirlix,Slaking,Slaking,0,2
Naclstack,Pawmo,Pawmo,0,2
Arctibax,Whirlipede,Arctibax,1,3
Claydol,Roaring-Moon,Roaring-Moon,0,3
Krabby,Abomasnow,Abomasnow,0,1
Pichu,Ledian,Ledian,0,1
Tinkaton,Tranquill,Tinkaton,1,2
Hakamo-O,Metagross,Metagross,0,1
Combee,Wo-Chien,Wo-Chien,0,1
Bellossom,Lumineon,Bellossom,1,2
Simisear,Abomasnow,Simisear,1,1
Seismitoad,Primarina,Seismitoad,1,3
Cetitan,Slowking,Cetitan,1,4
Dedenne,Sliggoo,Dedenne,1,2
Mudbray,Beautifly,Beautifly,0,2
Pansear,Hypno,Hypno,0,2
Toxtricity-Amped,Wartortle,Toxtricity-Amped,1,1
Heatran,Clobbopus,Heatran,1,1
Noivern,Palafin-Zero,Palafin-Zero,0,2
Rabsca,Seismitoad,Rabsca,1,3
Ledian,Clefairy,Clefairy,0,3
Venusaur,Nuzleaf,Venusaur,1,1
Kricketune,Registeel,Registeel,0,2
Silcoon,Pecharunt,Pecharunt,0,1
Pansage,Patrat,Pansage,1,2
Grimmsnarl,Annihilape,Annihilape,0,3
Metapod,Wigglytuff,Wigglytuff,0,1
Grubbin,Exploud,Exploud,0,1
Heliolisk,Chansey,Heliolisk,1,1
Bronzor,Wormadam-Plant,Wormadam-Plant,0,4
Yanma,Minun,Minun,0,1
Falinks,Tinkatuff,Tinkatuff,0,2
Iron-Leaves,Igglybuff,Iron-Leaves,1,1
Beartic,Arboliva,Beartic,1,2
Meowth,Iron-Crown,Iron-Crown,0,1
Silcoon,Annihilape,Annihilape,0,1
Weavile,Tapu-Fini,Tapu-Fini,0,2
Volbeat,Sudowoodo,Sudowoodo,0,2
Scovillain,Swadloon,Scovillain,1,1
Poochyena,Alomomola,Alomomola,0,2
Mesprit,Darkrai,Darkrai,0,2
Pidgeot,Numel,Pidgeot,1,2
Jellicent-Male,Ducklett,Jellicent-Male,1,2
Machamp,Omastar,Machamp,1,2
Togepi,Clefairy,Clefairy,0,2
Miraidon,Wimpod,Miraidon,1,1
Onix,Quilava,Quilava,0,1
Magnezone,Bellsprout,Magnezone,1,1
Arcanine,Zarude,Arcanine,1,2
Oshawott,Gulpin,Oshawott,1,3
Solrock,Plusle,Solrock,1,1
Dreepy,Elgyem,Dreepy,1,1
Giratina-Altered,Glameow,Giratina-Altered,1,1
Xatu,Glimmora,Xatu,1,2
Hypno,Jangmo-O,Hypno,1,1
Weezing,Kartana,Kartana,0,2
Honchkrow,Poipole,Honchkrow,1,2
Tinkatink,Avalugg,Avalugg,0,2
Stonjourner,Bagon,Stonjourner,1,1
Heliolisk,Fletchinder,Heliolisk,1,1
Sawsbuck,Thievul,Sawsbuck,1,2
Chansey,Medicham,Medicham,0,1
Blipbug,Piloswine,Piloswine,0,1
Zorua,Tympole,Tympole,0,2
Raging-Bolt,Dwebble,Raging-Bolt,1,1
Toucannon,Gliscor,Toucannon,1,2
Flareon,Magcargo,Magcargo,0,2
Frosmoth,Liepard,Frosmoth,1,2
Walrein,Larvesta,Walrein,1,1
Nincada,Lunatone,Lunatone,0,1
Oddish,Lanturn,Lanturn,0,2
Tauros,Volcanion,Volcanion,0,2
Exeggutor,Glameow,Exeggutor,1,1
Hakamo-O,Whismur,Hakamo-O,1,1
Meloetta-Aria,Pidgey,Meloetta-Aria,1,1
Scream-Tail,Brionne,Scream-Tail,1,3
Pelipper,Mime-Jr,Pelipper,1,1
Tirtouga,Sandshrew,Tirtouga,1,1
Klefki,Bombirdier,Klefki,1,2
Nuzleaf,Swoobat,Swoobat,0,2
Sandile,Durant,Durant,0,1
Dachsbun,Lycanroc-Midday,Lycanroc-Midday,0,3
Cutiefly,Aipom,Aipom,0,1
Vanillish,Shiftry,Shiftry,0,2
Dreepy,Drampa,Drampa,0,1
Drednaw,Pecharunt,Pecharunt,0,4
Venusaur,Unfezant,Unfezant,0,2
Iron-Treads,Magnezone,Iron-Treads,1,1
Chewtle,Monferno,Monferno,0,2
Electivire,Abomasnow,Abomasnow,0,3
Sirfetchd,Gulpin,Sirfetchd,1,2
Armaldo,Altaria,Armaldo,1,2
Prinplup,Flaaffy,Prinplup,1,2
Flygon,Marill,Flygon,1,2
Spiritomb,Blaziken,Blaziken,0,2
Kadabra,Scyther,Scyther,0,1
Delibird,Kirlia,Delibird,1,1
Pawniard,Swadloon,Swadloon,0,2
Dratini,Shiftry,Shiftry,0,1
Gothita,Spinarak,Gothita,1,1
Indeedee-Male,Braviary,Braviary,0,2
Squawkabilly-Green-Plumage,Brambleghast,Squawkabilly-Green-Plumage,1,1
Purugly,Ledian,Purugly,1,2
Arboliva,Infernape,Infernape,0,2
Yungoos,Ivysaur,Ivysaur,0,1
Kirlia,Venipede,Venipede,0,1
Phione,Charmeleon,Phione,1,1
Treecko,Honchkrow,Honchkrow,0,1
Smeargle,Horsea,Horsea,0,2
Cinccino,Wiglett,Cinccino,1,1
Wailord,Servine,Wailord,1,2
Nacli,Pidgey,Nacli,1,1
Azurill,Donphan,Donphan,0,1
Rayquaza,Gothitelle,Rayquaza,1,2
Amoonguss,Stonjourner,Amoonguss,1,1
Zekrom,Garchomp,Garchomp,0,2
Froakie,Gardevoir,Gardevoir,0,1
Tapu-Lele,Squawkabilly-Green-Plumage,Tapu-Lele,1,1
Pyroar-Male,Dugtrio,Pyroar-Male,1,1
Pansage,Bergmite,Pansage,1,2
Cresselia,Relicanth,Cresselia,1,4
Blacephalon,Malamar,Blacephalon,1,2
Ogerpon,Tyrunt,Ogerpon,1,2
Venonat,Nidoran-F,Venonat,1,4
Decidueye,Seaking,Decidueye,1,2
Pidove,Pheromosa,Pheromosa,0,1
Trapinch,Nincada,Trapinch,1,1
Cradily,Koraidon,Koraidon,0,2
Iron-Moth,Gliscor,Iron-Moth,1,1
Corphish,Bellossom,Bellossom,0,1
Meditite,Regidrago,Regidrago,0,1
Sobble,Lillipup,Sobble,1,2
Genesect,Swanna,Genesect,1,3
Porygon-Z,Whiscash,Whiscash,0,3
Mimikyu-Disguised,Karrablast,Mimikyu-Disguised,1,2
Charmeleon,Mudbray,Mudbray,0,1
Gothita,Farfetchd,Farfetchd,0,1
Clamperl,Scream-Tail,Scream-Tail,0,2
Grimer,Ninjask,Ninjask,0,2
Breloom,Marshadow,Marshadow,0,2
Huntail,Ting-Lu,Huntail,1,3
Marill,Ledyba,Marill,1,4
Wynaut,Virizion,Virizion,0,3
Spritzee,Carkol,Carkol,0,3
Rowlet,Karrablast,Rowlet,1,1
Silvally,Flareon,Silvally,1,2
Kricketot,Ting-Lu,Ting-Lu,0,1
Girafarig,Lugia,Lugia,0,2
Wishiwashi-Solo,Exeggcute,Exeggcute,0,1
Karrablast,Sableye,Karrablast,1,2
Rellor,Huntail,Huntail,0,2
Armaldo,Suicune,Suicune,0,2
Machoke,Morgrem,Morgrem,0,2
Eelektross,Staraptor,Eelektross,1,2
Zekrom,Malamar,Zekrom,1,3
Tauros,Smoliv,Tauros,1,1
Rapidash,Sawk,Sawk,0,2
Shelmet,Horsea,Horsea,0,2
Riolu,Groudon,Groudon,0,1
Tapu-Koko,Kricketot,Tapu-Koko,1,1
Silcoon,Sawsbuck,Sawsbuck,0,2
Cofagrigus,Chesnaught,Cofagrigus,1,3
Ursaluna,Fletchinder,Ursaluna,1,2
Durant,Garchomp,Garchomp,0,2
Scorbunny,Dachsbun,Dachsbun,0,2
Cinderace,Lurantis,Cinderace,1,2
Okidogi,Naclstack,Okidogi,1,1
Bramblin,Zweilous,Zweilous,0,1
Annihilape,Unown,Annihilape,1,1
Kyogre,Herdier,Kyogre,1,2
Bruxish,Jynx,Bruxish,1,2
Charizard,Shelgon,Charizard,1,1
Falinks,Carnivine,Carnivine,0,2
Cottonee,Spritzee,Spritzee,0,1
Sunkern,Greavard,Greavard,0,1
Nosepass,Emboar,Emboar,0,1
Drapion,Volcanion,Volcanion,0,2
Xerneas,Jynx,Xerneas,1,2
Sinistea,Spectrier,Spectrier,0,1
Gogoat,Watchog,Gogoat,1,2
Rattata,Zekrom,Zekrom,0,1
Zamazenta,Palkia,Zamazenta,1,3
Krabby,Cobalion,Cobalion,0,2
Raticate,Dusclops,Dusclops,0,3
Houndour,Ferrothorn,Houndour,1,1
Budew,Crobat,Crobat,0,1
Arceus,Minccino,Arceus,1,1
Delphox,Pawmi,Delphox,1,1
Passimian,Rockruff,Passimian,1,1
Doduo,Seadra,Seadra,0,1
Dedenne,Greavard,Dedenne,1,2
Terapagos,Swablu,Terapagos,1,2
Ribombee,Electivire,Electivire,0,2
Barraskewda,Klefki,Klefki,0,2
Kyurem,Lunatone,Kyurem,1,3
Chewtle,Toedscool,Toedscool,0,1
Leafeon,Cherrim,Cherrim,0,2
Machop,Xatu,Xatu,0,1
Doduo,Cutiefly,Cutiefly,0,1
Munkidori,Surskit,Munkidori,1,1
Alakazam,Pidove,Alakazam,1,1
Clamperl,Marill,Marill,0,4
Quaquaval,Pyroar-Male,Quaquaval,1,1
Pawmot,Pidgeotto,Pawmot,1,1
Gourgeist-Average,Cranidos,Gourgeist-Average,1,1
Manectric,Sandygast,Manectric,1,1
Iron-Hands,Mew,Mew,0,3
Rillaboom,Baltoy,Rillaboom,1,1
Simipour,Spidops,Simipour,1,3
Nidoqueen,Cubone,Nidoqueen,1,1
Gumshoos,Gimmighoul,Gumshoos,1,4
Cryogonal,Nosepass,Cryogonal,1,2
Graveler,Okidogi,Okidogi,0,1
Braviary,Basculin-Red-Striped,Braviary,1,2
Glimmora,Foongus,Glimmora,1,1
Azumarill,Magnezone,Magnezone,0,2
Buneary,Azumarill,Azumarill,0,2
Doduo,Latios,Latios,0,1
Seaking,Linoone,Linoone,0,3
Clefairy,Luvdisc,Clefairy,1,2
Cacturne,Lycanroc-Midday,Cacturne,1,1
Mudbray,Anorith,Mudbray,1,1
Girafarig,Wooper,Girafarig,1,1
Sandaconda,Corsola,Sandaconda,1,2
Aron,Trumbeak,Aron,1,1
Runerigus,Lilligant,Lilligant,0,2
Ninjask,Staryu,Ninjask,1,1
Pinsir,Luxio,Pinsir,1,1
Dreepy,Lillipup,Lillipup,0,1
Hoppip,Simipour,Simipour,0,1
Grotle,Lickitung,Lickitung,0,3
Okidogi,Simisage,Okidogi,1,1
Tarountula,Spheal,Spheal,0,1
Combusken,Dottler,Combusken,1,1
Rampardos,Tauros,Rampardos,1,2
Meditite,Vanillish,Vanillish,0,1
Gallade,Sawsbuck,Gallade,1,1
Crabominable,Electivire,Crabominable,1,2
Drifloon,Mamoswine,Mamoswine,0,2
Abomasnow,Finizen,Abomasnow,1,1
Dragonite,Teddiursa,Dragonite,1,1
Clefairy,Dipplin,Dipplin,0,2
Beldum,Raichu,Raichu,0,2
Teddiursa,Blitzle,Teddiursa,1,1
Haxorus,Dewott,Haxorus,1,2
Flutter-Mane,Kricketune,Flutter-Mane,1,2
Victreebel,Wingull,Victreebel,1,1
Vileplume,Seviper,Seviper,0,2
Whimsicott,Goldeen,Whimsicott,1,1
Hippopotas,Venomoth,Venomoth,0,1
Rhyperior,Shinx,Rhyperior,1,1
Wyrdeer,Xatu,Wyrdeer,1,2
Igglybuff,Liepard,Liepard,0,1
Hawlucha,Whiscash,Whiscash,0,2
Whismur,Baltoy,Baltoy,0,2
Shroodle,Pidgeotto,Pidgeotto,0,1
Eevee,Grumpig,Grumpig,0,2
Palkia,Loudred,Palkia,1,1
Toxtricity-Amped,Scovillain,Toxtricity-Amped,1,1
Lunala,Ursaring,Lunala,1,3
Yungoos,Wurmple,Yungoos,1,1
Psyduck,Naganadel,Naganadel,0,1
Fletchinder,Vanillish,Fletchinder,1,2
Timburr,Camerupt,Camerupt,0,1
Combusken,Slurpuff,Slurpuff,0,2
Scrafty,Gothorita,Scrafty,1,3
Genesect,Walking-Wake,Walking-Wake,0,3
Watchog,Ho-Oh,Ho-Oh,0,2
Typhlosion,Gabite,Typhlosion,1,1
Mabosstiff,Pineco,Mabosstiff,1,2
Machop,Surskit,Machop,1,1
Graveler,Scolipede,Scolipede,0,2
Hoothoot,Probopass,Probopass,0,1
Meditite,Gothitelle,Gothitelle,0,1
Nymble,Blitzle,Blitzle,0,1
Chespin,Musharna,Musharna,0,1
Marshtomp,Gyarados,Gyarados,0,2
Leavanny,Gorebyss,Leavanny,1,2
Leavanny,Greavard,Leavanny,1,2
Tarountula,Zarude,Zarude,0,1
Glastrier,Stonjourner,Stonjourner,0,2
Volcarona,Azumarill,Azumarill,0,3
Masquerain,Suicune,Suicune,0,2
Jynx,Meditite,Jynx,1,1
Butterfree,Wugtrio,Wugtrio,0,2
Keldeo-Ordinary,Victreebel,Keldeo-Ordinary,1,2
Abomasnow,Treecko,Abomasnow,1,1
Reuniclus,Deoxys-Normal,Reuniclus,1,2
Clefairy,Poipole,Poipole,0,1
Naclstack,Mudkip,Mudkip,0,2
Tentacruel,Jigglypuff,Tentacruel,1,1
Quaxly,Pidgey,Quaxly,1,1
Lunatone,Musharna,Musharna,0,4
Pincurchin,Drednaw,Drednaw,0,2
Ceruledge,Krabby,Ceruledge,1,1
Volcanion,Victini,Volcanion,1,2
Indeedee-Male,Leavanny,Leavanny,0,1
Boltund,Combusken,Boltund,1,2
Furret,Blipbug,Furret,1,1
Charjabug,Kangaskhan,Kangaskhan,0,3
Charcadet,Weavile,Weavile,0,1
Charmander,Bastiodon,Bastiodon,0,1
Florges,Nuzleaf,Florges,1,1
Dragapult,Staravia,Dragapult,1,1
Thievul,Tepig,Thievul,1,2
Quilladin,Cubone,Quilladin,1,1
Ekans,Inteleon,Inteleon,0,1
Houndstone,Rampardos,Rampardos,0,2
Minccino,Shuppet,Shuppet,0,2
Grumpig,Crabrawler,Grumpig,1,1
Basculegion-Male,Sunflora,Basculegion-Male,1,2
Hippopotas,Runerigus,Runerigus,0,2
Uxie,Braviary,Uxie,1,3
Absol,Gouging-Fire,Gouging-Fire,0,2
Mothim,Diglett,Mothim,1,1
Lanturn,Rhyperior,Lanturn,1,1
Gothitelle,Koffing,Gothitelle,1,1
Meltan,Archaludon,Archaludon,0,2
Bayleef,Thundurus-Incarnate,Thundurus-Incarnate,0,1
Hatterene,Rabsca,Rabsca,0,3
Rattata,Monferno,Monferno,0,1
Inkay,Sandile,Sandile,0,2
Hattrem,Salamence,Salamence,0,2
Zangoose,Zacian,Zacian,0,3
Ponyta,Iron-Jugulis,Iron-Jugulis,0,2
Yamper,Braixen,Braixen,0,2
Whimsicott,Vanillite,Whimsicott,1,2
Arceus,Metang,Arceus,1,4
Hattrem,Slowbro,Slowbro,0,2
Rhydon,Minun,Rhydon,1,1
Dottler,Klink,Klink,0,3
Pidgeotto,Boldore,Boldore,0,1
Lanturn,Arctozolt,Lanturn,1,4
Numel,Kilowattrel,Kilowattrel,0,2
Aegislash-Shield,Magnezone,Magnezone,0,3
Garchomp,Baxcalibur,Baxcalibur,0,2
Charjabug,Moltres,Moltres,0,1
Cubone,Yveltal,Yveltal,0,1
Throh,Electivire,Throh,1,2
Steelix,Noctowl,Steelix,1,3
Tentacruel,Greninja,Tentacruel,1,3
Wyrdeer,Amaura,Wyrdeer,1,2
Wailmer,Totodile,Wailmer,1,3
Tirtouga,Spinda,Tirtouga,1,2
Vikavolt,Swablu,Vikavolt,1,1
Seismitoad,Magcargo,Seismitoad,1,1
Piloswine,Luvdisc,Piloswine,1,1
Granbull,Avalugg,Granbull,1,3
Cobalion,Cosmoem,Cobalion,1,3
Meowth,Illumise,Illumise,0,2
Elgyem,Morgrem,Morgrem,0,1
Coalossal,Munchlax,Coalossal,1,3
Armarouge,Emolga,Armarouge,1,1
Delphox,Iron-Boulder,Iron-Boulder,0,1
Magnezone,Golett,Magnezone,1,1
Oinkologne-Male,Azelf,Azelf,0,3
Shieldon,Espathra,Espathra,0,3
Sandaconda,Manectric,Sandaconda,1,1
Anorith,Rabsca,Rabsca,0,1
Bewear,Haunter,Bewear,1,3
Wobbuffet,Aromatisse,Aromatisse,0,5
Turtonator,Wailord,Wailord,0,3
Larvesta,Baltoy,Larvesta,1,1
Suicune,Uxie,Suicune,1,5
Bellossom,Snivy,Bellossom,1,1
Brambleghast,Granbull,Granbull,0,2
Sandile,Blissey,Blissey,0,1
Drizzile,Darumaka,Drizzile,1,1
Cetitan,Drampa,Cetitan,1,2
Shroomish,Ribombee,Ribombee,0,2
Maushold-Family-Of-Four,Politoed,Politoed,0,3
Probopass,Charmeleon,Probopass,1,2
Torterra,Anorith,Torterra,1,1
Gallade,Milotic,Gallade,1,3
Roggenrola,Cramorant,Cramorant,0,1
Qwilfish,Falinks,Qwilfish,1,3
Miltank,Elgyem,Miltank,1,2
Woobat,Iron-Hands,Iron-Hands,0,2
Magearna,Shellder,Magearna,1,1
Poochyena,Kabutops,Kabutops,0,1
Wurmple,Zorua,Zorua,0,1
Flamigo,Budew,Flamigo,1,1
Pikachu,Flabebe,Pikachu,1,2
Sableye,Gastrodon,Gastrodon,0,2
Iron-Boulder,Hydrapple,Iron-Boulder,1,2
Pawniard,Honchkrow,Honchkrow,0,2
Qwilfish,Glameow,Qwilfish,1,1
Vanilluxe,Crabominable,Crabominable,0,1
Jirachi,Volbeat,Jirachi,1,3
Salamence,Nymble,Salamence,1,1
Klink,Pinsir,Pinsir,0,2
Patrat,Tropius,Tropius,0,2
Crobat,Trumbeak,Crobat,1,2
Slowpoke,Prinplup,Prinplup,0,4
Toxapex,Nymble,Toxapex,1,1
Palossand,Skitty,Palossand,1,2
Porygon,Squirtle,Porygon,1,2
Greninja,Turtonator,Greninja,1,2
Stantler,Spinarak,Stantler,1,1
Walking-Wake,Skeledirge,Walking-Wake,1,2
Archen,Torchic,Archen,1,1
Flutter-Mane,Tauros,Flutter-Mane,1,2
Braixen,Glimmora,Glimmora,0,2
Kabuto,Skiddo,Skiddo,0,1
Snorlax,Hitmonlee,Snorlax,1,1
Gourgeist-Average,Croconaw,Gourgeist-Average,1,2
Abra,Musharna,Musharna,0,1
Cherrim,Axew,Cherrim,1,1
Camerupt,Xatu,Camerupt,1,2
Wooper,Wo-Chien,Wo-Chien,0,1
Jirachi,Togepi,Jirachi,1,1
Rillaboom,Latias,Latias,0,2
Mamoswine,Skitty,Mamoswine,1,1
Wimpod,Flareon,Flareon,0,1
Karrablast,Basculegion-Male,Basculegion-Male,0,1
Corviknight,Brionne,Corviknight,1,2
Dragonite,Quaquaval,Dragonite,1,1
Yamask,Bramblin,Bramblin,0,1
Scorbunny,Swablu,Scorbunny,1,3
Mr-Rime,Morpeko-Full-Belly,Mr-Rime,1,2
Archaludon,Yveltal,Yveltal,0,2
Hattrem,Wynaut,Hattrem,1,4
Cutiefly,Quaxwell,Quaxwell,0,2
Krabby,Boldore,Boldore,0,1
Garganacl,Omanyte,Omanyte,0,2
Dottler,Shieldon,Shieldon,0,2
Lotad,Vigoroth,Vigoroth,0,1
Claydol,Chinchou,Claydol,1,1
Latios,Quaxly,Latios,1,1
Tirtouga,Zapdos,Zapdos,0,1
Shiftry,Froslass,Froslass,0,2
Venonat,Munchlax,Munchlax,0,2
Froakie,Eevee,Eevee,0,2
Wo-Chien,Wiglett,Wo-Chien,1,1
Staryu,Bronzor,Staryu,1,3
Pheromosa,Drifloon,Pheromosa,1,1
Honchkrow,Absol,Honchkrow,1,2
Uxie,Palossand,Uxie,1,3
Mamoswine,Archaludon,Archaludon,0,2
Baltoy,Ambipom,Ambipom,0,1
Krokorok,Durant,Durant,0,1
Terrakion,Tinkaton,Terrakion,1,2
Ducklett,Vanillish,Vanillish,0,2
Leafeon,Tentacool,Leafeon,1,1
Sharpedo,Hawlucha,Hawlucha,0,1
Durant,Vanilluxe,Durant,1,2
Glalie,Dragapult,Glalie,1,2
Cinccino,Regigigas,Regigigas,0,2
Torkoal,Magnemite,Torkoal,1,1
Liepard,Lillipup,Liepard,1,1
Eelektrik,Tepig,Eelektrik,1,2
Dedenne,Torterra,Torterra,0,1
Latios,Bellossom,Latios,1,2
Diglett,Duskull,Duskull,0,1
Typhlosion,Swinub,Typhlosion,1,1
Kingler,Quilladin,Quilladin,0,1
Tatsugiri-Curly,Lunatone,Tatsugiri-Curly,1,2
Diancie,Krabby,Diancie,1,1
Magearna,Hitmonchan,Magearna,1,1
Palossand,Shroodle,Palossand,1,1
Arceus,Milotic,Arceus,1,3
Golisopod,Lumineon,Golisopod,1,2
Igglybuff,Sneasel,Sneasel,0,1
Chesnaught,Magby,Chesnaught,1,1
Fezandipiti,Arctovish,Fezandipiti,1,4
Shellos,Rabsca,Rabsca,0,2
Gloom,Nincada,Gloom,1,1
Grubbin,Meditite,Grubbin,1,2
Zarude,Lopunny,Zarude,1,3
Lapras,Treecko,Lapras,1,1
Cottonee,Azurill,Cottonee,1,3
Arcanine,Celebi,Arcanine,1,2
Bayleef,Weavile,Weavile,0,3
Ledyba,Tornadus-Incarnate,Tornadus-Incarnate,0,1
Tyrogue,Cofagrigus,Cofagrigus,0,1
Porygon,Toxapex,Toxapex,0,3
Diglett,Regieleki,Regieleki,0,1
Phanpy,Arrokuda,Arrokuda,0,2
Venonat,Camerupt,Camerupt,0,1
Rattata,Pinsir,Pinsir,0,1
Solgaleo,Zacian,Solgaleo,1,2
Shinx,Flaaffy,Flaaffy,0,2
Oshawott,Glimmora,Glimmora,0,2
Ledyba,Reuniclus,Reuniclus,0,1
Karrablast,Noivern,Noivern,0,1
Sharpedo,Iron-Moth,Iron-Moth,0,2
Cetitan,Chespin,Cetitan,1,2
Hitmontop,Smoliv,Hitmontop,1,1
Necrozma,Tirtouga,Necrozma,1,1
Cinccino,Salandit,Cinccino,1,1
Ponyta,Nickit,Ponyta,1,1
Slurpuff,Morpeko-Full-Belly,Slurpuff,1,1
Smeargle,Glimmet,Glimmet,0,2
Zubat,Bewear,Bewear,0,1
Clefairy,Swirlix,Clefairy,1,3
Vikavolt,Krookodile,Vikavolt,1,2
Onix,Rellor,Onix,1,1
Luxray,Blacephalon,Blacephalon,0,2
Vespiquen,Purrloin,Vespiquen,1,1
Bellsprout,Fearow,Fearow,0,1
Mothim,Shiinotic,Mothim,1,1
Nickit,Morgrem,Morgrem,0,1
Surskit,Mr-Mime,Mr-Mime,0,1
Mimikyu-Disguised,Barbaracle,Barbaracle,0,2
Zweilous,Magikarp,Zweilous,1,1
Crobat,Zacian,Zacian,0,3
Blipbug,Snivy,Snivy,0,1
Cryogonal,Groudon,Cryogonal,1,2
Polteageist,Toxapex,Polteageist,1,5
Slugma,Patrat,Patrat,0,2
Staryu,Metagross,Metagross,0,1
Boldore,Treecko,Treecko,0,1
Mew,Grafaiai,Mew,1,1
Tapu-Lele,Spheal,Tapu-Lele,1,2
Nymble,Inteleon,Inteleon,0,1
Frosmoth,Gloom,Frosmoth,1,1
Giratina-Altered,Ponyta,Giratina-Altered,1,2
Pecharunt,Cetoddle,Pecharunt,1,3
Smeargle,Corsola,Corsola,0,2
Spinarak,Watchog,Watchog,0,1
Morpeko-Full-Belly,Manaphy,Manaphy,0,2
Herdier,Natu,Herdier,1,1
Snivy,Phantump,Snivy,1,2
Naclstack,Bramblin,Naclstack,1,1
Klefki,Cloyster,Klefki,1,2
Swablu,Fennekin,Fennekin,0,2
Iron-Thorns,Naganadel,Iron-Thorns,1,2
Rhydon,Castform,Rhydon,1,2
Timburr,Phanpy,Phanpy,0,3
Eternatus,Dipplin,Eternatus,1,1
Sentret,Duraludon,Duraludon,0,1
Nidoran-M,Bellossom,Bellossom,0,2
Maractus,Aggron,Maractus,1,2
Wingull,Snorlax,Snorlax,0,1
Piloswine,Solosis,Piloswine,1,1
Gouging-Fire,Carbink,Carbink,0,5
Gulpin,Numel,Numel,0,2
Meltan,Lickitung,Lickitung,0,4
Iron-Bundle,Pancham,Iron-Bundle,1,2
Gothitelle,Rufflet,Gothitelle,1,2
Magmar,Combee,Magmar,1,1
Dewott,Quilava,Dewott,1,1
Shellder,Stantler,Stantler,0,2
Iron-Leaves,Crustle,Crustle,0,1
Accelgor,Magby,Accelgor,1,2
Spearow,Dachsbun,Dachsbun,0,1
Gorebyss,Mabosstiff,Gorebyss,1,2
Chespin,Poliwag,Chespin,1,1
Fraxure,Kirlia,Fraxure,1,1
Popplio,Salamence,Salamence,0,1
Pichu,Blitzle,Blitzle,0,1
Krokorok,Kadabra,Kadabra,0,1
Grapploct,Durant,Durant,0,3
Meowth,Gossifleur,Meowth,1,2
Finizen,Lampent,Finizen,1,2
Purugly,Shiinotic,Shiinotic,0,2
Skeledirge,Hitmonchan,Skeledirge,1,2
Hariyama,Necrozma,Necrozma,0,2
Lokix,Sharpedo,Lokix,1,1
Bruxish,Mareanie,Bruxish,1,1
Turtonator,Exploud,Exploud,0,4
Kleavor,Cutiefly,Kleavor,1,1
Seismitoad,Regice,Seismitoad,1,4
Pachirisu,Frogadier,Pachirisu,1,2
Heliolisk,Salazzle,Salazzle,0,2
Carkol,Drampa,Drampa,0,2
Yungoos,Dipplin,Dipplin,0,1
Arboliva,Hoopa,Hoopa,0,2
Porygon2,Mew,Mew,0,4
Poltchageist,Grimer,Grimer,0,1
Wugtrio,Phione,Phione,0,2
Sandygast,Heracross,Heracross,0,2
Metang,Tinkaton,Metang,1,4
Liepard,Weavile,Weavile,0,1
Dreepy,Makuhita,Dreepy,1,2
Minccino,Anorith,Anorith,0,1
Manaphy,Bastiodon,Manaphy,1,2
Vulpix,Pumpkaboo-Average,Pumpkaboo-Average,0,1
Virizion,Spearow,Virizion,1,1
Meowscarada,Remoraid,Meowscarada,1,1
Munkidori,Toxel,Munkidori,1,1
Larvitar,Pupitar,Pupitar,0,1
Bouffalant,Starly,Bouffalant,1,1
Prinplup,Melmetal,Melmetal,0,2
Rabsca,Popplio,Rabsca,1,2
Roserade,Bayleef,Roserade,1,2
Thievul,Surskit,Thievul,1,2
Dottler,Kricketot,Dottler,1,2
Blacephalon,Luxio,Blacephalon,1,1
Jumpluff,Zekrom,Zekrom,0,1
Drakloak,Bellibolt,Bellibolt,0,1
Dachsbun,Magcargo,Magcargo,0,2
Braviary,Simisage,Braviary,1,1
Rhyhorn,Spinarak,Rhyhorn,1,1
Wormadam-Plant,Chatot,Chatot,0,1
Seviper,Indeedee-Male,Indeedee-Male,0,1
Krabby,Dartrix,Dartrix,0,1
Braixen,Politoed,Politoed,0,1
Grumpig,Dunsparce,Grumpig,1,3
Zapdos,Archaludon,Archaludon,0,2
Comfey,Frosmoth,Frosmoth,0,2
Breloom,Meowth,Breloom,1,1
Mankey,Diancie,Diancie,0,1
Purrloin,Litleo,Litleo,0,1
Chingling,Minior-Red-Meteor,Minior-Red-Meteor,0,2
Rhydon,Octillery,Octillery,0,1
Glimmora,Mudkip,Glimmora,1,2
Zamazenta,Machoke,Zamazenta,1,2
Chimecho,Quaquaval,Chimecho,1,2
Greavard,Litten,Litten,0,2
Whismur,Cubchoo,Cubchoo,0,1
Maractus,Buizel,Maractus,1,1
Gastly,Vileplume,Vileplume,0,1
Capsakid,Miraidon,Miraidon,0,1
Glimmora,Pidove,Glimmora,1,1
Cherrim,Mawile,Cherrim,1,3
Pansage,Darkrai,Darkrai,0,1
Glameow,Duosion,Duosion,0,1
Mandibuzz,Wartortle,Mandibuzz,1,3
Morelull,Monferno,Monferno,0,1
Avalugg,Horsea,Avalugg,1,2
Swinub,Quaxly,Quaxly,0,1
Gothitelle,Carvanha,Gothitelle,1,1
Sunkern,Stunky,Stunky,0,1
Poltchageist,Delcatty,Delcatty,0,2
Beheeyem,Lumineon,Beheeyem,1,2
Tapu-Koko,Cutiefly,Tapu-Koko,1,1
Trumbeak,Leavanny,Trumbeak,1,1
Dracovish,Dragapult,Dragapult,0,2
Bramblin,Ninetales,Ninetales,0,1
Spoink,Nidorina,Spoink,1,2
Hitmonchan,Treecko,Hitmonchan,1,1
Lileep,Chansey,Lileep,1,2
Hippowdon,Chatot,Hippowdon,1,2
Conkeldurr,Hawlucha,Hawlucha,0,3
Farigiraf,Exeggcute,Farigiraf,1,1
Wattrel,Fearow,Fearow,0,1
Jirachi,Pichu,Jirachi,1,1
Scyther,Spidops,Scyther,1,1
Klefki,Avalugg,Klefki,1,3
Hawlucha,Snover,Hawlucha,1,1
Thievul,Alcremie,Alcremie,0,2
Wyrdeer,Milcery,Wyrdeer,1,1
Marill,Swanna,Swanna,0,2
Espathra,Toedscool,Espathra,1,1
Gogoat,Shiinotic,Gogoat,1,2
Drifblim,Rillaboom,Drifblim,1,3
Nickit,Combusken,Combusken,0,1
Chespin,Aromatisse,Aromatisse,0,1
Zangoose,Salazzle,Salazzle,0,2
Klefki,Dustox,Klefki,1,3
Scraggy,Mantine,Mantine,0,2
Drowzee,Quaquaval,Quaquaval,0,2
Maushold-Family-Of-Four,Blitzle,Maushold-Family-Of-Four,1,1
Wooloo,Nihilego,Nihilego,0,1
Kartana,Lumineon,Kartana,1,2
Revavroom,Pikachu,Revavroom,1,1
Rhyhorn,Mudsdale,Mudsdale,0,2
Pidgeot,Octillery,Octillery,0,2
Farfetchd,Gallade,Gallade,0,1
Mareanie,Anorith,Anorith,0,2
Hydrapple,Terrakion,Terrakion,0,2
Slowking,Sunkern,Slowking,1,1
Munkidori,Vigoroth,Munkidori,1,2
Mudbray,Seviper,Mudbray,1,1
Muk,Wailord,Muk,1,4
Omanyte,Iron-Bundle,Iron-Bundle,0,1
Wimpod,Stantler,Stantler,0,1
Pawmot,Fraxure,Pawmot,1,2
Shedinja,Xatu,Xatu,0,1
Gible,Hitmontop,Hitmontop,0,2
Trapinch,Nidoking,Nidoking,0,1
Swalot,Dedenne,Swalot,1,2
Ralts,Hitmonchan,Hitmonchan,0,1
Illumise,Avalugg,Avalugg,0,3
Simisear,Octillery,Octillery,0,1
Metagross,Capsakid,Metagross,1,1
Ducklett,Frogadier,Frogadier,0,3
Scraggy,Sharpedo,Scraggy,1,1
Zubat,Muk,Muk,0,1
Dugtrio,Porygon2,Porygon2,0,1
Mesprit,Smoliv,Mesprit,1,1
Snorlax,Clauncher,Snorlax,1,2
Finizen,Silvally,Silvally,0,2
Turtonator,Kommo-O,Kommo-O,0,1
Togepi,Pichu,Togepi,1,1
Pheromosa,Spoink,Pheromosa,1,1
Golem,Dachsbun,Dachsbun,0,3
Cubone,Dewott,Dewott,0,1
Girafarig,Alcremie,Alcremie,0,2
Diggersby,Nidoqueen,Diggersby,1,3
Lampent,Gyarados,Gyarados,0,2
Stunky,Croconaw,Croconaw,0,2
Stantler,Raticate,Stantler,1,2
Teddiursa,Swanna,Swanna,0,2
Malamar,Teddiursa,Malamar,1,2
Brute-Bonnet,Thundurus-Incarnate,Thundurus-Incarnate,0,2
Gible,Grovyle,Grovyle,0,1
Charmeleon,Applin,Charmeleon,1,1
Crobat,Swadloon,Crobat,1,1
Tropius,Golem,Tropius,1,1
Butterfree,Pheromosa,Pheromosa,0,1
Poliwrath,Krokorok,Poliwrath,1,1
Vullaby,Phantump,Vullaby,1,1
Swanna,Alcremie,Alcremie,0,2
Clawitzer,Sudowoodo,Clawitzer,1,1
Lillipup,Espathra,Espathra,0,1
Shiinotic,Cherubi,Shiinotic,1,1
Solosis,Leavanny,Leavanny,0,1
Palossand,Rillaboom,Rillaboom,0,3
Snom,Maschiff,Maschiff,0,1
Lampent,Genesect,Lampent,1,1
Mesprit,Deerling,Mesprit,1,1
Hakamo-O,Varoom,Hakamo-O,1,2
Rampardos,Metang,Metang,0,2
Golbat,Murkrow,Golbat,1,2
Sealeo,Espurr,Sealeo,1,2
Bellossom,Mewtwo,Mewtwo,0,2
Dachsbun,Dartrix,Dachsbun,1,2
Dottler,Gabite,Dottler,1,2
Iron-Leaves,Lunala,Lunala,0,2
Corsola,Beedrill,Corsola,1,2
Arrokuda,Drednaw,Drednaw,0,1
Stonjourner,Mareep,Stonjourner,1,1
Jumpluff,Tandemaus,Jumpluff,1,2
Swadloon,Lechonk,Swadloon,1,2
Aromatisse,Glimmora,Glimmora,0,3
Swablu,Seedot,Swablu,1,1
Psyduck,Lugia,Lugia,0,2
Elgyem,Golem,Golem,0,1
Cofagrigus,Miraidon,Miraidon,0,2
Sceptile,Keldeo-Ordinary,Sceptile,1,2
Xurkitree,Sandy-Shocks,Sandy-Shocks,0,2
Kilowattrel,Heatmor,Heatmor,0,2
Virizion,Yveltal,Yveltal,0,1
Lombre,Goomy,Lombre,1,2
Tentacruel,Annihilape,Annihilape,0,2
Morelull,Sneasler,Sneasler,0,1
Coalossal,Noivern,Coalossal,1,2
Pecharunt,Polteageist,Pecharunt,1,1
Okidogi,Dwebble,Okidogi,1,2
Flamigo,Dratini,Flamigo,1,1
Dusknoir,Wailord,Wailord,0,3
Metapod,Combee,Combee,0,2
Eelektrik,Swampert,Swampert,0,1
Espurr,Volbeat,Volbeat,0,1
Persian,Iron-Hands,Iron-Hands,0,1
Quaquaval,Riolu,Quaquaval,1,1
Hoothoot,Mightyena,Mightyena,0,2
Palafin-Zero,Houndour,Palafin-Zero,1,1
Trubbish,Cetoddle,Cetoddle,0,3
Corviknight,Rhyperior,Rhyperior,0,3
Rattata,Gothitelle,Gothitelle,0,1
Electrode,Slugma,Electrode,1,1
Staryu,Venusaur,Venusaur,0,1
Riolu,Buzzwole,Buzzwole,0,1
Donphan,Metang,Donphan,1,1
Minun,Muk,Muk,0,2
Klink,Mudkip,Mudkip,0,2
Tynamo,Sudowoodo,Sudowoodo,0,1
Maschiff,Dudunsparce-Two-Segment,Dudunsparce-Two-Segment,0,2
Carvanha,Cottonee,Cottonee,0,1
Skeledirge,Trumbeak,Skeledirge,1,1
Sealeo,Perrserker,Perrserker,0,3
Landorus-Incarnate,Toucannon,Landorus-Incarnate,1,2
Glaceon,Cubchoo,Glaceon,1,2
Frogadier,Hoothoot,Frogadier,1,2
Alakazam,Fomantis,Alakazam,1,1
Dragalge,Bounsweet,Dragalge,1,1
Hitmontop,Urshifu-Single-Strike,Urshifu-Single-Strike,0,2
Grotle,Amoonguss,Amoonguss,0,2
Aurorus,Castform,Aurorus,1,2
Lugia,Pangoro,Lugia,1,2
Bombirdier,Goldeen,Bombirdier,1,2
Ho-Oh,Pikachu,Ho-Oh,1,1
Sigilyph,Diancie,Diancie,0,2
Sprigatito,Gastrodon,Gastrodon,0,1
Tauros,Tangela,Tauros,1,2
Combee,Plusle,Plusle,0,1
Ambipom,Persian,Ambipom,1,2
Latias,Froslass,Froslass,0,2
Arrokuda,Heatran,Heatran,0,1
Roaring-Moon,Deoxys-Normal,Roaring-Moon,1,1
Overqwil,Simisear,Overqwil,1,2
Weezing,Igglybuff,Weezing,1,1
Incineroar,Hydrapple,Incineroar,1,2
Crabominable,Swanna,Swanna,0,2
Swoobat,Squirtle,Swoobat,1,2
Blaziken,Reshiram,Reshiram,0,2
Chimchar,Vivillon,Vivillon,0,2
Mothim,Quaxwell,Mothim,1,2
Dubwool,Falinks,Falinks,0,2
Kleavor,Starly,Kleavor,1,1
Beheeyem,Moltres,Moltres,0,3
Victini,Carracosta,Carracosta,0,2
Venusaur,Ursaluna,Ursaluna,0,2
Vanillish,Clamperl,Vanillish,1,2
Toxtricity-Amped,Dusclops,Toxtricity-Amped,1,2
Gigalith,Grimer,Gigalith,1,2
Bayleef,Gabite,Bayleef,1,1
Misdreavus,Mr-Mime,Misdreavus,1,1
Misdreavus,Grapploct,Misdreavus,1,5
Pikipek,Aggron,Aggron,0,1
Sigilyph,Braviary,Braviary,0,2
Geodude,Spritzee,Spritzee,0,1
Cutiefly,Chesnaught,Chesnaught,0,1
Deerling,Marshadow,Marshadow,0,1
Ambipom,Hoppip,Ambipom,1,1
Wobbuffet,Urshifu-Single-Strike,Urshifu-Single-Strike,0,4
Corvisquire,Silcoon,Corvisquire,1,1
Rolycoly,Chinchou,Chinchou,0,1
Lotad,Grimer,Grimer,0,1
Fennekin,Geodude,Fennekin,1,1
Girafarig,Flamigo,Flamigo,0,2
Elgyem,Orbeetle,Orbeetle,0,2
Cofagrigus,Piplup,Cofagrigus,1,3
Feraligatr,Scyther,Feraligatr,1,2
Swellow,Golurk,Golurk,0,2
Hippowdon,Poochyena,Hippowdon,1,1
Tapu-Fini,Togetic,Tapu-Fini,1,2
Swirlix,Moltres,Moltres,0,2
Castform,Unown,Castform,1,2
Mareanie,Panpour,Mareanie,1,2
Bronzong,Wooper,Bronzong,1,1
Ampharos,Cetitan,Cetitan,0,4
Binacle,Appletun,Appletun,0,1
Raikou,Deino,Raikou,1,1
Pineco,Jumpluff,Jumpluff,0,2
Glaceon,Lopunny,Glaceon,1,2
Vespiquen,Steenee,Vespiquen,1,1
Burmy,Tyranitar,Tyranitar,0,1
Wimpod,Swinub,Wimpod,1,2
Toedscruel,Diglett,Toedscruel,1,1
Ninetales,Rhyhorn,Ninetales,1,1
Sentret,Rampardos,Rampardos,0,1
Flittle,Whiscash,Whiscash,0,1
Omastar,Clawitzer,Clawitzer,0,2
Corsola,Abomasnow,Abomasnow,0,1
Nidoking,Steelix,Steelix,0,2
Ursaluna,Altaria,Ursaluna,1,2
Cubone,Altaria,Altaria,0,1
Cobalion,Mawile,Cobalion,1,2
Zamazenta,Vanillite,Zamazenta,1,1
Tinkatuff,Arctozolt,Arctozolt,0,3
Politoed,Tropius,Politoed,1,2
Graveler,Nidoran-M,Graveler,1,1
Gabite,Bonsly,Gabite,1,1
Emolga,Tarountula,Emolga,1,1
Regirock,Uxie,Regirock,1,4
Shelmet,Dragalge,Dragalge,0,2
Croagunk,Pachirisu,Pachirisu,0,2
Rabsca,Piplup,Rabsca,1,2
Fuecoco,Electrike,Electrike,0,2
Minior-Red-Meteor,Samurott,Samurott,0,2
Tsareena,Gible,Tsareena,1,1
Bisharp,Ivysaur,Bisharp,1,2
Krabby,Celesteela,Celesteela,0,1
Tapu-Koko,Darumaka,Tapu-Koko,1,2
Togekiss,Lickitung,Togekiss,1,3
Staraptor,Magmortar,Staraptor,1,2
Cacnea,Rowlet,Rowlet,0,1
Mantyke,Fezandipiti,Fezandipiti,0,2
Weavile,Salazzle,Weavile,1,2
Zygarde-50,Arcanine,Arcanine,0,2
Dragonair,Watchog,Watchog,0,2
Feebas,Tornadus-Incarnate,Tornadus-Incarnate,0,1
Oinkologne-Male,Swoobat,Oinkologne-Male,1,2
Espathra,Plusle,Espathra,1,2
Grookey,Noctowl,Noctowl,0,1
Larvitar,Oddish,Oddish,0,1
Turtonator,Kleavor,Kleavor,0,2
Purugly,Glameow,Purugly,1,1
Watchog,Tyranitar,Tyranitar,0,2
Flapple,Torracat,Torracat,0,1
Froslass,Omastar,Omastar,0,2
Ferroseed,Golurk,Golurk,0,2
Rampardos,Doublade,Doublade,0,1
Dracozolt,Salamence,Salamence,0,2
Golduck,Carracosta,Golduck,1,2
Bouffalant,Sandaconda,Sandaconda,0,4
Capsakid,Persian,Persian,0,1
Eternatus,Toucannon,Eternatus,1,2
Rockruff,Binacle,Binacle,0,1
Froslass,Girafarig,Froslass,1,3
Silcoon,Rabsca,Rabsca,0,1
Nidoqueen,Reshiram,Reshiram,0,2
Staraptor,Carbink,Carbink,0,3
Flittle,Forretress,Forretress,0,1
Frogadier,Ledian,Frogadier,1,2
Ninjask,Persian,Ninjask,1,2
Glimmet,Dwebble,Glimmet,1,2
Claydol,Iron-Treads,Iron-Treads,0,3
Relicanth,Ferrothorn,Ferrothorn,0,2
Sylveon,Wobbuffet,Sylveon,1,4
Milcery,Bibarel,Bibarel,0,1
Altaria,Steelix,Steelix,0,3
Pansear,Aromatisse,Aromatisse,0,2
Yamask,Hippowdon,Hippowdon,0,2
Panpour,Deerling,Deerling,0,2
Ninjask,Bonsly,Bonsly,0,1
Nacli,Hippowdon,Hippowdon,0,1
Golduck,Hatenna,Golduck,1,1
Joltik,Geodude,Joltik,1,1
Jangmo-O,Kricketune,Kricketune,0,2
Tinkaton,Spectrier,Spectrier,0,4
Mawile,Banette,Banette,0,2
Wooloo,Talonflame,Talonflame,0,2
Sceptile,Elgyem,Sceptile,1,2
Barbaracle,Aipom,Barbaracle,1,2
Dolliv,Mantyke,Mantyke,0,2
Thundurus-Incarnate,Garbodor,Thundurus-Incarnate,1,3
Luvdisc,Appletun,Appletun,0,1
Swellow,Dracozolt,Dracozolt,0,1
Azelf,Elekid,Azelf,1,1
Poltchageist,Sandshrew,Poltchageist,1,1
Spinarak,Litwick,Litwick,0,1
Seismitoad,Barraskewda,Seismitoad,1,2
Grapploct,Golett,Grapploct,1,2
Venomoth,Chien-Pao,Venomoth,1,2
Jolteon,Bouffalant,Bouffalant,0,2
Marshtomp,Meowth,Marshtomp,1,1
Snover,Pignite,Pignite,0,1
Smeargle,Mareep,Mareep,0,2
Noivern,Falinks,Noivern,1,2
Clauncher,Drednaw,Drednaw,0,2
Psyduck,Roserade,Roserade,0,1
Rockruff,Turtonator,Turtonator,0,1
Quaxwell,Primarina,Primarina,0,2
Florges,Spidops,Florges,1,2
Fomantis,Slaking,Slaking,0,1
Golbat,Farfetchd,Golbat,1,2
Pidgey,Blitzle,Blitzle,0,1
Charjabug,Porygon2,Porygon2,0,3
Cutiefly,Celesteela,Celesteela,0,1
Chatot,Tropius,Chatot,1,2
Musharna,Boldore,Musharna,1,2
Spritzee,Gastly,Spritzee,1,1
Flittle,Carkol,Carkol,0,1
Iron-Moth,Pangoro,Iron-Moth,1,2
Banette,Palafin-Zero,Palafin-Zero,0,3
Iron-Jugulis,Sawsbuck,Iron-Jugulis,1,2
Butterfree,Seedot,Butterfree,1,1
Mesprit,Diglett,Mesprit,1,1
Psyduck,Toxapex,Toxapex,0,2
Farigiraf,Excadrill,Excadrill,0,3
Guzzlord,Nidoking,Guzzlord,1,2
Shiinotic,Blaziken,Blaziken,0,2
Mandibuzz,Great-Tusk,Great-Tusk,0,4
Pidove,Baltoy,Baltoy,0,2
Tinkatink,Lopunny,Lopunny,0,3
Zygarde-50,Glimmet,Zygarde-50,1,1
Raboot,Iron-Bundle,Iron-Bundle,0,1
Goldeen,Regirock,Regirock,0,2
Tyrunt,Rayquaza,Rayquaza,0,1
Espathra,Incineroar,Incineroar,0,2
Spinarak,Meloetta-Aria,Meloetta-Aria,0,1
Furfrou,Gothitelle,Gothitelle,0,3
Dratini,Kabutops,Kabutops,0,1
Venusaur,Beldum,Venusaur,1,2
Shelmet,Eelektross,Eelektross,0,2
Machamp,Gastly,Machamp,1,1
Burmy,Chandelure,Chandelure,0,1
Mr-Rime,Gossifleur,Mr-Rime,1,1
Porygon-Z,Impidimp,Porygon-Z,1,1
Lucario,Cacnea,Lucario,1,1
Arbok,Metang,Metang,0,2
Bidoof,Kadabra,Kadabra,0,1
Hydreigon,Vulpix,Hydreigon,1,1
Magby,Pheromosa,Pheromosa,0,1
Eiscue-Ice,Minccino,Eiscue-Ice,1,1
Vibrava,Purrloin,Vibrava,1,1
Altaria,Celebi,Celebi,0,2
Magnezone,Heliolisk,Magnezone,1,3
Quagsire,Copperajah,Quagsire,1,2
Mothim,Sinistcha,Sinistcha,0,1
Sableye,Oddish,Sableye,1,2
Binacle,Hippowdon,Hippowdon,0,1
Musharna,Samurott,Musharna,1,3
Cyndaquil,Tatsugiri-Curly,Tatsugiri-Curly,0,1
Exeggcute,Goodra,Goodra,0,1
Ogerpon,Lurantis,Ogerpon,1,3
Feraligatr,Pidgeotto,Feraligatr,1,2
Milotic,Melmetal,Milotic,1,4
Froslass,Chimecho,Froslass,1,2
Blastoise,Fezandipiti,Fezandipiti,0,4
Floatzel,Araquanid,Araquanid,0,3
Tentacool,Dracozolt,Dracozolt,0,1
Latios,Golem,Latios,1,2
Deoxys-Normal,Kadabra,Deoxys-Normal,1,1
Rockruff,Golduck,Golduck,0,1
Pachirisu,Rookidee,Pachirisu,1,1
Corsola,Ralts,Corsola,1,1
Nidoran-M,Ekans,Ekans,0,2
Smoliv,Trapinch,Smoliv,1,1
Nosepass,Galvantula,Galvantula,0,2
Appletun,Shellder,Appletun,1,1
Genesect,Corphish,Genesect,1,1
Fletchinder,Klink,Fletchinder,1,1
Buizel,Pawmi,Buizel,1,1
Capsakid,Heliolisk,Heliolisk,0,1
Dragalge,Toxapex,Dragalge,1,3
Jangmo-O,Mudsdale,Mudsdale,0,1
Exploud,Venusaur,Venusaur,0,3
Taillow,Numel,Numel,0,1
Kadabra,Electrode,Electrode,0,2
Finneon,Bramblin,Finneon,1,1
Orbeetle,Nuzleaf,Orbeetle,1,1
Applin,Misdreavus,Misdreavus,0,1
Meltan,Luxray,Luxray,0,1
Shedinja,Sewaddle,Sewaddle,0,1
Azurill,Woobat,Woobat,0,2
Volbeat,Aipom,Volbeat,1,2
Lunatone,Volbeat,Volbeat,0,2
Frosmoth,Bidoof,Frosmoth,1,1
Groudon,Eternatus,Eternatus,0,2
Stantler,Rattata,Stantler,1,1
Falinks,Mareep,Falinks,1,1
Hoopa,Magneton,Hoopa,1,2
Grapploct,Dragonair,Grapploct,1,2
Ferroseed,Machop,Machop,0,1
Conkeldurr,Tentacruel,Conkeldurr,1,3
Kabutops,Jellicent-Male,Kabutops,1,3
Gogoat,Duraludon,Duraludon,0,3
Glaceon,Ferroseed,Glaceon,1,2
Litwick,Terrakion,Terrakion,0,1
Charmander,Cacnea,Charmander,1,1
Phanpy,Minun,Minun,0,2
Oranguru,Huntail,Oranguru,1,2
Sandygast,Quaxwell,Quaxwell,0,1
Spewpa,Anorith,Anorith,0,1
Beldum,Gastrodon,Gastrodon,0,1
Natu,Drifblim,Drifblim,0,1
Breloom,Tyranitar,Breloom,1,1
Naclstack,Tatsugiri-Curly,Tatsugiri-Curly,0,1
Whimsicott,Mareanie,Mareanie,0,1
Great-Tusk,Garbodor,Great-Tusk,1,2
Mantine,Appletun,Mantine,1,2
Walrein,Blissey,Walrein,1,2
Scovillain,Dottler,Scovillain,1,1
Swellow,Maushold-Family-Of-Four,Maushold-Family-Of-Four,0,2
Klefki,Lucario,Lucario,0,2
Ekans,Hitmontop,Hitmontop,0,1
Kecleon,Mr-Rime,Mr-Rime,0,2
Gligar,Naganadel,Naganadel,0,1
Totodile,Coalossal,Coalossal,0,2
Espurr,Watchog,Watchog,0,2
Huntail,Horsea,Huntail,1,1
Cubone,Servine,Servine,0,1
Vanilluxe,Vaporeon,Vaporeon,0,3
Rhydon,Roggenrola,Rhydon,1,1
Oinkologne-Male,Aron,Oinkologne-Male,1,5
Arcanine,Tangrowth,Arcanine,1,2
Cutiefly,Raichu,Raichu,0,1
Slakoth,Minior-Red-Meteor,Minior-Red-Meteor,0,3
Regirock,Flabebe,Regirock,1,1
Arrokuda,Litleo,Litleo,0,2
Frillish-Male,Pikachu,Pikachu,0,2
Froakie,Togekiss,Togekiss,0,1
Conkeldurr,Bellsprout,Conkeldurr,1,1
Lokix,Stakataka,Stakataka,0,1
Paras,Rufflet,Rufflet,0,1
Stunky,Entei,Entei,0,2
Bruxish,Snivy,Bruxish,1,1
Roselia,Dracovish,Dracovish,0,2
Gorebyss,Audino,Gorebyss,1,4
Gothita,Raticate,Raticate,0,2
Noivern,Iron-Treads,Iron-Treads,0,2
Frigibax,Raichu,Raichu,0,2
Zigzagoon,Shelmet,Shelmet,0,2
Regieleki,Lickilicky,Lickilicky,0,2
Garchomp,Hoopa,Hoopa,0,1
Falinks,Bruxish,Bruxish,0,2
Tinkatuff,Xerneas,Xerneas,0,4
Wiglett,Aegislash-Shield,Aegislash-Shield,0,1
Froakie,Yamask,Froakie,1,2
Dusclops,Slugma,Dusclops,1,1
Vikavolt,Weezing,Vikavolt,1,2
Magneton,Sharpedo,Magneton,1,1
Jangmo-O,Togedemaru,Togedemaru,0,2
Jellicent-Male,Fuecoco,Jellicent-Male,1,1
Baltoy,Zacian,Zacian,0,2
Squirtle,Alakazam,Alakazam,0,1
Morpeko-Full-Belly,Dondozo,Dondozo,0,2
Walrein,Pignite,Walrein,1,2
Kabutops,Solrock,Kabutops,1,2
Omastar,Tangrowth,Tangrowth,0,1
Absol,Passimian,Passimian,0,1
Gabite,Cyclizar,Cyclizar,0,1
Woobat,Toxtricity-Amped,Toxtricity-Amped,0,1
Clefable,Carracosta,Clefable,1,3
Magcargo,Audino,Magcargo,1,4
Accelgor,Crobat,Crobat,0,1
Cofagrigus,Inteleon,Inteleon,0,2
Maschiff,Corviknight,Corviknight,0,2
Tauros,Blitzle,Tauros,1,1
Dratini,Wobbuffet,Wobbuffet,0,2
Lugia,Roggenrola,Lugia,1,1
Mimikyu-Disguised,Spinarak,Mimikyu-Disguised,1,1
Victreebel,Charizard,Charizard,0,2
Lugia,Mabosstiff,Lugia,1,4
Jynx,Hariyama,Hariyama,0,1
Corvisquire,Meditite,Corvisquire,1,1
Vespiquen,Gyarados,Gyarados,0,2
Munna,Simisage,Simisage,0,2
Necrozma,Tandemaus,Necrozma,1,1
Flareon,Serperior,Flareon,1,2
Ledyba,Chingling,Ledyba,1,2
Chespin,Sobble,Chespin,1,1
Chien-Pao,Florges,Florges,0,1
Tynamo,Pawmo,Pawmo,0,1
Petilil,Aipom,Aipom,0,2
Mr-Mime,Chewtle,Mr-Mime,1,1
Feraligatr,Cresselia,Cresselia,0,4
Flygon,Dewgong,Dewgong,0,1
Miltank,Venomoth,Miltank,1,3
Watchog,Musharna,Musharna,0,2
Bastiodon,Togetic,Bastiodon,1,2
Wurmple,Bisharp,Bisharp,0,1
Zamazenta,Zoroark,Zamazenta,1,1
Stonjourner,Maractus,Maractus,0,1
Drampa,Natu,Drampa,1,1
Ursaluna,Mew,Ursaluna,1,3
Porygon2,Piplup,Porygon2,1,2
Quaxly,Beheeyem,Beheeyem,0,1
Chimchar,Corvisquire,Corvisquire,0,2
Greedent,Impidimp,Greedent,1,1
Bellibolt,Cyndaquil,Bellibolt,1,1
Kleavor,Mudkip,Kleavor,1,1
Woobat,Drowzee,Drowzee,0,2
Meganium,Kartana,Kartana,0,2
Smoochum,Litten,Litten,0,1
Basculin-Red-Striped,Jirachi,Jirachi,0,2
Vanillite,Trumbeak,Trumbeak,0,1
Floragato,Cradily,Cradily,0,2
Goomy,Wingull,Goomy,1,1
Linoone,Clefable,Clefable,0,2
Fennekin,Chimchar,Chimchar,0,2
Iron-Hands,Rabsca,Rabsca,0,2
Annihilape,Togedemaru,Annihilape,1,1
Bouffalant,Sobble,Bouffalant,1,1
Grookey,Samurott,Samurott,0,1
Tentacruel,Tinkaton,Tinkaton,0,4
Alakazam,Delibird,Alakazam,1,1
Clobbopus,Audino,Audino,0,2
Fuecoco,Dwebble,Dwebble,0,2
Hitmonchan,Sandaconda,Sandaconda,0,2
Zacian,Luxio,Zacian,1,2
Tepig,Coalossal,Coalossal,0,1
Abomasnow,Lombre,Abomasnow,1,2
Cacnea,Trubbish,Trubbish,0,1
Omanyte,Weepinbell,Weepinbell,0,1
Clodsire,Charjabug,Clodsire,1,3
Yamask,Carnivine,Carnivine,0,2
Zebstrika,Linoone,Zebstrika,1,3
Ponyta,Pawmo,Ponyta,1,2
Reshiram,Dratini,Reshiram,1,1
Armarouge,Simipour,Simipour,0,2
Horsea,Iron-Hands,Iron-Hands,0,1
Sprigatito,Zygarde-50,Zygarde-50,0,1
Drapion,Wynaut,Drapion,1,2
Lokix,Grimmsnarl,Grimmsnarl,0,1
Panpour,Toedscool,Toedscool,0,1
Lombre,Buneary,Buneary,0,2
Raging-Bolt,Graveler,Raging-Bolt,1,1
Seaking,Wailord,Wailord,0,4
Magmar,Shieldon,Magmar,1,2
Rhyperior,Joltik,Rhyperior,1,1
Eldegoss,Chespin,Eldegoss,1,1
Nidorina,Avalugg,Avalugg,0,3
Primeape,Patrat,Primeape,1,1
Poliwhirl,Zamazenta,Zamazenta,0,2
Rotom,Forretress,Rotom,1,2
Lilligant,Castform,Lilligant,1,2
Honedge,Musharna,Musharna,0,2
Zamazenta,Azelf,Azelf,0,2
Palossand,Foongus,Palossand,1,2
Shelgon,Thievul,Thievul,0,2
Arctovish,Shroomish,Arctovish,1,1
Cascoon,Blacephalon,Blacephalon,0,1
Delphox,Clodsire,Clodsire,0,2
Cubchoo,Bagon,Cubchoo,1,1
Darkrai,Pikipek,Darkrai,1,1
Bombirdier,Yanma,Bombirdier,1,1
Metapod,Corvisquire,Corvisquire,0,1
Zacian,Snorunt,Zacian,1,2
Cursola,Morelull,Cursola,1,1
Sneasler,Empoleon,Sneasler,1,2
Skwovet,Uxie,Uxie,0,2
Baltoy,Dolliv,Dolliv,0,1
Varoom,Electrike,Varoom,1,1
Cetoddle,Hattrem,Hattrem,0,2
Magmortar,Jangmo-O,Magmortar,1,1
Gulpin,Pawmo,Pawmo,0,3
Bellossom,Phione,Bellossom,1,2
Beautifly,Armaldo,Armaldo,0,1
Maushold-Family-Of-Four,Thundurus-Incarnate,Thundurus-Incarnate,0,2
Basculin-Red-Striped,Darmanitan-Standard,Basculin-Red-Striped,1,2
Snom,Clefairy,Clefairy,0,1
Empoleon,Kricketot,Empoleon,1,1
Omastar,Mareep,Omastar,1,1
Gabite,Minun,Minun,0,1
Ogerpon,Mothim,Ogerpon,1,2
Dedenne,Golduck,Dedenne,1,2
Rhyperior,Charmeleon,Rhyperior,1,1
Rillaboom,Gossifleur,Rillaboom,1,2
Hitmonchan,Watchog,Hitmonchan,1,1
Dodrio,Ludicolo,Dodrio,1,2
Kingler,Kricketune,Kingler,1,2
Stoutland,Genesect,Genesect,0,3
Wigglytuff,Bronzong,Bronzong,0,2
Rolycoly,Flygon,Flygon,0,1
Carkol,Kecleon,Carkol,1,3
Bunnelby,Dondozo,Dondozo,0,1
Regigigas,Cubchoo,Regigigas,1,1
Manaphy,Unown,Manaphy,1,1
Surskit,Porygon2,Porygon2,0,1
Zekrom,Luxray,Zekrom,1,2
Shiinotic,Tympole,Shiinotic,1,1
Simipour,Masquerain,Simipour,1,2
Golduck,Tynamo,Golduck,1,1
Girafarig,Fearow,Fearow,0,2
Geodude,Wattrel,Wattrel,0,1
Cherubi,Flareon,Flareon,0,1
Chien-Pao,Meowth,Chien-Pao,1,1
Ting-Lu,Stoutland,Ting-Lu,1,3
Relicanth,Absol,Relicanth,1,2
Whiscash,Iron-Moth,Whiscash,1,1
Genesect,Magikarp,Genesect,1,1
Zeraora,Mareanie,Zeraora,1,1
Dragapult,Glimmet,Dragapult,1,1
Woobat,Magmortar,Magmortar,0,1
Moltres,Sawsbuck,Moltres,1,1
Delcatty,Pachirisu,Delcatty,1,3
Kangaskhan,Lombre,Kangaskhan,1,2
Lilligant,Dipplin,Lilligant,1,1
Perrserker,Swoobat,Perrserker,1,2
Charizard,Chesnaught,Charizard,1,2
Mudkip,Tangrowth,Tangrowth,0,1
Solrock,Tapu-Bulu,Tapu-Bulu,0,2
Dragalge,Ninetales,Ninetales,0,3
Dragapult,Umbreon,Umbreon,0,3
Iron-Thorns,Pawniard,Iron-Thorns,1,2
Brionne,Bramblin,Brionne,1,1
Centiskorch,Shieldon,Centiskorch,1,2
Ekans,Magcargo,Magcargo,0,1
Stonjourner,Virizion,Virizion,0,1
Growlithe,Happiny,Growlithe,1,1
Gossifleur,Pawmo,Pawmo,0,2
Komala,Rufflet,Komala,1,2
Palpitoad,Grafaiai,Grafaiai,0,2
Vullaby,Nidoran-M,Vullaby,1,2
Iron-Bundle,Wattrel,Iron-Bundle,1,1
Kyogre,Lairon,Kyogre,1,1
Cherrim,Xerneas,Xerneas,0,2
Cubchoo,Eelektross,Eelektross,0,1
Sobble,Emboar,Emboar,0,1
Kommo-O,Wynaut,Kommo-O,1,2
Altaria,Omastar,Omastar,0,2
Cetoddle,Maractus,Maractus,0,2
Entei,Dhelmise,Entei,1,2
Sinistea,Salamence,Salamence,0,1
Combusken,Scatterbug,Combusken,1,1
Annihilape,Morpeko-Full-Belly,Annihilape,1,1
Dialga,Audino,Dialga,1,3
Pyroar-Male,Beldum,Pyroar-Male,1,1
Kyogre,Dhelmise,Kyogre,1,2
Cufant,Pyukumuku,Pyukumuku,0,5
Skwovet,Zebstrika,Zebstrika,0,2
Leafeon,Dodrio,Dodrio,0,2
Hitmontop,Blitzle,Hitmontop,1,1
Luvdisc,Salamence,Salamence,0,1
Poipole,Hydrapple,Poipole,1,2
Tirtouga,Altaria,Altaria,0,2
Blaziken,Sceptile,Blaziken,1,2
Buizel,Natu,Buizel,1,1
Jynx,Mienfoo,Jynx,1,1
Appletun,Turtonator,Turtonator,0,2
Carkol,Suicune,Suicune,0,1
Fearow,Woobat,Fearow,1,2
Ribombee,Kommo-O,Ribombee,1,1
Beheeyem,Dondozo,Beheeyem,1,4
Lampent,Patrat,Lampent,1,1
Steelix,Leafeon,Steelix,1,3
Terapagos,Luxio,Terapagos,1,2
Shroodle,Flaaffy,Flaaffy,0,1
Trubbish,Frigibax,Trubbish,1,3
Pidgeotto,Kakuna,Pidgeotto,1,1
Hariyama,Shellder,Hariyama,1,1
Claydol,Croagunk,Claydol,1,1
Skarmory,Spoink,Skarmory,1,2
Regigigas,Gliscor,Regigigas,1,1
Mudbray,Cranidos,Mudbray,1,1
Dreepy,Kyurem,Kyurem,0,1
Squirtle,Budew,Budew,0,2
Dachsbun,Doublade,Doublade,0,2
Dreepy,Hippopotas,Hippopotas,0,1
Spritzee,Walrein,Walrein,0,3
Magnezone,Clefable,Magnezone,1,2
Zoroark,Exploud,Exploud,0,2
Venonat,Carbink,Carbink,0,2
Latias,Krookodile,Latias,1,2
Machamp,Lopunny,Machamp,1,1
Gumshoos,Reshiram,Reshiram,0,2
Gigalith,Scream-Tail,Scream-Tail,0,4
Cranidos,Hakamo-O,Hakamo-O,0,1
Metapod,Hitmontop,Hitmontop,0,2
Chi-Yu,Poliwag,Chi-Yu,1,1
Ursaluna,Dhelmise,Dhelmise,0,3
Manaphy,Genesect,Manaphy,1,3
Noibat,Slither-Wing,Slither-Wing,0,1
Genesect,Gible,Genesect,1,1
Shedinja,Altaria,Altaria,0,1
Beautifly,Dialga,Dialga,0,1
Basculin-Red-Striped,Vanilluxe,Vanilluxe,0,3
Landorus-Incarnate,Tyrogue,Landorus-Incarnate,1,1
Mudbray,Garchomp,Garchomp,0,2
Klink,Bellossom,Bellossom,0,3
Tirtouga,Koraidon,Koraidon,0,1
Torchic,Linoone,Linoone,0,2
Azurill,Bruxish,Bruxish,0,2
Wishiwashi-Solo,Arcanine,Arcanine,0,1
Chinchou,Garganacl,Garganacl,0,2
Overqwil,Amaura,Overqwil,1,3
Squawkabilly-Green-Plumage,Hatenna,Squawkabilly-Green-Plumage,1,1
Rattata,Koraidon,Koraidon,0,1
Staravia,Grumpig,Grumpig,0,1
Elgyem,Yanmega,Yanmega,0,1
Marowak,Yanma,Yanma,0,2
Latios,Watchog,Latios,1,2
Charcadet,Wurmple,Charcadet,1,1
Vigoroth,Honchkrow,Honchkrow,0,2
Boldore,Registeel,Registeel,0,2
Graveler,Wooper,Graveler,1,1
Pineco,Aron,Aron,0,2
Zapdos,Calyrex,Zapdos,1,2
Horsea,Celesteela,Celesteela,0,1
Ferroseed,Magearna,Magearna,0,2
Meowscarada,Victini,Victini,0,2
Cubone,Farigiraf,Farigiraf,0,1
Entei,Oricorio-Baile,Entei,1,3
Growlithe,Bombirdier,Bombirdier,0,1
Torkoal,Golisopod,Golisopod,0,2
Magcargo,Drakloak,Magcargo,1,2
Mienshao,Mandibuzz,Mandibuzz,0,2
Snom,Malamar,Malamar,0,1
Milcery,Ferroseed,Ferroseed,0,1
Oinkologne-Male,Salazzle,Oinkologne-Male,1,2
Ludicolo,Gothorita,Ludicolo,1,3
Talonflame,Clefable,Talonflame,1,4
Vanillish,Genesect,Genesect,0,1
Mightyena,Gardevoir,Gardevoir,0,1
Spidops,Pidgeot,Pidgeot,0,2
Perrserker,Growlithe,Growlithe,0,2
Sableye,Amaura,Amaura,0,2
Machamp,Hitmonlee,Machamp,1,1
Shiinotic,Tsareena,Tsareena,0,3
Growlithe,Basculin-Red-Striped,Basculin-Red-Striped,0,1
Throh,Iron-Moth,Iron-Moth,0,3
Slither-Wing,Dubwool,Slither-Wing,1,2
Whiscash,Prinplup,Whiscash,1,3
Natu,Tinkatink,Tinkatink,0,2
Appletun,Delibird,Appletun,1,1
Tapu-Koko,Nosepass,Tapu-Koko,1,2
Dugtrio,Wimpod,Dugtrio,1,1
Vibrava,Politoed,Politoed,0,1
Mareep,Vikavolt,Vikavolt,0,2
Rhyperior,Zacian,Zacian,0,3
Lumineon,Dwebble,Lumineon,1,1
Pidgeotto,Milotic,Milotic,0,1
Corviknight,Doublade,Doublade,0,4
Turtwig,Duskull,Turtwig,1,2
Houndstone,Roselia,Houndstone,1,1
Tsareena,Urshifu-Single-Strike,Urshifu-Single-Strike,0,3
Jigglypuff,Perrserker,Perrserker,0,1
Carracosta,Copperajah,Carracosta,1,4
Donphan,Igglybuff,Donphan,1,1
Chien-Pao,Dodrio,Chien-Pao,1,1
Slakoth,Vigoroth,Vigoroth,0,2
Crustle,Ariados,Crustle,1,1
Rhyperior,Magikarp,Rhyperior,1,1
Flittle,Roserade,Roserade,0,1
Pachirisu,Espathra,Espathra,0,3
Ledian,Zigzagoon,Ledian,1,2
Zeraora,Omanyte,Zeraora,1,1
Entei,Gothitelle,Entei,1,4
Rattata,Melmetal,Melmetal,0,1
Necrozma,Pawmi,Necrozma,1,1
Wormadam-Plant,Magikarp,Wormadam-Plant,1,1
Crabominable,Genesect,Genesect,0,2
Tirtouga,Ho-Oh,Tirtouga,1,2
Carkol,Starly,Carkol,1,1
Maractus,Rampardos,Maractus,1,1
Sawsbuck,Tarountula,Sawsbuck,1,1
Krokorok,Drifloon,Krokorok,1,2
Drilbur,Joltik,Drilbur,1,2
Magby,Dunsparce,Dunsparce,0,1
Jolteon,Exploud,Exploud,0,2
Absol,Machop,Machop,0,1
Gossifleur,Linoone,Linoone,0,2
Kabutops,Hippopotas,Kabutops,1,1
Capsakid,Entei,Entei,0,1
Delcatty,Floatzel,Floatzel,0,2
Tapu-Lele,Cosmog,Tapu-Lele,1,1
Rookidee,Tepig,Tepig,0,1
Flamigo,Gligar,Flamigo,1,1
Centiskorch,Silcoon,Centiskorch,1,1
Sentret,Maractus,Maractus,0,1
Maushold-Family-Of-Four,Skiddo,Maushold-Family-Of-Four,1,2
Dratini,Phione,Phione,0,1
Sunflora,Bibarel,Sunflora,1,1
Toxtricity-Amped,Scovillain,Toxtricity-Amped,1,1
Trumbeak,Farigiraf,Farigiraf,0,1
Tyranitar,Treecko,Tyranitar,1,1
Frigibax,Banette,Banette,0,2
Tsareena,Solgaleo,Solgaleo,0,2
Stantler,Nidorina,Stantler,1,3
Cubchoo,Charmeleon,Charmeleon,0,1
Lombre,Spectrier,Spectrier,0,2
Nymble,Piplup,Piplup,0,1
Blipbug,Cinccino,Cinccino,0,1
Lunatone,Milotic,Milotic,0,2
Charmander,Weedle,Charmander,1,1
Drilbur,Clobbopus,Drilbur,1,2
Azelf,Volcanion,Volcanion,0,2
Typhlosion,Weavile,Typhlosion,1,2
Eelektross,Chinchou,Eelektross,1,2
Cacturne,Aipom,Cacturne,1,2
Gholdengo,Magearna,Magearna,0,5
Conkeldurr,Capsakid,Conkeldurr,1,1
Xurkitree,Roserade,Roserade,0,2
Dubwool,Cursola,Cursola,0,3
Regigigas,Poltchageist,Regigigas,1,1
Mienshao,Gardevoir,Gardevoir,0,1
Espeon,Shedinja,Espeon,1,1
Wingull,Cubchoo,Cubchoo,0,1
Deerling,Weepinbell,Weepinbell,0,1
Mesprit,Beheeyem,Mesprit,1,4
Quaxwell,Wishiwashi-Solo,Quaxwell,1,1
Wailmer,Pidgeot,Pidgeot,0,3
Squawkabilly-Green-Plumage,Grimer,Squawkabilly-Green-Plumage,1,2
Zangoose,Bayleef,Zangoose,1,2
Snover,Gogoat,Gogoat,0,2
Darmanitan-Standard,Lycanroc-Midday,Lycanroc-Midday,0,2
Glaceon,Leafeon,Glaceon,1,1
Walrein,Rockruff,Walrein,1,1
Cinccino,Skwovet,Cinccino,1,2
Medicham,Shedinja,Medicham,1,1
Spidops,Durant,Durant,0,2
Swellow,Blissey,Swellow,1,2
Annihilape,Magby,Annihilape,1,1
Stakataka,Wimpod,Stakataka,1,1
Gastrodon,Walrein,Walrein,0,4
Cradily,Corvisquire,Cradily,1,1
Snubbull,Klinklang,Klinklang,0,1
Golisopod,Lunatone,Golisopod,1,1
Bulbasaur,Carbink,Carbink,0,2
Frillish-Male,Chingling,Frillish-Male,1,2
Prinplup,Skiddo,Skiddo,0,2
Bombirdier,Maschiff,Bombirdier,1,2
Surskit,Baltoy,Surskit,1,2
Greavard,Fletchling,Greavard,1,2
Gligar,Snom,Gligar,1,1
Zoroark,Feebas,Zoroark,1,1
Omanyte,Meowscarada,Meowscarada,0,1
Cubchoo,Seadra,Seadra,0,1
Piplup,Dragapult,Dragapult,0,1
Seedot,Poipole,Poipole,0,1
Clauncher,Furfrou,Furfrou,0,2
Espurr,Gogoat,Gogoat,0,2
Rabsca,Hydreigon,Hydreigon,0,2
Herdier,Pumpkaboo-Average,Herdier,1,3
Obstagoon,Tauros,Obstagoon,1,3
Bewear,Simisear,Bewear,1,2
Froslass,Furfrou,Froslass,1,2
Trubbish,Numel,Numel,0,1
Kubfu,Magby,Kubfu,1,1
Kakuna,Venusaur,Venusaur,0,1
Charizard,Jumpluff,Charizard,1,2
Kingambit,Volbeat,Kingambit,1,2
Yanma,Zubat,Yanma,1,1
Reshiram,Lapras,Reshiram,1,4
Ninjask,Zorua,Ninjask,1,1
Bellossom,Tirtouga,Bellossom,1,1
Zweilous,Ditto,Zweilous,1,2
Budew,Mew,Mew,0,1
Revavroom,Chansey,Revavroom,1,1
Deerling,Kadabra,Kadabra,0,1
Ledian,Delcatty,Delcatty,0,2
Xerneas,Trevenant,Xerneas,1,2
Tentacruel,Petilil,Tentacruel,1,1
Pidgeotto,Marill,Pidgeotto,1,3
Passimian,Fuecoco,Passimian,1,2
Tyranitar,Greedent,Tyranitar,1,4
Tentacool,Snom,Tentacool,1,1
Greavard,Shelmet,Greavard,1,3
Shroodle,Kangaskhan,Kangaskhan,0,1
Shiftry,Snubbull,Shiftry,1,2
Aron,Pelipper,Pelipper,0,1
Iron-Treads,Horsea,Iron-Treads,1,1
Deoxys-Normal,Flutter-Mane,Flutter-Mane,0,1
Grotle,Elgyem,Elgyem,0,2
Maushold-Family-Of-Four,Lugia,Lugia,0,3
Arctozolt,Vikavolt,Arctozolt,1,3
Eelektrik,Grubbin,Eelektrik,1,2
Carvanha,Alcremie,Alcremie,0,1
Grimmsnarl,Mesprit,Grimmsnarl,1,2
Quaxwell,Shuppet,Quaxwell,1,1
Incineroar,Maractus,Incineroar,1,2
Gyarados,Gliscor,Gyarados,1,2
Ho-Oh,Staravia,Ho-Oh,1,1
Cubone,Snubbull,Snubbull,0,2
Zoroark,Fennekin,Zoroark,1,1
Loudred,Flamigo,Flamigo,0,1
Pinsir,Oranguru,Pinsir,1,2
Gardevoir,Aromatisse,Gardevoir,1,3
Growlithe,Gothita,Growlithe,1,2
Huntail,Gothita,Huntail,1,2
Pangoro,Hitmonchan,Hitmonchan,0,2
Eelektrik,Charmeleon,Eelektrik,1,2
Iron-Moth,Iron-Jugulis,Iron-Moth,1,2
Tentacool,Magby,Magby,0,2
Budew,Charjabug,Charjabug,0,1
Tepig,Frogadier,Frogadier,0,1
Arctozolt,Chi-Yu,Chi-Yu,0,2
Tropius,Carbink,Tropius,1,3
Totodile,Shinx,Totodile,1,2
Lilligant,Pyukumuku,Lilligant,1,2
Sandy-Shocks,Glameow,Sandy-Shocks,1,1
Nidoqueen,Omanyte,Nidoqueen,1,1
Cosmog,Fraxure,Fraxure,0,1
Woobat,Wishiwashi-Solo,Woobat,1,1
Fidough,Centiskorch,Centiskorch,0,1
Rotom,Mandibuzz,Mandibuzz,0,2
Klang,Vullaby,Klang,1,2
Lucario,Vulpix,Lucario,1,1
Crabominable,Ogerpon,Crabominable,1,3
Urshifu-Single-Strike,Chimchar,Urshifu-Single-Strike,1,1
Houndoom,Numel,Houndoom,1,1
Mesprit,Butterfree,Mesprit,1,2
Caterpie,Duraludon,Duraludon,0,1
Ogerpon,Furfrou,Ogerpon,1,3
Tyranitar,Iron-Valiant,Iron-Valiant,0,1
Servine,Wigglytuff,Wigglytuff,0,2
Stoutland,Slugma,Stoutland,1,1
Rookidee,Snorunt,Snorunt,0,1
Torkoal,Cyndaquil,Torkoal,1,2
Meditite,Grapploct,Grapploct,0,1
Regirock,Gigalith,Regirock,1,5
Raichu,Binacle,Raichu,1,1
Porygon,Gothorita,Gothorita,0,3
Toxapex,Shelgon,Toxapex,1,2
Gallade,Liepard,Gallade,1,1
Appletun,Arceus,Arceus,0,2
Corvisquire,Druddigon,Druddigon,0,2
Swablu,Dottler,Swablu,1,2
Mudsdale,Dondozo,Dondozo,0,3
Sprigatito,Bellsprout,Bellsprout,0,1
Spheal,Malamar,Malamar,0,2
Combusken,Spheal,Combusken,1,1
Fennekin,Flaaffy,Flaaffy,0,2
Espathra,Kleavor,Kleavor,0,1
Luvdisc,Munna,Munna,0,2
Rookidee,Donphan,Donphan,0,1
Probopass,Veluza,Veluza,0,3
Silcoon,Watchog,Watchog,0,2
Iron-Leaves,Zekrom,Zekrom,0,3
Slowking,Ledyba,Slowking,1,1
Thwackey,Basculegion-Male,Basculegion-Male,0,2
Bellsprout,Grimer,Grimer,0,1
Metagross,Yamper,Metagross,1,2
Magneton,Haunter,Magneton,1,1
Archeops,Aipom,Archeops,1,1
Phantump,Hattrem,Hattrem,0,1
Coalossal,Rillaboom,Coalossal,1,2
Marshadow,Nymble,Marshadow,1,1
Combusken,Hydreigon,Hydreigon,0,2
Moltres,Alakazam,Moltres,1,1
Chikorita,Charcadet,Chikorita,1,2
Kingambit,Rampardos,Kingambit,1,1
Lycanroc-Midday,Grookey,Lycanroc-Midday,1,1
Dedenne,Yungoos,Dedenne,1,1
Gothorita,Blacephalon,Blacephalon,0,1
Sandy-Shocks,Arctozolt,Sandy-Shocks,1,2
Cradily,Hoopa,Hoopa,0,2
Munkidori,Cubone,Munkidori,1,1
Omastar,Bruxish,Bruxish,0,3
Dodrio,Arctovish,Arctovish,0,1
Weepinbell,Meltan,Weepinbell,1,2
Ampharos,Palkia,Palkia,0,3
Claydol,Meowth,Claydol,1,1
Mr-Mime,Appletun,Mr-Mime,1,2
Bayleef,Girafarig,Girafarig,0,2
Pawmot,Persian,Pawmot,1,1
Aegislash-Shield,Shinx,Aegislash-Shield,1,2
Geodude,Bidoof,Bidoof,0,1
Togetic,Purugly,Purugly,0,3
Doduo,Scovillain,Scovillain,0,1
Latias,Electivire,Latias,1,3
Sealeo,Togepi,Sealeo,1,2
Yamper,Smeargle,Yamper,1,3
Sandaconda,Tyrantrum,Sandaconda,1,2
Latias,Blacephalon,Latias,1,2
Dusknoir,Growlithe,Dusknoir,1,2
Mantine,Zarude,Zarude,0,3
Serperior,Wobbuffet,Serperior,1,6
Kabutops,Cyndaquil,Kabutops,1,1
Rowlet,Latios,Latios,0,1
Ariados,Zigzagoon,Ariados,1,1
Anorith,Togedemaru,Togedemaru,0,1
Blipbug,Swablu,Swablu,0,1
Gouging-Fire,Vigoroth,Gouging-Fire,1,3
Burmy,Incineroar,Incineroar,0,1
Fearow,Monferno,Fearow,1,1
Oricorio-Baile,Ogerpon,Oricorio-Baile,1,2
Melmetal,Electabuzz,Melmetal,1,2
Pheromosa,Dottler,Pheromosa,1,1
Salamence,Aipom,Salamence,1,1
Grookey,Mienshao,Mienshao,0,1
Basculin-Red-Striped,Squawkabilly-Green-Plumage,Basculin-Red-Striped,1,2
Yanma,Arctozolt,Arctozolt,0,1
Forretress,Wyrdeer,Forretress,1,2
Swanna,Stonjourner,Swanna,1,1
Mareanie,Gimmighoul,Mareanie,1,3
Jirachi,Diancie,Jirachi,1,1
Whismur,Regirock,Regirock,0,1
Tyrantrum,Fomantis,Tyrantrum,1,1
Seviper,Cottonee,Seviper,1,1
Staryu,Bonsly,Staryu,1,1
Krokorok,Ducklett,Ducklett,0,2
Tauros,Wishiwashi-Solo,Tauros,1,1
Crawdaunt,Fidough,Crawdaunt,1,1
Rayquaza,Brambleghast,Rayquaza,1,1
Qwilfish,Cosmoem,Qwilfish,1,3
Garganacl,Wailord,Wailord,0,3
Manectric,Froakie,Manectric,1,1
Ambipom,Shaymin-Land,Shaymin-Land,0,2
Roaring-Moon,Tadbulb,Roaring-Moon,1,2
Archaludon,Hoppip,Archaludon,1,1
Tepig,Orthworm,Tepig,1,2
Pancham,Swanna,Swanna,0,1
Magnemite,Grookey,Magnemite,1,1
Gastrodon,Toxel,Gastrodon,1,1
Latios,Gumshoos,Latios,1,2
Dunsparce,Eternatus,Eternatus,0,2
Dunsparce,Terrakion,Terrakion,0,2
Centiskorch,Sudowoodo,Sudowoodo,0,1
Nymble,Bayleef,Bayleef,0,1
Tyrantrum,Nidorina,Tyrantrum,1,2
Lickitung,Goomy,Lickitung,1,2
Ekans,Scream-Tail,Scream-Tail,0,1
Glastrier,Torkoal,Torkoal,0,3
Braixen,Luvdisc,Luvdisc,0,2
Slither-Wing,Lairon,Slither-Wing,1,1
Brionne,Cranidos,Brionne,1,1
Vanillish,Cloyster,Cloyster,0,1
Houndstone,Toedscruel,Houndstone,1,3
Gloom,Barraskewda,Gloom,1,1
Riolu,Deoxys-Normal,Deoxys-Normal,0,1
Dhelmise,Tirtouga,Dhelmise,1,1
Dodrio,Vaporeon,Vaporeon,0,1
Torterra,Roaring-Moon,Roaring-Moon,0,3
Genesect,Iron-Hands,Iron-Hands,0,2
Stunky,Rampardos,Rampardos,0,1
Greavard,Amaura,Amaura,0,2
Watchog,Iron-Crown,Iron-Crown,0,2
Natu,Urshifu-Single-Strike,Urshifu-Single-Strike,0,1
Spidops,Meditite,Spidops,1,1
Shieldon,Krabby,Krabby,0,2
Spectrier,Starmie,Spectrier,1,2
Wugtrio,Slither-Wing,Slither-Wing,0,1
Wimpod,Quaxwell,Quaxwell,0,1
Gumshoos,Tinkatink,Gumshoos,1,2
Toxapex,Electivire,Electivire,0,2
Pawmot,Pineco,Pawmot,1,1
Poliwag,Slaking,Slaking,0,1
Drifblim,Oshawott,Drifblim,1,2
Solgaleo,Bewear,Solgaleo,1,2
Forretress,Clodsire,Forretress,1,4
Goldeen,Meowth,Goldeen,1,2
Talonflame,Gallade,Talonflame,1,2
Banette,Oddish,Banette,1,1
Igglybuff,Gothita,Gothita,0,2
Eiscue-Ice,Mankey,Mankey,0,2
Trapinch,Shelmet,Shelmet,0,2
Basculegion-Male,Donphan,Basculegion-Male,1,2
Petilil,Bonsly,Petilil,1,1
Rayquaza,Drednaw,Rayquaza,1,2
Talonflame,Pansear,Talonflame,1,2
Skiddo,Starmie,Starmie,0,2
Munna,Forretress,Forretress,0,1
Bastiodon,Dedenne,Bastiodon,1,3
Girafarig,Persian,Girafarig,1,2
Bastiodon,Dartrix,Bastiodon,1,2
Golurk,Torracat,Golurk,1,1
Keldeo-Ordinary,Comfey,Keldeo-Ordinary,1,2
Kirlia,Oshawott,Kirlia,1,2
Gastly,Dustox,Dustox,0,2
Qwilfish,Pansage,Qwilfish,1,1
Munchlax,Nidoqueen,Nidoqueen,0,3
Tropius,Seadra,Tropius,1,1
Pidove,Mawile,Mawile,0,1
Swalot,Reuniclus,Reuniclus,0,2
Beautifly,Carvanha,Beautifly,1,1
Raboot,Mandibuzz,Mandibuzz,0,3
Finneon,Braviary,Braviary,0,1
Diancie,Metang,Metang,0,1
Exploud,Chandelure,Chandelure,0,3
Slowpoke,Scraggy,Scraggy,0,3
Dhelmise,Sandslash,Dhelmise,1,1
Ferroseed,Dewpider,Ferroseed,1,3
Claydol,Snom,Claydol,1,1
Mesprit,Banette,Mesprit,1,2
Tarountula,Graveler,Graveler,0,1
Eelektrik,Skorupi,Eelektrik,1,2
Sandy-Shocks,Foongus,Sandy-Shocks,1,1
Gouging-Fire,Oshawott,Gouging-Fire,1,2
Bewear,Pawmi,Bewear,1,1
Crustle,Numel,Crustle,1,1
Banette,Roaring-Moon,Roaring-Moon,0,2
Tropius,Butterfree,Tropius,1,1
Turtonator,Seel,Turtonator,1,2
Slowpoke,Weavile,Weavile,0,2
Doduo,Mothim,Doduo,1,1
Basculegion-Male,Farigiraf,Farigiraf,0,4
Mareanie,Duosion,Duosion,0,1
Mesprit,Ho-Oh,Ho-Oh,0,3
Shelgon,Morgrem,Morgrem,0,1
Swellow,Iron-Hands,Iron-Hands,0,2
Drifloon,Scizor,Scizor,0,1
Marill,Bagon,Marill,1,2
Moltres,Metagross,Moltres,1,2
Inkay,Arctovish,Arctovish,0,2
Blitzle,Spectrier,Spectrier,0,1
Solrock,Pansage,Solrock,1,2
Rufflet,Emboar,Emboar,0,2
Charmander,Tarountula,Charmander,1,1
Mismagius,Piloswine,Piloswine,0,2
Unfezant,Grumpig,Unfezant,1,2
Golduck,Jynx,Golduck,1,2
Roselia,Maschiff,Roselia,1,2
Gorebyss,Corsola,Gorebyss,1,3
Kommo-O,Bonsly,Kommo-O,1,1
Togepi,Pansage,Pansage,0,2
Prinplup,Frigibax,Prinplup,1,3
Litten,Baltoy,Baltoy,0,1
Phione,Exploud,Exploud,0,3
Flygon,Seadra,Flygon,1,2
Lycanroc-Midday,Slurpuff,Lycanroc-Midday,1,3
Cloyster,Conkeldurr,Conkeldurr,0,2
Staravia,Ludicolo,Ludicolo,0,1
Glameow,Necrozma,Necrozma,0,1
Alakazam,Wiglett,Alakazam,1,1
Raticate,Decidueye,Decidueye,0,2
Talonflame,Palafin-Zero,Palafin-Zero,0,2
Metapod,Sharpedo,Sharpedo,0,1
Ting-Lu,Gossifleur,Ting-Lu,1,2
Throh,Bronzong,Throh,1,3
Popplio,Cubone,Popplio,1,1
Koffing,Iron-Moth,Iron-Moth,0,1
Lickitung,Maschiff,Lickitung,1,3
Empoleon,Wartortle,Empoleon,1,4
Finneon,Hawlucha,Hawlucha,0,2
Gulpin,Barbaracle,Barbaracle,0,2
Shedinja,Swirlix,Swirlix,0,1
Great-Tusk,Tirtouga,Great-Tusk,1,1
Arrokuda,Machop,Machop,0,1
Cloyster,Tangrowth,Tangrowth,0,1
Clobbopus,Bellibolt,Bellibolt,0,2
Tangela,Espathra,Espathra,0,1
Rockruff,Veluza,Veluza,0,1
Doduo,Cyclizar,Cyclizar,0,1
Doduo,Shroodle,Doduo,1,1
Noctowl,Inteleon,Inteleon,0,3
Graveler,Gliscor,Gliscor,0,2
Pawmot,Dunsparce,Pawmot,1,2
Sableye,Walking-Wake,Walking-Wake,0,2
Spiritomb,Crocalor,Spiritomb,1,2
Munkidori,Pupitar,Munkidori,1,2
Foongus,Empoleon,Empoleon,0,1
Chimchar,Porygon,Porygon,0,2
Thwackey,Pumpkaboo-Average,Thwackey,1,2
Eiscue-Ice,Spritzee,Eiscue-Ice,1,4
Hakamo-O,Jynx,Jynx,0,1
Leafeon,Skrelp,Leafeon,1,2
Kingambit,Scovillain,Scovillain,0,2
Pawniard,Kubfu,Kubfu,0,1
Slaking,Dottler,Slaking,1,2
Gigalith,Glaceon,Gigalith,1,2
Maractus,Alakazam,Alakazam,0,2
Vanillish,Froakie,Vanillish,1,2
Dudunsparce-Two-Segment,Jirachi,Jirachi,0,4
Starly,Latias,Latias,0,1
Latias,Sandaconda,Latias,1,2
Trapinch,Happiny,Trapinch,1,1
Grafaiai,Dragalge,Dragalge,0,2
Duosion,Whirlipede,Duosion,1,1
Rapidash,Scizor,Rapidash,1,1
Arceus,Scyther,Arceus,1,2
Iron-Thorns,Hitmonlee,Hitmonlee,0,2
Weezing,Haunter,Weezing,1,2
Kartana,Timburr,Kartana,1,1
Salazzle,Torracat,Salazzle,1,2
Litleo,Togekiss,Togekiss,0,3
Guzzlord,Mudbray,Guzzlord,1,2
Yungoos,Milotic,Milotic,0,1
Smoochum,Kangaskhan,Kangaskhan,0,1
Bronzor,Paras,Bronzor,1,3
Lucario,Palafin-Zero,Lucario,1,3
Frigibax,Ninjask,Ninjask,0,2
Alakazam,Seadra,Alakazam,1,1
Volcarona,Carvanha,Volcarona,1,1
Probopass,Combusken,Combusken,0,1
Sprigatito,Wigglytuff,Wigglytuff,0,1
Samurott,Meowstic-Male,Samurott,1,3
Greninja,Phantump,Greninja,1,1
Hawlucha,Regigigas,Regigigas,0,2
Magmortar,Swadloon,Magmortar,1,1
Honchkrow,Monferno,Honchkrow,1,1
Prinplup,Overqwil,Overqwil,0,2
Rellor,Gligar,Gligar,0,1
Tsareena,Jellicent-Male,Jellicent-Male,0,3
Furfrou,Clamperl,Furfrou,1,2
Snorunt,Staravia,Snorunt,1,1
Pansage,Lumineon,Lumineon,0,2
Rillaboom,Prinplup,Rillaboom,1,2
Kricketot,Quaquaval,Quaquaval,0,1
Regigigas,Bergmite,Regigigas,1,2
Gourgeist-Average,Incineroar,Incineroar,0,2
Huntail,Roserade,Roserade,0,1
Manaphy,Furret,Manaphy,1,2
Squawkabilly-Green-Plumage,Arctozolt,Arctozolt,0,1
Panpour,Golduck,Golduck,0,2
Registeel,Komala,Registeel,1,3
Duskull,Grubbin,Grubbin,0,2
Abomasnow,Ivysaur,Abomasnow,1,2
Fidough,Brionne,Brionne,0,1
Luvdisc,Kyurem,Kyurem,0,1
Azumarill,Boltund,Boltund,0,2
Patrat,Chansey,Patrat,1,1
Gothita,Seaking,Seaking,0,2
Pancham,Swirlix,Swirlix,0,2
Marshtomp,Mime-Jr,Marshtomp,1,1
Croagunk,Appletun,Appletun,0,1
Pineco,Pheromosa,Pheromosa,0,1
Piloswine,Delibird,Piloswine,1,2
Chingling,Trapinch,Chingling,1,1
Ferroseed,Eelektrik,Eelektrik,0,3
Squawkabilly-Green-Plumage,Runerigus,Runerigus,0,3
Oddish,Stonjourner,Stonjourner,0,1
Venipede,Blitzle,Blitzle,0,1
Rhyhorn,Guzzlord,Guzzlord,0,1
Lickilicky,Charmander,Lickilicky,1,1
Steelix,Jynx,Steelix,1,1
Druddigon,Magnezone,Magnezone,0,2
Orthworm,Cubchoo,Orthworm,1,1
Honedge,Magearna,Magearna,0,2
Genesect,Iron-Thorns,Iron-Thorns,0,2
Sandslash,Diancie,Sandslash,1,2
Oranguru,Torchic,Oranguru,1,1
Unown,Armaldo,Armaldo,0,1
Drifblim,Stoutland,Drifblim,1,4
Pidgeotto,Kingler,Kingler,0,2
Cetoddle,Espathra,Espathra,0,2
Mudkip,Cinccino,Cinccino,0,2
Castform,Decidueye,Decidueye,0,2
Relicanth,Whismur,Relicanth,1,1
Bastiodon,Excadrill,Excadrill,0,1
Garchomp,Bidoof,Garchomp,1,1
Marowak,Caterpie,Marowak,1,2
Pichu,Hydreigon,Hydreigon,0,1
Mudkip,Magmar,Magmar,0,2
Teddiursa,Beedrill,Beedrill,0,2
Klefki,Kangaskhan,Klefki,1,4
Zacian,Skiddo,Zacian,1,2
Banette,Raichu,Raichu,0,2
Cloyster,Huntail,Huntail,0,2
Hitmonlee,Flygon,Flygon,0,2
Breloom,Electrike,Breloom,1,1
Tauros,Sunflora,Tauros,1,2
Liepard,Voltorb,Liepard,1,1
Crabominable,Golbat,Golbat,0,2
Gastly,Toedscruel,Toedscruel,0,1
Charmander,Sandshrew,Charmander,1,1
Ninjask,Sylveon,Sylveon,0,1
Morpeko-Full-Belly,Bisharp,Bisharp,0,2
Azurill,Binacle,Binacle,0,2
Skiploom,Arctozolt,Arctozolt,0,1
Golurk,Kadabra,Golurk,1,1
Crabrawler,Bellibolt,Bellibolt,0,1
Thundurus-Incarnate,Spewpa,Thundurus-Incarnate,1,1
Tapu-Fini,Blipbug,Tapu-Fini,1,1
Gabite,Chewtle,Gabite,1,2
Bastiodon,Bunnelby,Bastiodon,1,2
Bastiodon,Clefairy,Bastiodon,1,2
Brionne,Wishiwashi-Solo,Brionne,1,1
Zangoose,Surskit,Zangoose,1,1
Toxel,Maractus,Maractus,0,1
Whirlipede,Minun,Minun,0,2
Gothorita,Drowzee,Gothorita,1,4
Iron-Bundle,Incineroar,Iron-Bundle,1,2
Dwebble,Regidrago,Regidrago,0,1
Makuhita,Ivysaur,Ivysaur,0,2
Starly,Sentret,Starly,1,1
Sealeo,Sneasel,Sealeo,1,1
Mankey,Scorbunny,Mankey,1,1
Charcadet,Volbeat,Volbeat,0,2
Mankey,Rockruff,Mankey,1,1
Steenee,Flamigo,Flamigo,0,1
Electrike,Ariados,Ariados,0,1
Mareep,Lokix,Lokix,0,1
Ludicolo,Quaquaval,Quaquaval,0,2
Machop,Burmy,Machop,1,2
Mareep,Cloyster,Mareep,1,1
Ambipom,Ursaluna,Ursaluna,0,2
Huntail,Mime-Jr,Huntail,1,1
Simisage,Wo-Chien,Wo-Chien,0,2
Talonflame,Flittle,Talonflame,1,1
Komala,Okidogi,Okidogi,0,1
Squawkabilly-Green-Plumage,Melmetal,Melmetal,0,2
Nincada,Zoroark,Zoroark,0,1
Pineco,Pidgeot,Pidgeot,0,2
Donphan,Furfrou,Donphan,1,2
Seviper,Scyther,Scyther,0,2
Gigalith,Seedot,Gigalith,1,1
Klang,Pheromosa,Pheromosa,0,1
Cottonee,Melmetal,Melmetal,0,1
Buzzwole,Crobat,Crobat,0,2
Drifblim,Druddigon,Drifblim,1,3
Thievul,Leavanny,Leavanny,0,1
Charmander,Quaquaval,Quaquaval,0,1
Overqwil,Spoink,Overqwil,1,1
Morelull,Maushold-Family-Of-Four,Maushold-Family-Of-Four,0,2
Salandit,Purrloin,Salandit,1,1
Coalossal,Raging-Bolt,Raging-Bolt,0,3
Slaking,Dewott,Slaking,1,2
Garchomp,Vibrava,Garchomp,1,1
Cufant,Klawf,Cufant,1,2
Cutiefly,Maractus,Maractus,0,1
Slugma,Diggersby,Diggersby,0,1
Bastiodon,Flapple,Bastiodon,1,2
Cufant,Pangoro,Pangoro,0,1
Luvdisc,Kingdra,Kingdra,0,2
Nidoran-M,Fletchinder,Fletchinder,0,2
Gigalith,Dolliv,Gigalith,1,1
Rhyperior,Snivy,Rhyperior,1,1
Onix,Maschiff,Maschiff,0,2
Landorus-Incarnate,Solgaleo,Solgaleo,0,1
Qwilfish,Solgaleo,Solgaleo,0,1
Golisopod,Vileplume,Vileplume,0,3
Rabsca,Krabby,Rabsca,1,1
Hitmontop,Mudbray,Mudbray,0,2
Goodra,Trapinch,Goodra,1,1
Axew,Cherubi,Cherubi,0,1
Pidove,Zubat,Pidove,1,1
Sliggoo,Bruxish,Bruxish,0,3
Loudred,Eelektrik,Eelektrik,0,2
Kartana,Cramorant,Kartana,1,2
Pawniard,Dewott,Dewott,0,1
Hawlucha,Zacian,Zacian,0,2
Galvantula,Raikou,Raikou,0,3
Roaring-Moon,Golisopod,Golisopod,0,2
Skitty,Purrloin,Purrloin,0,2
Kangaskhan,Magnezone,Magnezone,0,3
Bunnelby,Ferrothorn,Ferrothorn,0,1
Beartic,Spewpa,Beartic,1,1
Oddish,Ferroseed,Ferroseed,0,2
Pawmot,Aegislash-Shield,Aegislash-Shield,0,4
Vikavolt,Heatran,Heatran,0,1
Varoom,Urshifu-Single-Strike,Urshifu-Single-Strike,0,1
Cranidos,Teddiursa,Cranidos,1,2
Squirtle,Gallade,Gallade,0,1
Wooper,Greninja,Greninja,0,1
Tyrantrum,Shuppet,Tyrantrum,1,1
Meowscarada,Scraggy,Meowscarada,1,2
Spiritomb,Helioptile,Spiritomb,1,1
Quaquaval,Sawk,Quaquaval,1,2
Sigilyph,Farigiraf,Farigiraf,0,2
Yamper,Kingambit,Kingambit,0,2
Archen,Pidgey,Archen,1,1
Spoink,Weedle,Spoink,1,1
Sirfetchd,Cutiefly,Sirfetchd,1,1
Corsola,Poltchageist,Poltchageist,0,1
Frillish-Male,Meltan,Frillish-Male,1,2
Meganium,Terrakion,Meganium,1,2
Spoink,Rillaboom,Rillaboom,0,2
Tornadus-Incarnate,Pancham,Tornadus-Incarnate,1,1
Sandaconda,Miltank,Miltank,0,4
Escavalier,Kabutops,Escavalier,1,2
Gliscor,Sneasler,Gliscor,1,1
Typhlosion,Simisear,Simisear,0,4
Infernape,Mightyena,Infernape,1,1
Gothitelle,Sharpedo,Sharpedo,0,2
Zoroark,Mabosstiff,Mabosstiff,0,2
Qwilfish,Drapion,Drapion,0,3
Espurr,Combusken,Espurr,1,2
Spiritomb,Glimmet,Spiritomb,1,1
Chimecho,Miltank,Miltank,0,3
Morpeko-Full-Belly,Drednaw,Morpeko-Full-Belly,1,2
Shiinotic,Weavile,Shiinotic,1,2
Mareanie,Sealeo,Sealeo,0,3
Dusknoir,Scizor,Scizor,0,2
Seadra,Flabebe,Seadra,1,2
Klinklang,Tatsugiri-Curly,Tatsugiri-Curly,0,2
Zarude,Coalossal,Coalossal,0,3
Whirlipede,Oshawott,Whirlipede,1,2
Rabsca,Spinda,Rabsca,1,2
Wugtrio,Wooloo,Wugtrio,1,2
Azumarill,Skrelp,Skrelp,0,3
Celesteela,Swoobat,Celesteela,1,2
Dustox,Swampert,Swampert,0,2
Cofagrigus,Zweilous,Zweilous,0,2
Jolteon,Munkidori,Munkidori,0,2
Zebstrika,Orthworm,Zebstrika,1,3
Sandshrew,Hatterene,Hatterene,0,1
Emboar,Karrablast,Emboar,1,1
Sunkern,Oddish,Oddish,0,1
Calyrex,Tadbulb,Calyrex,1,2
Slowking,Gabite,Slowking,1,1
Smoochum,Roaring-Moon,Roaring-Moon,0,1
Gligar,Exeggutor,Exeggutor,0,1
Throh,Gastly,Throh,1,3
Karrablast,Pheromosa,Pheromosa,0,1
Cetoddle,Sudowoodo,Sudowoodo,0,1
Lunala,Pignite,Lunala,1,1
Bronzor,Flareon,Flareon,0,2
Magearna,Primarina,Magearna,1,3
Pidgeot,Drifblim,Drifblim,0,2
Porygon2,Meowstic-Male,Porygon2,1,3
Relicanth,Absol,Relicanth,1,2
Sawsbuck,Arctibax,Arctibax,0,2
Yungoos,Glameow,Glameow,0,1
Sizzlipede,Keldeo-Ordinary,Keldeo-Ordinary,0,1
Tinkatink,Sandaconda,Sandaconda,0,1
Grapploct,Seel,Grapploct,1,2
Yamask,Marill,Marill,0,5
Vileplume,Bayleef,Vileplume,1,2
Munna,Cubchoo,Munna,1,2
Seismitoad,Glastrier,Glastrier,0,4
Ekans,Durant,Durant,0,1
Hitmonchan,Kingdra,Kingdra,0,3
Lumineon,Ledian,Lumineon,1,3
Sandshrew,Walrein,Walrein,0,1
Dewgong,Tauros,Tauros,0,3
Anorith,Scovillain,Anorith,1,1
Scizor,Toucannon,Scizor,1,2
Drilbur,Nickit,Drilbur,1,1
Venomoth,Gorebyss,Gorebyss,0,2
Dodrio,Morpeko-Full-Belly,Dodrio,1,2
Nihilego,Sirfetchd,Sirfetchd,0,2
Smoochum,Tentacruel,Tentacruel,0,1
Zorua,Sawsbuck,Sawsbuck,0,1
Remoraid,Sandile,Remoraid,1,1
Buneary,Fraxure,Fraxure,0,2
Basculin-Red-Striped,Ting-Lu,Ting-Lu,0,2
Walrein,Shuckle,Walrein,1,1
Zarude,Numel,Zarude,1,2
Shedinja,Weavile,Weavile,0,1
Roselia,Grapploct,Grapploct,0,2
Ogerpon,Kricketot,Ogerpon,1,1
Rotom,Regirock,Regirock,0,2
Sneasler,Pangoro,Sneasler,1,2
Woobat,Loudred,Loudred,0,2
Torchic,Tapu-Bulu,Tapu-Bulu,0,1
Barboach,Fidough,Barboach,1,2
Scovillain,Trapinch,Scovillain,1,1
Krabby,Togedemaru,Togedemaru,0,1
Morgrem,Chien-Pao,Chien-Pao,0,2
Slurpuff,Miltank,Miltank,0,4
Drednaw,Diggersby,Diggersby,0,3
Swanna,Wynaut,Swanna,1,2
Appletun,Horsea,Appletun,1,1
Wishiwashi-Solo,Rellor,Rellor,0,1
Meganium,Cursola,Cursola,0,2
Murkrow,Crawdaunt,Crawdaunt,0,1
Cubone,Houndoom,Houndoom,0,1
Iron-Hands,Makuhita,Iron-Hands,1,1
Drampa,Ledyba,Drampa,1,1
Torterra,Elgyem,Torterra,1,2
Meganium,Lanturn,Meganium,1,3
Riolu,Torkoal,Torkoal,0,1
Suicune,Zebstrika,Zebstrika,0,3
Iron-Leaves,Palossand,Iron-Leaves,1,2
Staraptor,Flygon,Staraptor,1,2
Psyduck,Deino,Psyduck,1,2
Cubchoo,Paras,Cubchoo,1,1
Trapinch,Chi-Yu,Chi-Yu,0,1
Zarude,Simisage,Zarude,1,3
Slugma,Drampa,Drampa,0,1
Bibarel,Electivire,Electivire,0,1
Haxorus,Kyogre,Kyogre,0,2
Gholdengo,Budew,Gholdengo,1,1
Scorbunny,Cleffa,Scorbunny,1,2
Magcargo,Zigzagoon,Magcargo,1,1
Snubbull,Ceruledge,Ceruledge,0,1
Toucannon,Swadloon,Toucannon,1,1
Mew,Ludicolo,Mew,1,4
Weavile,Pangoro,Pangoro,0,1
Loudred,Hakamo-O,Hakamo-O,0,2
Golisopod,Sneasler,Golisopod,1,3
Chingling,Jirachi,Jirachi,0,1
Dracozolt,Roselia,Dracozolt,1,2
Iron-Thorns,Hippowdon,Hippowdon,0,2
Boldore,Nickit,Boldore,1,1
Guzzlord,Zubat,Guzzlord,1,1
Garchomp,Zeraora,Garchomp,1,1
Glameow,Kricketot,Glameow,1,2
Kyogre,Hoppip,Kyogre,1,1
Sneasler,Tentacool,Sneasler,1,1
Dipplin,Purrloin,Dipplin,1,1
Gligar,Seedot,Gligar,1,1
Voltorb,Psyduck,Voltorb,1,1
Lunatone,Grimer,Lunatone,1,1
Silcoon,Golem,Golem,0,1
Dartrix,Melmetal,Melmetal,0,1
Whirlipede,Komala,Komala,0,2
Ariados,Mimikyu-Disguised,Ariados,1,2
Glastrier,Zigzagoon,Glastrier,1,1
Dreepy,Honedge,Honedge,0,1
Glalie,Corvisquire,Glalie,1,1
Machoke,Garganacl,Machoke,1,3
Jigglypuff,Eevee,Eevee,0,2
Skarmory,Silcoon,Skarmory,1,1
Zygarde-50,Aggron,Zygarde-50,1,2
Wyrdeer,Palafin-Zero,Wyrdeer,1,3
Aggron,Mareep,Aggron,1,1
Rhyperior,Azelf,Azelf,0,2
Maschiff,Silvally,Silvally,0,2
Blipbug,Carvanha,Carvanha,0,1
Tandemaus,Moltres,Moltres,0,1
Primarina,Houndstone,Houndstone,0,3
Poipole,Rayquaza,Rayquaza,0,2
Carracosta,Iron-Moth,Carracosta,1,1
Drifloon,Swanna,Swanna,0,2
Drilbur,Pawmi,Drilbur,1,1
Brionne,Shroodle,Brionne,1,1
Piplup,Pyukumuku,Pyukumuku,0,3
Charjabug,Cacturne,Charjabug,1,1
Baxcalibur,Jynx,Baxcalibur,1,1
Poliwag,Tirtouga,Tirtouga,0,1
Kingambit,Bastiodon,Kingambit,1,3
Mamoswine,Dewpider,Mamoswine,1,1
Swadloon,Kecleon,Kecleon,0,3
Pansear,Slurpuff,Slurpuff,0,2
Throh,Squawkabilly-Green-Plumage,Throh,1,2
Roggenrola,Togepi,Togepi,0,2
Landorus-Incarnate,Zarude,Zarude,0,2
Torracat,Arrokuda,Torracat,1,2
Stakataka,Gastly,Stakataka,1,1
Exeggcute,Raticate,Raticate,0,2
Lapras,Oinkologne-Male,Lapras,1,3
Tinkaton,Krokorok,Tinkaton,1,1
Rowlet,Goldeen,Rowlet,1,1
Klinklang,Kubfu,Klinklang,1,2
Electrike,Throh,Throh,0,1
Ho-Oh,Dewgong,Ho-Oh,1,3
Furret,Krabby,Furret,1,2
Swellow,Mienshao,Swellow,1,1
Passimian,Registeel,Passimian,1,2
Squirtle,Toxapex,Toxapex,0,2
Spewpa,Mienfoo,Mienfoo,0,2
Flygon,Honedge,Flygon,1,1
Tyrunt,Brambleghast,Brambleghast,0,1
Crabominable,Arboliva,Crabominable,1,2
Houndstone,Yungoos,Houndstone,1,1
Hippowdon,Pheromosa,Pheromosa,0,2
Taillow,Fennekin,Fennekin,0,1
Coalossal,Ambipom,Coalossal,1,3
Pancham,Suicune,Suicune,0,2
Nacli,Loudred,Loudred,0,2
Yungoos,Arctozolt,Arctozolt,0,1
Cascoon,Scolipede,Scolipede,0,2
Weavile,Caterpie,Weavile,1,1
Eelektrik,Mewtwo,Mewtwo,0,2
Amoonguss,Croconaw,Amoonguss,1,2
Oricorio-Baile,Pelipper,Pelipper,0,2
Elekid,Solrock,Solrock,0,1
Stantler,Zorua,Stantler,1,1
Clodsire,Meowstic-Male,Clodsire,1,3
Magby,Kecleon,Kecleon,0,1
Falinks,Coalossal,Coalossal,0,2
Glastrier,Seadra,Glastrier,1,3
Spinda,Eelektrik,Eelektrik,0,2
Slaking,Zacian,Slaking,1,3
Mewtwo,Chi-Yu,Chi-Yu,0,2
Pidgeotto,Bronzong,Bronzong,0,2
Yamask,Fezandipiti,Fezandipiti,0,2
Drakloak,Archaludon,Archaludon,0,1
Croconaw,Guzzlord,Guzzlord,0,2
Clawitzer,Loudred,Clawitzer,1,2
Durant,Cubone,Durant,1,2
Smeargle,Salamence,Salamence,0,1
Mewtwo,Elekid,Mewtwo,1,1
Infernape,Natu,Infernape,1,1
Chikorita,Nidoran-F,Nidoran-F,0,2
Archaludon,Lechonk,Archaludon,1,1
Meganium,Metang,Metang,0,4
Samurott,Corviknight,Samurott,1,4
Suicune,Sharpedo,Suicune,1,3
Corsola,Carvanha,Corsola,1,1
Drapion,Simisage,Drapion,1,2
Jumpluff,Clawitzer,Clawitzer,0,1
Gardevoir,Cherubi,Gardevoir,1,1
Tyrunt,Kakuna,Tyrunt,1,1
Basculin-Red-Striped,Grovyle,Grovyle,0,1
Pawmo,Dipplin,Pawmo,1,2
Breloom,Scraggy,Breloom,1,1
Floatzel,Iron-Bundle,Iron-Bundle,0,3
Koraidon,Milcery,Koraidon,1,1
Shuckle,Zarude,Zarude,0,3
Slither-Wing,Misdreavus,Slither-Wing,1,3
Meltan,Orthworm,Orthworm,0,3
Meltan,Polteageist,Polteageist,0,2
Kricketune,Annihilape,Annihilape,0,2
Fomantis,Munna,Munna,0,1
Jangmo-O,Typhlosion,Typhlosion,0,1
Tepig,Baxcalibur,Baxcalibur,0,2
Scolipede,Croconaw,Scolipede,1,2
Combusken,Obstagoon,Obstagoon,0,2
Lycanroc-Midday,Grumpig,Lycanroc-Midday,1,2
Kabuto,Snover,Kabuto,1,1
Dachsbun,Herdier,Dachsbun,1,4
Cresselia,Corphish,Cresselia,1,1
Shiinotic,Gulpin,Gulpin,0,1
Azelf,Ralts,Azelf,1,1
Finizen,Espathra,Espathra,0,2
Slugma,Furret,Furret,0,1
Nidoran-F,Obstagoon,Obstagoon,0,2
Cyclizar,Zubat,Cyclizar,1,1
Corsola,Jigglypuff,Corsola,1,2
Bellibolt,Hariyama,Hariyama,0,4
Blacephalon,Porygon2,Blacephalon,1,3
Shroomish,Gible,Shroomish,1,1
Regidrago,Jigglypuff,Regidrago,1,2
Polteageist,Gurdurr,Polteageist,1,2
Granbull,Pecharunt,Pecharunt,0,2
Lilligant,Tympole,Lilligant,1,1
Oricorio-Baile,Tapu-Bulu,Oricorio-Baile,1,2
Drilbur,Bellibolt,Bellibolt,0,1
Kangaskhan,Garbodor,Kangaskhan,1,3
Toedscool,Remoraid,Toedscool,1,1
Rockruff,Ursaring,Ursaring,0,2
Dragonair,Raboot,Raboot,0,3
Chesnaught,Shinx,Chesnaught,1,1
Spinarak,Regice,Regice,0,1
Pyroar-Male,Braixen,Pyroar-Male,1,2
Miraidon,Golisopod,Miraidon,1,1
Raichu,Luxio,Raichu,1,2
Sneasler,Snover,Sneasler,1,1
Chansey,Phione,Phione,0,1
Sceptile,Rampardos,Sceptile,1,1
Gallade,Baltoy,Gallade,1,1
Haunter,Chandelure,Chandelure,0,1
Donphan,Frillish-Male,Donphan,1,1
Numel,Combee,Numel,1,1
Zubat,Cosmoem,Cosmoem,0,2
Snubbull,Luvdisc,Snubbull,1,2
Taillow,Type-Null,Type-Null,0,1
Raboot,Dachsbun,Dachsbun,0,3
Mantine,Finizen,Mantine,1,3
Wailmer,Flaaffy,Flaaffy,0,2
Wimpod,Accelgor,Accelgor,0,1
Patrat,Togetic,Togetic,0,1
Empoleon,Charcadet,Empoleon,1,1
Exploud,Linoone,Exploud,1,3
Marshtomp,Victreebel,Victreebel,0,1
Brambleghast,Dhelmise,Dhelmise,0,1
Deino,Teddiursa,Teddiursa,0,2
Primarina,Grookey,Primarina,1,1
Persian,Urshifu-Single-Strike,Urshifu-Single-Strike,0,1
Wattrel,Comfey,Comfey,0,1
Pheromosa,Mightyena,Pheromosa,1,1
Ekans,Venipede,Venipede,0,2
Thwackey,Oddish,Thwackey,1,2
Shaymin-Land,Weavile,Shaymin-Land,1,3
Toxel,Kricketune,Kricketune,0,1
Rufflet,Regice,Regice,0,1
Mawile,Machop,Mawile,1,1
Furfrou,Dudunsparce-Two-Segment,Dudunsparce-Two-Segment,0,2
Zapdos,Drapion,Zapdos,1,2
Dragonair,Bidoof,Dragonair,1,2
Shiftry,Tandemaus,Shiftry,1,1
Minior-Red-Meteor,Probopass,Probopass,0,2
Dratini,Beheeyem,Beheeyem,0,1
Sableye,Shelgon,Sableye,1,2
Tsareena,Croconaw,Tsareena,1,2
Ducklett,Dragonair,Dragonair,0,2
Spinarak,Krookodile,Krookodile,0,1
Reuniclus,Shellos,Reuniclus,1,2
Venomoth,Swellow,Swellow,0,1
Inteleon,Blaziken,Inteleon,1,1
Dodrio,Liepard,Dodrio,1,2
Mareanie,Vanillish,Vanillish,0,3
Palkia,Boldore,Palkia,1,1
Kangaskhan,Slowpoke,Kangaskhan,1,3
Melmetal,Cranidos,Melmetal,1,1
Kabuto,Jigglypuff,Kabuto,1,2
Sizzlipede,Marshadow,Marshadow,0,1
Probopass,Cryogonal,Probopass,1,2
Veluza,Cramorant,Veluza,1,3
Flutter-Mane,Clawitzer,Flutter-Mane,1,2
Hypno,Wimpod,Hypno,1,1
Timburr,Hypno,Hypno,0,1
Ampharos,Rapidash,Ampharos,1,2
Paras,Sizzlipede,Sizzlipede,0,1
Aromatisse,Whiscash,Whiscash,0,4
Toxel,Spiritomb,Spiritomb,0,1
Greninja,Pecharunt,Greninja,1,2
Rotom,Bisharp,Rotom,1,2
Gabite,Ivysaur,Ivysaur,0,1
Emolga,Brionne,Brionne,0,1
Munchlax,Gholdengo,Gholdengo,0,4
Bisharp,Regigigas,Regigigas,0,4
Groudon,Flutter-Mane,Groudon,1,1
Reuniclus,Dudunsparce-Two-Segment,Reuniclus,1,3
Obstagoon,Geodude,Obstagoon,1,1
Chinchou,Castform,Castform,0,2
Maschiff,Foongus,Maschiff,1,3
Beautifly,Revavroom,Revavroom,0,2
Kleavor,Glaceon,Kleavor,1,1
Sinistcha,Pidgey,Sinistcha,1,1
Graveler,Vanillite,Vanillite,0,1
Nuzleaf,Porygon2,Porygon2,0,1
Cherrim,Trevenant,Trevenant,0,2
Politoed,Gloom,Politoed,1,2
Incineroar,Hattrem,Incineroar,1,2
Pansage,Kabutops,Kabutops,0,1
Lampent,Maschiff,Lampent,1,2
Riolu,Lechonk,Riolu,1,1
Claydol,Minior-Red-Meteor,Claydol,1,3
Blissey,Kleavor,Kleavor,0,1
Blastoise,Meganium,Meganium,0,2
Hitmonlee,Yanmega,Yanmega,0,1
Yamask,Sableye,Sableye,0,1
Thwackey,Omastar,Thwackey,1,1
Tepig,Watchog,Watchog,0,2
Happiny,Sunkern,Sunkern,0,2
Mew,Gothitelle,Mew,1,4
Jynx,Metang,Metang,0,1
Politoed,Iron-Bundle,Politoed,1,3
Lilligant,Venomoth,Venomoth,0,2
Tauros,Charjabug,Tauros,1,3
Sceptile,Staravia,Sceptile,1,1
Combusken,Toxapex,Toxapex,0,2
Litten,Zorua,Zorua,0,1
Lilligant,Tauros,Lilligant,1,2
Beartic,Primeape,Primeape,0,2
Morgrem,Deino,Morgrem,1,1
Darumaka,Indeedee-Male,Indeedee-Male,0,2
Lairon,Stunfisk,Stunfisk,0,2
Growlithe,Krabby,Growlithe,1,1
Litten,Wartortle,Wartortle,0,1
Alomomola,Aron,Alomomola,1,1
Toedscruel,Toucannon,Toucannon,0,1
Orbeetle,Golurk,Golurk,0,2
Honchkrow,Type-Null,Type-Null,0,2
Baltoy,Snivy,Snivy,0,2
Regirock,Mandibuzz,Regirock,1,3
Rockruff,Ariados,Ariados,0,1
Cubchoo,Skuntank,Skuntank,0,1
Skuntank,Haunter,Skuntank,1,1
Mesprit,Piloswine,Mesprit,1,3
Shuckle,Leafeon,Leafeon,0,3
Bellossom,Eldegoss,Eldegoss,0,3
Ferroseed,Eelektrik,Eelektrik,0,3
Cosmog,Heatmor,Heatmor,0,1
Alomomola,Bastiodon,Alomomola,1,4
Heliolisk,Flaaffy,Heliolisk,1,3
Eelektross,Audino,Eelektross,1,4
Sirfetchd,Ursaring,Sirfetchd,1,2
Hippowdon,Shedinja,Hippowdon,1,1
Dragalge,Kommo-O,Kommo-O,0,2
Elgyem,Runerigus,Runerigus,0,1
Glameow,Magmar,Magmar,0,1
Skrelp,Spectrier,Spectrier,0,2
Kecleon,Luxio,Kecleon,1,2
Miltank,Mismagius,Mismagius,0,4
Mr-Rime,Skitty,Mr-Rime,1,1
Exeggcute,Brute-Bonnet,Brute-Bonnet,0,1
Numel,Altaria,Altaria,0,2
Kommo-O,Mudbray,Kommo-O,1,2
Feebas,Cutiefly,Cutiefly,0,1
Baltoy,Arcanine,Arcanine,0,1
Audino,Slowking,Slowking,0,4
Chespin,Kommo-O,Kommo-O,0,1
Illumise,Bulbasaur,Illumise,1,2
Chewtle,Vanillite,Chewtle,1,2
Deino,Tsareena,Tsareena,0,2
Wailmer,Drednaw,Drednaw,0,2
Spearow,Honedge,Honedge,0,1
Thundurus-Incarnate,Cloyster,Thundurus-Incarnate,1,1
Regigigas,Trubbish,Regigigas,1,1
Porygon2,Terrakion,Terrakion,0,2
Frigibax,Zweilous,Zweilous,0,1
Kabutops,Eternatus,Eternatus,0,2
Minccino,Blastoise,Blastoise,0,1
Sigilyph,Sharpedo,Sigilyph,1,2
Chi-Yu,Persian,Chi-Yu,1,2
Silcoon,Pawmo,Pawmo,0,2
Iron-Leaves,Seedot,Iron-Leaves,1,1
Purugly,Staraptor,Staraptor,0,2
Manectric,Roserade,Manectric,1,2
Slowbro,Servine,Slowbro,1,2
Dudunsparce-Two-Segment,Mewtwo,Mewtwo,0,3
Pangoro,Iron-Valiant,Iron-Valiant,0,1
Espurr,Kubfu,Espurr,1,1
Steelix,Pidgeotto,Steelix,1,2
Mienshao,Hakamo-O,Mienshao,1,2
Revavroom,Wobbuffet,Revavroom,1,4
Capsakid,Iron-Bundle,Iron-Bundle,0,1
Rockruff,Exeggcute,Exeggcute,0,1
Dusknoir,Stufful,Dusknoir,1,3
Tapu-Fini,Torterra,Tapu-Fini,1,2
Budew,Spheal,Budew,1,2
Flygon,Dunsparce,Dunsparce,0,2
Cloyster,Baltoy,Cloyster,1,1
Zubat,Meltan,Meltan,0,1
Poltchageist,Garganacl,Garganacl,0,1
Sunflora,Woobat,Sunflora,1,1
Flaaffy,Frosmoth,Frosmoth,0,2
Incineroar,Corvisquire,Incineroar,1,2
Blacephalon,Charmander,Blacephalon,1,1
Joltik,Altaria,Altaria,0,2
Nuzleaf,Hypno,Hypno,0,2
Vullaby,Toxel,Vullaby,1,2
Silvally,Psyduck,Silvally,1,2
Toxel,Hippopotas,Hippopotas,0,1
Flamigo,Hawlucha,Hawlucha,0,2
Dewpider,Celebi,Celebi,0,2
Vibrava,Gigalith,Gigalith,0,1
Weezing,Heliolisk,Heliolisk,0,2
Raticate,Annihilape,Annihilape,0,1
Hatenna,Mantine,Mantine,0,2
Chingling,Shiftry,Shiftry,0,1
Stonjourner,Gouging-Fire,Gouging-Fire,0,2
Chespin,Excadrill,Excadrill,0,2
Sudowoodo,Volcarona,Sudowoodo,1,1
Spidops,Lokix,Spidops,1,2
Jolteon,Gligar,Jolteon,1,1
Koffing,Mimikyu-Disguised,Mimikyu-Disguised,0,2
Spectrier,Eternatus,Eternatus,0,3
Kricketune,Raticate,Raticate,0,2
Spheal,Rufflet,Rufflet,0,2
Riolu,Cubchoo,Riolu,1,1
Shroomish,Lechonk,Lechonk,0,3
Sewaddle,Decidueye,Decidueye,0,1
Polteageist,Sneasel,Polteageist,1,3
Perrserker,Carvanha,Perrserker,1,1
Patrat,Corvisquire,Corvisquire,0,1
Serperior,Nidoqueen,Nidoqueen,0,2
Pupitar,Lickilicky,Lickilicky,0,2
Melmetal,Magmortar,Magmortar,0,2
Swoobat,Swirlix,Swoobat,1,2
Grubbin,Chi-Yu,Chi-Yu,0,1
Linoone,Bramblin,Linoone,1,1
Frogadier,Corphish,Frogadier,1,2
Squawkabilly-Green-Plumage,Iron-Bundle,Iron-Bundle,0,1
Orthworm,Farigiraf,Farigiraf,0,3
Drednaw,Doublade,Drednaw,1,3
Sneasel,Magcargo,Magcargo,0,1
Copperajah,Ferrothorn,Copperajah,1,6
Drifblim,Lotad,Drifblim,1,1
Pineco,Cobalion,Cobalion,0,2
Emolga,Combusken,Emolga,1,1
Aromatisse,Jolteon,Aromatisse,1,3
Arctozolt,Okidogi,Okidogi,0,2
Tinkatink,Dubwool,Dubwool,0,3
Numel,Squawkabilly-Green-Plumage,Squawkabilly-Green-Plumage,0,1
Tapu-Fini,Feebas,Tapu-Fini,1,1
Maushold-Family-Of-Four,Wishiwashi-Solo,Maushold-Family-Of-Four,1,1
Fletchling,Wurmple,Fletchling,1,1
Nickit,Grimmsnarl,Grimmsnarl,0,1
Espurr,Nosepass,Espurr,1,2
Snover,Golurk,Golurk,0,1
Whismur,Toedscruel,Toedscruel,0,1
Scizor,Arrokuda,Scizor,1,1
Spheal,Jumpluff,Jumpluff,0,2
Okidogi,Druddigon,Okidogi,1,3
Pikachu,Kingdra,Kingdra,0,1
Magmortar,Dragonite,Magmortar,1,2
Leafeon,Weavile,Weavile,0,2
Palossand,Stoutland,Stoutland,0,4
Obstagoon,Skiploom,Obstagoon,1,1
Mr-Rime,Toxtricity-Amped,Mr-Rime,1,1
Bounsweet,Staryu,Staryu,0,1
Vigoroth,Venipede,Vigoroth,1,1
Electrike,Bounsweet,Electrike,1,1
Gimmighoul,Whirlipede,Gimmighoul,1,3
Aurorus,Arctovish,Arctovish,0,2
Cherubi,Zacian,Zacian,0,1
Eevee,Lurantis,Lurantis,0,2
Ribombee,Spritzee,Ribombee,1,3
Fraxure,Fomantis,Fraxure,1,1
Kabutops,Crobat,Kabutops,1,2
Smoliv,Wooper,Smoliv,1,1
Gigalith,Sandy-Shocks,Sandy-Shocks,0,3
Raichu,Rufflet,Raichu,1,1
Dragonite,Nymble,Dragonite,1,1
Misdreavus,Charcadet,Misdreavus,1,1
Regigigas,Carnivine,Regigigas,1,2
Sprigatito,Dracovish,Dracovish,0,1
Varoom,Slugma,Varoom,1,1
Ninjask,Gengar,Gengar,0,1
Iron-Thorns,Skrelp,Iron-Thorns,1,1
Sandygast,Togepi,Togepi,0,2
Mienshao,Floette,Floette,0,1
Toxicroak,Perrserker,Toxicroak,1,2
Iron-Valiant,Farigiraf,Farigiraf,0,1
Cursola,Probopass,Probopass,0,3
Anorith,Cosmog,Anorith,1,1
Grookey,Kabuto,Grookey,1,1
Happiny,Spinarak,Spinarak,0,1
Ivysaur,Magby,Ivysaur,1,1
Pawniard,Parasect,Parasect,0,2
Raichu,Togepi,Raichu,1,1
Araquanid,Corsola,Corsola,0,3
Gardevoir,Bellibolt,Gardevoir,1,3
Shuppet,Lugia,Lugia,0,1
Cosmog,Miltank,Miltank,0,1
Sylveon,Raticate,Sylveon,1,2
Orthworm,Emolga,Orthworm,1,2
Cherrim,Gourgeist-Average,Cherrim,1,2
Crawdaunt,Mamoswine,Mamoswine,0,2
Gliscor,Finneon,Gliscor,1,2
Slowking,Poipole,Slowking,1,1
Tauros,Amaura,Tauros,1,4
Drifblim,Totodile,Drifblim,1,2
Morelull,Exploud,Exploud,0,1
Exploud,Relicanth,Relicanth,0,3
Sableye,Alakazam,Sableye,1,1
Combusken,Dubwool,Dubwool,0,2
Grafaiai,Dialga,Dialga,0,2
Boltund,Avalugg,Boltund,1,2
Enamorus-Incarnate,Anorith,Enamorus-Incarnate,1,1
Pawmo,Tarountula,Pawmo,1,2
Happiny,Mawile,Mawile,0,1
Naclstack,Metapod,Naclstack,1,1
Munchlax,Flareon,Munchlax,1,2
Hitmonchan,Abra,Hitmonchan,1,1
Sinistcha,Regice,Regice,0,2
Lileep,Lugia,Lugia,0,2
Dunsparce,Mudsdale,Mudsdale,0,3
Cloyster,Brambleghast,Brambleghast,0,1
Sentret,Thundurus-Incarnate,Thundurus-Incarnate,0,1
Drifblim,Lilligant,Drifblim,1,2
Hatterene,Salandit,Hatterene,1,1
Ponyta,Oranguru,Oranguru,0,2
Purugly,Kingler,Purugly,1,3
Roselia,Magneton,Magneton,0,2
Tentacool,Xatu,Xatu,0,1
Musharna,Entei,Musharna,1,4
Munna,Hariyama,Hariyama,0,2
Scorbunny,Goodra,Goodra,0,1
Starly,Glalie,Glalie,0,1
Panpour,Talonflame,Talonflame,0,2
Braviary,Regice,Regice,0,2
Burmy,Torracat,Torracat,0,1
Jynx,Politoed,Politoed,0,2
Torterra,Terapagos,Terapagos,0,2
Vikavolt,Rattata,Vikavolt,1,1
Togedemaru,Amoonguss,Togedemaru,1,4
Blissey,Throh,Throh,0,1
Tarountula,Clobbopus,Clobbopus,0,2
Eiscue-Ice,Teddiursa,Eiscue-Ice,1,2
Wormadam-Plant,Omanyte,Wormadam-Plant,1,1
Rhydon,Sewaddle,Rhydon,1,1
Oddish,Gligar,Gligar,0,1
Munchlax,Snom,Munchlax,1,1
Mabosstiff,Karrablast,Mabosstiff,1,2
Hippopotas,Dudunsparce-Two-Segment,Dudunsparce-Two-Segment,0,2
Tympole,Chansey,Tympole,1,2
Chimchar,Staravia,Staravia,0,1
Entei,Stunfisk,Stunfisk,0,3
Skeledirge,Porygon-Z,Skeledirge,1,3
Amaura,Bayleef,Bayleef,0,2
Dialga,Magearna,Dialga,1,3
Baltoy,Bombirdier,Bombirdier,0,1
Spectrier,Sandslash,Spectrier,1,1
Starly,Nosepass,Nosepass,0,1
Hoothoot,Doublade,Doublade,0,1
Ninjask,Dialga,Dialga,0,1
Seviper,Relicanth,Relicanth,0,2
Swadloon,Dottler,Swadloon,1,2
Tapu-Fini,Drowzee,Tapu-Fini,1,3
Electivire,Dugtrio,Electivire,1,1
Exeggcute,Dedenne,Dedenne,0,1
Munna,Whirlipede,Munna,1,1
Aipom,Gengar,Gengar,0,2
Deino,Unfezant,Unfezant,0,1
Meowth,Psyduck,Psyduck,0,1
Zygarde-50,Chikorita,Zygarde-50,1,2
Zorua,Rhydon,Rhydon,0,1
Trumbeak,Overqwil,Overqwil,0,2
Purugly,Flittle,Purugly,1,1
Joltik,Diggersby,Diggersby,0,2
Bellibolt,Eevee,Bellibolt,1,2
Gumshoos,Karrablast,Gumshoos,1,1
Kingambit,Passimian,Passimian,0,1
Shellder,Sandshrew,Shellder,1,1
Sneasler,Shaymin-Land,Sneasler,1,2
Porygon2,Alakazam,Porygon2,1,2
Spewpa,Cursola,Cursola,0,1
Metagross,Azurill,Metagross,1,1
Cubone,Altaria,Altaria,0,2
Sudowoodo,Sobble,Sudowoodo,1,1
Iron-Boulder,Hoothoot,Iron-Boulder,1,1
Oddish,Wugtrio,Oddish,1,1
Nymble,Pidgeot,Pidgeot,0,1
Basculegion-Male,Urshifu-Single-Strike,Urshifu-Single-Strike,0,3
Mareep,Deino,Mareep,1,2
Whiscash,Okidogi,Okidogi,0,3
Pawmi,Maushold-Family-Of-Four,Maushold-Family-Of-Four,0,1
Scrafty,Celebi,Celebi,0,3
Paras,Manaphy,Manaphy,0,1
Piloswine,Cacnea,Piloswine,1,1
Pancham,Eelektrik,Eelektrik,0,2
Scovillain,Milotic,Milotic,0,2
Hoopa,Pupitar,Hoopa,1,2
Weezing,Grumpig,Grumpig,0,1
Drizzile,Veluza,Veluza,0,2
Crocalor,Alakazam,Alakazam,0,2
Klink,Rhydon,Rhydon,0,1
Staraptor,Stunfisk,Stunfisk,0,2
Urshifu-Single-Strike,Coalossal,Urshifu-Single-Strike,1,2
Seaking,Rattata,Seaking,1,1
Deino,Heatran,Heatran,0,1
Archen,Latias,Latias,0,1
Magcargo,Croconaw,Croconaw,0,1
Combusken,Porygon2,Porygon2,0,2
Mankey,Remoraid,Mankey,1,1
Garganacl,Kingambit,Kingambit,0,2
Larvesta,Sylveon,Sylveon,0,3
Fuecoco,Enamorus-Incarnate,Enamorus-Incarnate,0,2
Drednaw,Phantump,Drednaw,1,1
Meowth,Larvesta,Larvesta,0,1
Capsakid,Poliwhirl,Poliwhirl,0,2
Barbaracle,Drakloak,Barbaracle,1,2
Parasect,Oshawott,Parasect,1,1
Togedemaru,Garchomp,Garchomp,0,1
Braviary,Oshawott,Braviary,1,1
Escavalier,Pawmo,Escavalier,1,2
Charcadet,Volcarona,Volcarona,0,1
Absol,Machoke,Machoke,0,1
Suicune,Zorua,Suicune,1,1
Terapagos,Diggersby,Terapagos,1,3
Darumaka,Passimian,Passimian,0,1
Dhelmise,Cursola,Dhelmise,1,1
Bunnelby,Ribombee,Ribombee,0,1
Glalie,Tynamo,Glalie,1,1
Dartrix,Yamper,Dartrix,1,2
Taillow,Petilil,Taillow,1,1
Revavroom,Machoke,Revavroom,1,2
Servine,Articuno,Articuno,0,1
Phanpy,Rhyperior,Rhyperior,0,2
Haxorus,Skiploom,Haxorus,1,1
Marowak,Indeedee-Male,Indeedee-Male,0,2
Servine,Poipole,Poipole,0,2
Clobbopus,Minccino,Clobbopus,1,1
Rayquaza,Hippopotas,Rayquaza,1,1
Indeedee-Male,Rolycoly,Indeedee-Male,1,1
Poliwag,Barraskewda,Barraskewda,0,1
Trapinch,Blissey,Blissey,0,1
Smoochum,Blipbug,Smoochum,1,1
Zamazenta,Larvesta,Zamazenta,1,2
Electrike,Staraptor,Staraptor,0,1
Pawmot,Sandshrew,Pawmot,1,1
Arctibax,Dodrio,Arctibax,1,2
Herdier,Timburr,Timburr,0,1
Chingling,Shellder,Chingling,1,1
Grovyle,Sceptile,Sceptile,0,1
Rapidash,Azelf,Azelf,0,2
Sirfetchd,Vanillite,Sirfetchd,1,1
Drampa,Pawniard,Drampa,1,2
Altaria,Morgrem,Altaria,1,2
Pyroar-Male,Giratina-Altered,Giratina-Altered,0,3
Meltan,Muk,Muk,0,3
Toxtricity-Amped,Combusken,Toxtricity-Amped,1,2
Claydol,Electivire,Claydol,1,2
Oshawott,Houndour,Oshawott,1,1
Espathra,Magmortar,Magmortar,0,2
Tyranitar,Kyurem,Kyurem,0,2
Porygon,Ribombee,Ribombee,0,3
Arctibax,Clobbopus,Arctibax,1,2
Dustox,Oranguru,Oranguru,0,2
Ducklett,Trapinch,Ducklett,1,1
Iron-Leaves,Victreebel,Iron-Leaves,1,2
Palossand,Cottonee,Palossand,1,1
Vulpix,Taillow,Vulpix,1,1
Urshifu-Single-Strike,Audino,Urshifu-Single-Strike,1,2
Mawile,Tinkatuff,Mawile,1,2
Corsola,Raikou,Raikou,0,2
Dragapult,Pumpkaboo-Average,Dragapult,1,1
Togedemaru,Cranidos,Togedemaru,1,1
Cyclizar,Lugia,Lugia,0,2
Pawmi,Sylveon,Sylveon,0,1
Skwovet,Bayleef,Bayleef,0,2
Ambipom,Revavroom,Revavroom,0,2
Toxicroak,Clobbopus,Toxicroak,1,2
Granbull,Serperior,Serperior,0,3
Ponyta,Staryu,Staryu,0,1
Steenee,Rapidash,Rapidash,0,1
Beartic,Raichu,Beartic,1,2
Huntail,Diancie,Huntail,1,2
Manectric,Drizzile,Manectric,1,1
Garbodor,Steelix,Steelix,0,2
Sunkern,Reuniclus,Reuniclus,0,1
Lurantis,Quaquaval,Lurantis,1,2
Monferno,Delcatty,Monferno,1,2
Snivy,Wailmer,Wailmer,0,1
Houndour,Spoink,Houndour,1,2
Plusle,Thievul,Plusle,1,3
Wooper,Pansage,Pansage,0,1
Flapple,Gourgeist-Average,Gourgeist-Average,0,2
Morelull,Kyurem,Kyurem,0,1
Klawf,Crustle,Klawf,1,2
Thwackey,Pansage,Thwackey,1,2
Togedemaru,Regice,Togedemaru,1,2
Scorbunny,Grapploct,Grapploct,0,1
Jumpluff,Basculegion-Male,Basculegion-Male,0,2
Chewtle,Huntail,Huntail,0,2
Ponyta,Ariados,Ponyta,1,2
Absol,Shelmet,Absol,1,2
Feebas,Hoppip,Hoppip,0,1
Malamar,Snubbull,Malamar,1,2
Incineroar,Talonflame,Incineroar,1,3
Swellow,Sealeo,Sealeo,0,1
Mankey,Wishiwashi-Solo,Mankey,1,1
Gimmighoul,Shuckle,Gimmighoul,1,4
Scraggy,Pidgeotto,Pidgeotto,0,2
Solosis,Elekid,Solosis,1,1
Tarountula,Slurpuff,Slurpuff,0,1
Feebas,Basculegion-Male,Basculegion-Male,0,1
Dudunsparce-Two-Segment,Flareon,Dudunsparce-Two-Segment,1,2
Spiritomb,Gible,Spiritomb,1,1
Shinx,Hakamo-O,Hakamo-O,0,1
Zebstrika,Whirlipede,Zebstrika,1,2
Iron-Crown,Farfetchd,Iron-Crown,1,1
Xerneas,Spinda,Xerneas,1,2
Ledyba,Absol,Absol,0,1
Wormadam-Plant,Cursola,Cursola,0,2
Gimmighoul,Mr-Rime,Mr-Rime,0,2
Armarouge,Flygon,Armarouge,1,1
Sigilyph,Manectric,Manectric,0,2
Houndour,Spiritomb,Spiritomb,0,1
Espeon,Wugtrio,Espeon,1,1
Copperajah,Cetitan,Copperajah,1,2
Joltik,Sobble,Joltik,1,1
Vullaby,Wooper,Vullaby,1,2
Noctowl,Volcanion,Volcanion,0,3
Latios,Starly,Latios,1,1
Wormadam-Plant,Oricorio-Baile,Oricorio-Baile,0,1
Iron-Moth,Dratini,Iron-Moth,1,1
Baxcalibur,Croagunk,Baxcalibur,1,1
Marshtomp,Grimmsnarl,Grimmsnarl,0,3
Poliwag,Granbull,Granbull,0,1
Palkia,Volcarona,Palkia,1,2
Perrserker,Sigilyph,Perrserker,1,3
Spheal,Weavile,Weavile,0,1
Ferrothorn,Whiscash,Ferrothorn,1,2
Amoonguss,Meditite,Amoonguss,1,1
Pikachu,Watchog,Watchog,0,1
Gourgeist-Average,Croagunk,Gourgeist-Average,1,1
Spewpa,Pancham,Pancham,0,2
Thundurus-Incarnate,Tornadus-Incarnate,Tornadus-Incarnate,0,2
Voltorb,Sawsbuck,Sawsbuck,0,1
Sandygast,Zorua,Zorua,0,1
Lucario,Wingull,Lucario,1,1
Herdier,Barboach,Herdier,1,2
Tinkatink,Furret,Furret,0,3
Totodile,Hatenna,Totodile,1,2
Mantyke,Vaporeon,Vaporeon,0,2
Tapu-Koko,Bonsly,Tapu-Koko,1,1
Barboach,Xerneas,Xerneas,0,1
Naganadel,Krookodile,Krookodile,0,1
Latios,Gyarados,Latios,1,3
Dunsparce,Bewear,Bewear,0,2
Marshadow,Silicobra,Marshadow,1,1
Palafin-Zero,Venonat,Palafin-Zero,1,3
Blaziken,Phione,Phione,0,2
Samurott,Clauncher,Samurott,1,2
Bramblin,Cetoddle,Cetoddle,0,1
Wigglytuff,Lurantis,Wigglytuff,1,3
Farigiraf,Ludicolo,Farigiraf,1,3
Escavalier,Makuhita,Escavalier,1,1
Zubat,Incineroar,Incineroar,0,1
Blitzle,Umbreon,Umbreon,0,1
Genesect,Tinkatink,Genesect,1,1
Bayleef,Rattata,Bayleef,1,1
Kabutops,Emolga,Kabutops,1,1
Shedinja,Jolteon,Jolteon,0,1
Palkia,Revavroom,Palkia,1,2
Zekrom,Frosmoth,Zekrom,1,2
Dusknoir,Pineco,Dusknoir,1,2
Thwackey,Virizion,Virizion,0,2
Sawsbuck,Gurdurr,Gurdurr,0,2
Tinkatink,Marill,Tinkatink,1,3
Mareanie,Drifloon,Drifloon,0,3
Tentacool,Wailord,Wailord,0,1
Dolliv,Larvesta,Larvesta,0,1
Sneasler,Helioptile,Sneasler,1,1
Drowzee,Grookey,Drowzee,1,2
Rufflet,Illumise,Illumise,0,2
Mime-Jr,Seadra,Seadra,0,1
Iron-Thorns,Abra,Iron-Thorns,1,1
Meganium,Quaquaval,Meganium,1,2
Spheal,Golett,Golett,0,2
Gastrodon,Kabutops,Gastrodon,1,2
Palpitoad,Machop,Palpitoad,1,2
Mr-Rime,Magnezone,Magnezone,0,2
Empoleon,Tympole,Empoleon,1,2
Bronzong,Swadloon,Bronzong,1,2
Wartortle,Bibarel,Bibarel,0,3
Arboliva,Simisage,Arboliva,1,2
Rhyhorn,Dracozolt,Dracozolt,0,1
Gabite,Arboliva,Arboliva,0,1
Dunsparce,Zorua,Dunsparce,1,1
Gabite,Vigoroth,Vigoroth,0,2
Zebstrika,Illumise,Zebstrika,1,3
Monferno,Seadra,Seadra,0,1
Inteleon,Uxie,Uxie,0,3
Spritzee,Urshifu-Single-Strike,Spritzee,1,1
Electrode,Zacian,Zacian,0,3
Delcatty,Yungoos,Delcatty,1,1
Appletun,Enamorus-Incarnate,Enamorus-Incarnate,0,1
Fomantis,Iron-Crown,Iron-Crown,0,1
Cradily,Wooper,Cradily,1,1
Simisage,Quaxly,Simisage,1,1
Dubwool,Regieleki,Regieleki,0,3
Scatterbug,Volcarona,Volcarona,0,1
Gothita,Scolipede,Scolipede,0,1
Starly,Sneasler,Sneasler,0,1
Marshadow,Tangrowth,Marshadow,1,2
Snom,Noibat,Noibat,0,1
Cloyster,Plusle,Plusle,0,1
Togekiss,Solrock,Togekiss,1,2
Gengar,Lechonk,Gengar,1,2
Rabsca,Vileplume,Rabsca,1,2
Rhyhorn,Whismur,Rhyhorn,1,1
Pidgey,Krookodile,Krookodile,0,1
Empoleon,Buizel,Empoleon,1,2
Orthworm,Roggenrola,Orthworm,1,2
Tepig,Gorebyss,Gorebyss,0,1
Gurdurr,Entei,Entei,0,2
Marill,Kabutops,Kabutops,0,2
Glimmet,Nincada,Glimmet,1,1
Trevenant,Poipole,Trevenant,1,2
Shelgon,Dragapult,Dragapult,0,1
Chingling,Seismitoad,Seismitoad,0,1
Wormadam-Plant,Cacturne,Wormadam-Plant,1,1
Taillow,Seadra,Seadra,0,1
Tranquill,Giratina-Altered,Giratina-Altered,0,1
Sawk,Skarmory,Skarmory,0,2
Necrozma,Relicanth,Necrozma,1,3
Chimchar,Elgyem,Elgyem,0,1
Brute-Bonnet,Sirfetchd,Sirfetchd,0,2
Leafeon,Mime-Jr,Leafeon,1,1
Natu,Pidove,Natu,1,1
Pichu,Luxio,Luxio,0,1
Koffing,Morgrem,Koffing,1,1
Buizel,Maschiff,Maschiff,0,2
Patrat,Zacian,Zacian,0,1
Poltchageist,Cottonee,Poltchageist,1,1
Haunter,Gogoat,Gogoat,0,2
Yanma,Flutter-Mane,Flutter-Mane,0,1
Golduck,Walrein,Walrein,0,5
Wyrdeer,Qwilfish,Wyrdeer,1,1
Overqwil,Darkrai,Darkrai,0,3
Ledian,Marshadow,Marshadow,0,1
Grookey,Volcanion,Volcanion,0,1
Tatsugiri-Curly,Morelull,Tatsugiri-Curly,1,1
Buzzwole,Volcarona,Volcarona,0,1
Marill,Yanmega,Yanmega,0,2
Munkidori,Nuzleaf,Munkidori,1,1
Gible,Flygon,Flygon,0,1
Coalossal,Drapion,Coalossal,1,3
Swanna,Bruxish,Swanna,1,3
Throh,Pupitar,Throh,1,1
Pupitar,Archen,Pupitar,1,1
Wobbuffet,Dudunsparce-Two-Segment,Dudunsparce-Two-Segment,0,5
Mienshao,Trumbeak,Mienshao,1,1
Lanturn,Bramblin,Lanturn,1,1
Frogadier,Vanilluxe,Vanilluxe,0,2
Dugtrio,Toxicroak,Toxicroak,0,1
Virizion,Druddigon,Virizion,1,3
Ducklett,Cetitan,Cetitan,0,2
Morgrem,Lanturn,Lanturn,0,2
Accelgor,Drizzile,Accelgor,1,2
Grovyle,Meganium,Meganium,0,2
Noibat,Goldeen,Goldeen,0,1
Shieldon,Skitty,Shieldon,1,3
Shroomish,Fearow,Fearow,0,1
Kangaskhan,Sandile,Kangaskhan,1,1
Diggersby,Munkidori,Munkidori,0,2
Beedrill,Charcadet,Beedrill,1,1
Passimian,Sylveon,Sylveon,0,2
Numel,Iron-Valiant,Iron-Valiant,0,1
Arctozolt,Smoliv,Arctozolt,1,1
Pinsir,Cleffa,Pinsir,1,1
Archeops,Urshifu-Single-Strike,Archeops,1,2
Terrakion,Riolu,Terrakion,1,1
Heliolisk,Dodrio,Heliolisk,1,1
Togetic,Mewtwo,Mewtwo,0,2
Tynamo,Spearow,Spearow,0,1
Hitmonlee,Pansear,Hitmonlee,1,1
Cutiefly,Jumpluff,Jumpluff,0,1
Zoroark,Noctowl,Zoroark,1,3
Munkidori,Purrloin,Munkidori,1,1
Popplio,Carkol,Popplio,1,1
Ho-Oh,Pawmo,Ho-Oh,1,1
Politoed,Tyranitar,Tyranitar,0,2
Coalossal,Bronzong,Coalossal,1,2
Cursola,Pidgeot,Pidgeot,0,2
Diancie,Relicanth,Relicanth,0,3
Espurr,Grimer,Espurr,1,2
Sudowoodo,Trumbeak,Sudowoodo,1,1
Metang,Conkeldurr,Conkeldurr,0,2
Scizor,Reuniclus,Scizor,1,2
Stantler,Umbreon,Umbreon,0,4
Iron-Bundle,Meowth,Iron-Bundle,1,1
Milotic,Tinkatuff,Milotic,1,3
Grimmsnarl,Elgyem,Grimmsnarl,1,1
Blissey,Chespin,Blissey,1,1
Ledian,Musharna,Musharna,0,2
Blastoise,Slither-Wing,Slither-Wing,0,3
Arctozolt,Munchlax,Arctozolt,1,2
Revavroom,Beldum,Revavroom,1,3
Octillery,Huntail,Huntail,0,4
Wartortle,Mabosstiff,Mabosstiff,0,3
Armarouge,Tapu-Lele,Armarouge,1,3
Skiploom,Gothorita,Gothorita,0,1
Aggron,Trapinch,Aggron,1,1
Blipbug,Hariyama,Hariyama,0,1
Sawsbuck,Seadra,Sawsbuck,1,1
Joltik,Poipole,Poipole,0,2
Silicobra,Bombirdier,Bombirdier,0,2
Gulpin,Blastoise,Blastoise,0,2
Shellder,Pincurchin,Pincurchin,0,1
Ivysaur,Sawsbuck,Sawsbuck,0,2
Aegislash-Shield,Gardevoir,Aegislash-Shield,1,2
Sandygast,Vanillite,Vanillite,0,1
Clawitzer,Simipour,Simipour,0,4
Marshtomp,Terrakion,Terrakion,0,2
Beedrill,Feebas,Beedrill,1,1
Jirachi,Crabrawler,Jirachi,1,1
Quagsire,Golbat,Quagsire,1,3
Morpeko-Full-Belly,Beartic,Beartic,0,1
Elgyem,Sandy-Shocks,Sandy-Shocks,0,1
Arctozolt,Azumarill,Arctozolt,1,2
Koffing,Quaxly,Quaxly,0,2
Escavalier,Aegislash-Shield,Escavalier,1,5
Sandy-Shocks,Dugtrio,Sandy-Shocks,1,1
Kricketune,Panpour,Kricketune,1,2
Manectric,Kyogre,Kyogre,0,2
Croagunk,Dubwool,Dubwool,0,1
Bronzor,Wishiwashi-Solo,Bronzor,1,2
Primarina,Chespin,Primarina,1,1
Mime-Jr,Tynamo,Mime-Jr,1,1
Glimmet,Tauros,Tauros,0,2
Houndour,Reuniclus,Reuniclus,0,2
Machoke,Drednaw,Machoke,1,2
Lugia,Mamoswine,Lugia,1,4
Tauros,Dodrio,Tauros,1,2
Deerling,Chi-Yu,Chi-Yu,0,1
Cresselia,Fuecoco,Cresselia,1,2
Hitmonchan,Nacli,Hitmonchan,1,1
Musharna,Wimpod,Musharna,1,1
Kirlia,Gardevoir,Gardevoir,0,1
Shellos,Brambleghast,Brambleghast,0,2
Chien-Pao,Slakoth,Chien-Pao,1,1
Fletchling,Grimmsnarl,Grimmsnarl,0,1
Honchkrow,Pyukumuku,Honchkrow,1,3
Wobbuffet,Roselia,Wobbuffet,1,3
Dottler,Kabutops,Kabutops,0,1
Throh,Orbeetle,Orbeetle,0,3
Arboliva,Eternatus,Eternatus,0,2
Makuhita,Swadloon,Swadloon,0,2
Xatu,Silcoon,Xatu,1,1
Toedscruel,Dubwool,Dubwool,0,3
Raging-Bolt,Luxio,Raging-Bolt,1,1
Tentacool,Chesnaught,Chesnaught,0,1
Meowstic-Male,Yungoos,Meowstic-Male,1,1
Espeon,Dragonite,Espeon,1,1
Krokorok,Durant,Durant,0,1
Foongus,Buizel,Foongus,1,1
Unown,Kyogre,Kyogre,0,1
Swablu,Iron-Treads,Iron-Treads,0,1
Toxel,Cacnea,Toxel,1,1
Alakazam,Litleo,Alakazam,1,1
Cinderace,Beartic,Cinderace,1,3
Bouffalant,Abomasnow,Abomasnow,0,3
Mudbray,Sandslash,Sandslash,0,2
Regigigas,Glaceon,Regigigas,1,2
Bronzor,Stunky,Stunky,0,3
Solosis,Sobble,Solosis,1,1
Vespiquen,Chimecho,Vespiquen,1,2
Arctozolt,Golett,Arctozolt,1,1
Sprigatito,Swirlix,Swirlix,0,1
Lugia,Deino,Lugia,1,1
Noibat,Musharna,Musharna,0,1
Voltorb,Tsareena,Tsareena,0,2
Dusclops,Arctovish,Arctovish,0,3
Lickilicky,Spheal,Lickilicky,1,2
Pidgeotto,Floragato,Floragato,0,2
Bonsly,Unfezant,Bonsly,1,2
Hattrem,Vespiquen,Vespiquen,0,1
Monferno,Golduck,Golduck,0,1
Primeape,Flutter-Mane,Flutter-Mane,0,1
Mimikyu-Disguised,Brambleghast,Mimikyu-Disguised,1,1
Binacle,Electrode,Electrode,0,1
Leafeon,Fidough,Leafeon,1,2
Omastar,Zweilous,Omastar,1,2
Walrein,Escavalier,Walrein,1,3
Yamper,Bounsweet,Yamper,1,2
Azelf,Kingler,Azelf,1,1
Incineroar,Vanillish,Incineroar,1,1
Fearow,Sizzlipede,Fearow,1,1
Rhyperior,Piplup,Rhyperior,1,1
Nidorino,Stakataka,Stakataka,0,2
Corphish,Rufflet,Rufflet,0,2
Rhyperior,Lotad,Rhyperior,1,1
Teddiursa,Blacephalon,Blacephalon,0,1
Nidorino,Empoleon,Empoleon,0,2
Jolteon,Dracovish,Jolteon,1,3
Araquanid,Larvitar,Araquanid,1,1
Pineco,Araquanid,Araquanid,0,2
Trumbeak,Primeape,Primeape,0,1
Corvisquire,Veluza,Veluza,0,2
Spiritomb,Carbink,Carbink,0,2
Nidorina,Kingler,Kingler,0,3
Meditite,Ambipom,Ambipom,0,1
Sawk,Carvanha,Sawk,1,1
Weezing,Parasect,Weezing,1,2
Braviary,Mr-Mime,Braviary,1,1
Tadbulb,Sigilyph,Sigilyph,0,1
Spinda,Vespiquen,Vespiquen,0,2
Accelgor,Cetoddle,Accelgor,1,3
Cyndaquil,Spearow,Cyndaquil,1,1
Arctibax,Baltoy,Arctibax,1,2
Iron-Jugulis,Cascoon,Iron-Jugulis,1,1
Staravia,Electrode,Electrode,0,1
Sliggoo,Zygarde-50,Zygarde-50,0,2
Thundurus-Incarnate,Drifblim,Thundurus-Incarnate,1,2
Turtonator,Wooloo,Turtonator,1,1
Registeel,Swinub,Registeel,1,1
Shelgon,Butterfree,Butterfree,0,2
Pupitar,Mabosstiff,Mabosstiff,0,3
Ampharos,Bastiodon,Ampharos,1,3
Flapple,Corsola,Flapple,1,1
Lanturn,Meowscarada,Meowscarada,0,3
Slowbro,Electrode,Electrode,0,2
Meltan,Squawkabilly-Green-Plumage,Squawkabilly-Green-Plumage,0,3
Hatenna,Fraxure,Fraxure,0,2
Starly,Sharpedo,Sharpedo,0,1
Gengar,Archeops,Archeops,0,2
Magcargo,Darumaka,Magcargo,1,2
Palpitoad,Treecko,Treecko,0,1
Hippowdon,Raticate,Hippowdon,1,2
Cherubi,Arbok,Arbok,0,1
Nidoran-F,Kyogre,Kyogre,0,1
Tentacool,Sunkern,Tentacool,1,1
Horsea,Talonflame,Talonflame,0,1
Scatterbug,Hatenna,Hatenna,0,1
Decidueye,Deoxys-Normal,Decidueye,1,1
Clefairy,Abra,Clefairy,1,1
Rolycoly,Happiny,Rolycoly,1,1
Applin,Copperajah,Copperajah,0,1
Totodile,Masquerain,Masquerain,0,3
Rotom,Cottonee,Rotom,1,1
Zamazenta,Quilladin,Zamazenta,1,2
Suicune,Rhyperior,Suicune,1,1
Flutter-Mane,Urshifu-Single-Strike,Flutter-Mane,1,1
Goomy,Clodsire,Clodsire,0,1
Ralts,Budew,Budew,0,1
Quaquaval,Crustle,Quaquaval,1,2
Gyarados,Dragapult,Dragapult,0,3
Yamask,Aurorus,Aurorus,0,2
Shelmet,Sandshrew,Shelmet,1,2
Electrike,Copperajah,Copperajah,0,1
Whiscash,Fletchling,Whiscash,1,1
Dunsparce,Snorunt,Dunsparce,1,2
Staravia,Voltorb,Voltorb,0,1
Zigzagoon,Sunflora,Sunflora,0,1
Smoliv,Shaymin-Land,Shaymin-Land,0,1
Medicham,Froslass,Froslass,0,2
Wurmple,Buizel,Buizel,0,1
Flamigo,Thievul,Flamigo,1,1
Piloswine,Boldore,Piloswine,1,2
Braixen,Registeel,Braixen,1,3
Necrozma,Skrelp,Necrozma,1,1
Rapidash,Regigigas,Regigigas,0,2
Bagon,Thwackey,Thwackey,0,1
Heracross,Finneon,Heracross,1,1
Applin,Furfrou,Furfrou,0,1
Crocalor,Sceptile,Crocalor,1,2
Toedscruel,Tatsugiri-Curly,Tatsugiri-Curly,0,2
Stufful,Sinistea,Stufful,1,3
Gossifleur,Raboot,Raboot,0,1
Blitzle,Musharna,Musharna,0,1
Golisopod,Rolycoly,Golisopod,1,1
Seadra,Staryu,Seadra,1,2
Bidoof,Incineroar,Incineroar,0,2
Sceptile,Meowth,Sceptile,1,1
Rolycoly,Dusknoir,Dusknoir,0,1
Jigglypuff,Tentacruel,Tentacruel,0,1
Eelektross,Glaceon,Glaceon,0,3
Xatu,Cufant,Xatu,1,3
Mew,Tyrogue,Mew,1,1
Ledyba,Hydreigon,Hydreigon,0,1
Mudsdale,Darkrai,Darkrai,0,2
Flabebe,Gengar,Gengar,0,1
Politoed,Sandile,Politoed,1,1
Beldum,Alomomola,Alomomola,0,3
Cubone,Kingdra,Kingdra,0,1
Staryu,Spritzee,Spritzee,0,2
Ludicolo,Zorua,Ludicolo,1,1
Dustox,Wurmple,Dustox,1,2
Crocalor,Meloetta-Aria,Meloetta-Aria,0,2
Bergmite,Bombirdier,Bombirdier,0,2
Chimchar,Combusken,Combusken,0,1
Zygarde-50,Houndoom,Zygarde-50,1,1
Dodrio,Roserade,Dodrio,1,1
Morelull,Pawmo,Morelull,1,1
Jangmo-O,Litten,Litten,0,2
Slakoth,Pinsir,Pinsir,0,2
Iron-Valiant,Gogoat,Gogoat,0,2
Ursaluna,Palossand,Ursaluna,1,3
Palafin-Zero,Wailord,Wailord,0,5
Mantine,Froakie,Mantine,1,2
Drakloak,Solosis,Drakloak,1,1
Milcery,Swadloon,Swadloon,0,2
Type-Null,Electrode,Type-Null,1,2
Sandygast,Zoroark,Zoroark,0,1
Snubbull,Gurdurr,Gurdurr,0,2
Cyndaquil,Honedge,Cyndaquil,1,1
Shuckle,Morgrem,Morgrem,0,3
Whimsicott,Snubbull,Whimsicott,1,2
Pupitar,Gossifleur,Pupitar,1,2
Omastar,Spritzee,Omastar,1,2
Skuntank,Staraptor,Staraptor,0,3
Dusknoir,Nickit,Dusknoir,1,1
Baxcalibur,Flareon,Baxcalibur,1,2
Cleffa,Charjabug,Charjabug,0,2
Espathra,Corsola,Espathra,1,3
Charmeleon,Gible,Charmeleon,1,1
Loudred,Piplup,Loudred,1,2
Flapple,Weedle,Flapple,1,1
Numel,Pawmi,Numel,1,1
Wiglett,Pecharunt,Pecharunt,0,1
Weezing,Goldeen,Weezing,1,2
Vanillite,Luvdisc,Luvdisc,0,3
Riolu,Lumineon,Lumineon,0,1
Drapion,Donphan,Donphan,0,2
Sewaddle,Kingler,Kingler,0,2
Loudred,Iron-Jugulis,Iron-Jugulis,0,2
Gimmighoul,Diggersby,Diggersby,0,3
Clamperl,Steelix,Clamperl,1,2
Cutiefly,Raichu,Raichu,0,1
Marshadow,Blitzle,Marshadow,1,1
Treecko,Hattrem,Hattrem,0,1
Poipole,Gimmighoul,Poipole,1,3
Sinistea,Shelgon,Sinistea,1,2
Lileep,Fletchling,Lileep,1,1
Duskull,Exeggcute,Exeggcute,0,2
Arcanine,Crocalor,Arcanine,1,4
Fezandipiti,Plusle,Fezandipiti,1,2
Slowpoke,Natu,Slowpoke,1,2
Torkoal,Kleavor,Kleavor,0,2
Palossand,Bronzong,Palossand,1,2
Accelgor,Heatmor,Heatmor,0,1
Lickilicky,Ledyba,Lickilicky,1,1
Fletchling,Mismagius,Mismagius,0,1
Regice,Leafeon,Regice,1,1
Dondozo,Stakataka,Dondozo,1,2
Sunflora,Happiny,Sunflora,1,1
Magearna,Mienshao,Magearna,1,1
Hatterene,Plusle,Hatterene,1,2
Swalot,Donphan,Donphan,0,2
Combee,Vespiquen,Vespiquen,0,1
Scorbunny,Noivern,Noivern,0,1
Solosis,Emboar,Emboar,0,1
Honchkrow,Yungoos,Honchkrow,1,1
Jolteon,Octillery,Jolteon,1,1
Dustox,Pupitar,Pupitar,0,1
Gengar,Lickitung,Gengar,1,4
Frosmoth,Mudbray,Frosmoth,1,1
Fletchinder,Charjabug,Fletchinder,1,2
Ninetales,Plusle,Ninetales,1,2
Overqwil,Hippopotas,Overqwil,1,2
Ferroseed,Tangrowth,Tangrowth,0,2
Poliwrath,Tirtouga,Poliwrath,1,2
Finneon,Hydrapple,Hydrapple,0,1
Crobat,Whiscash,Whiscash,0,3
Aegislash-Shield,Squawkabilly-Green-Plumage,Aegislash-Shield,1,3
Barboach,Gliscor,Gliscor,0,1
Corviknight,Rufflet,Corviknight,1,2
Flittle,Vulpix,Vulpix,0,1
Pachirisu,Goodra,Goodra,0,2
Nincada,Manaphy,Manaphy,0,1
Anorith,Riolu,Anorith,1,2
Doublade,Ferroseed,Doublade,1,2
Victreebel,Archaludon,Archaludon,0,2
Dewgong,Corsola,Dewgong,1,3
Caterpie,Yveltal,Yveltal,0,1
Zekrom,Walrein,Zekrom,1,2
Shiftry,Staraptor,Staraptor,0,1
Registeel,Gigalith,Registeel,1,3
Wigglytuff,Teddiursa,Wigglytuff,1,2
Type-Null,Taillow,Type-Null,1,1
Pheromosa,Poliwrath,Poliwrath,0,2
Salazzle,Magmar,Salazzle,1,3
Probopass,Meowscarada,Probopass,1,3
Nincada,Wiglett,Wiglett,0,1
Poipole,Sinistea,Poipole,1,2
Slowpoke,Runerigus,Runerigus,0,2
Yamask,Pignite,Pignite,0,2
Sunkern,Metagross,Metagross,0,1
Scrafty,Tynamo,Scrafty,1,1
Sneasel,Skrelp,Sneasel,1,2
Glalie,Heatmor,Heatmor,0,2
Klawf,Bayleef,Klawf,1,2
Bergmite,Diglett,Bergmite,1,1
Rhyperior,Koffing,Rhyperior,1,1
Sawsbuck,Nidorino,Sawsbuck,1,2
Sableye,Walrein,Walrein,0,2
Riolu,Hydreigon,Hydreigon,0,1
Surskit,Woobat,Woobat,0,1
Roaring-Moon,Unown,Roaring-Moon,1,1
Meowth,Solosis,Solosis,0,1
Deoxys-Normal,Lombre,Deoxys-Normal,1,2
Beedrill,Munchlax,Munchlax,0,2
Misdreavus,Nidoran-F,Misdreavus,1,2
Metagross,Raticate,Metagross,1,2
Barraskewda,Floette,Barraskewda,1,2
Deino,Conkeldurr,Conkeldurr,0,1
Ambipom,Crustle,Crustle,0,2
Articuno,Spearow,Articuno,1,1
Alcremie,Sliggoo,Alcremie,1,2
Lampent,Tsareena,Lampent,1,2
Pidgeot,Grovyle,Pidgeot,1,1
Metang,Lickilicky,Metang,1,6
Magnezone,Hippopotas,Magnezone,1,1
Pawmi,Horsea,Pawmi,1,1
Toxel,Maractus,Maractus,0,1
Nidoqueen,Zapdos,Zapdos,0,2
Regirock,Snubbull,Regirock,1,2
Boldore,Type-Null,Type-Null,0,2
Combusken,Skiploom,Combusken,1,1
Rufflet,Starmie,Starmie,0,2
Ribombee,Diggersby,Ribombee,1,2
Silicobra,Swablu,Swablu,0,2
Cosmog,Slowking,Slowking,0,1
Medicham,Arcanine,Arcanine,0,2
Ceruledge,Excadrill,Excadrill,0,1
Poliwhirl,Spiritomb,Spiritomb,0,2
Elgyem,Lunala,Lunala,0,1
Stunky,Buizel,Buizel,0,2
Lapras,Furret,Lapras,1,2
Wormadam-Plant,Dwebble,Wormadam-Plant,1,1
Pikachu,Yamper,Yamper,0,2
Inteleon,Lumineon,Inteleon,1,4
Houndstone,Sandaconda,Sandaconda,0,3
Farfetchd,Xurkitree,Xurkitree,0,1
Fletchling,Sunkern,Fletchling,1,1
Pumpkaboo-Average,Cottonee,Pumpkaboo-Average,1,2
Parasect,Sneasel,Parasect,1,1
Kabuto,Kirlia,Kabuto,1,1
Aegislash-Shield,Chandelure,Chandelure,0,2
Xatu,Simisear,Simisear,0,2
Pyukumuku,Garbodor,Garbodor,0,3
Arceus,Magneton,Arceus,1,4
Marshtomp,Skiddo,Skiddo,0,1
Kangaskhan,Pincurchin,Kangaskhan,1,2
Luxio,Wormadam-Plant,Wormadam-Plant,0,2
Garchomp,Skuntank,Garchomp,1,2
Arbok,Kilowattrel,Kilowattrel,0,2
Durant,Lunala,Lunala,0,2
Torracat,Bewear,Bewear,0,1
Wormadam-Plant,Manectric,Manectric,0,2
Krabby,Pikachu,Pikachu,0,1
Salazzle,Kingambit,Salazzle,1,2
Hitmonchan,Exeggcute,Exeggcute,0,2
Dolliv,Seismitoad,Dolliv,1,1
Raboot,Flaaffy,Flaaffy,0,2
Beedrill,Torracat,Torracat,0,2
Espeon,Cinderace,Espeon,1,2
Omastar,Magneton,Magneton,0,1
Drapion,Manaphy,Manaphy,0,3
Swalot,Chi-Yu,Chi-Yu,0,3
Charjabug,Cobalion,Cobalion,0,3
Yamask,Vanillite,Vanillite,0,2
Iron-Thorns,Shiinotic,Iron-Thorns,1,2
Tapu-Bulu,Garganacl,Tapu-Bulu,1,3
Iron-Treads,Gastly,Iron-Treads,1,1
Tangela,Morgrem,Morgrem,0,2
Crawdaunt,Feraligatr,Feraligatr,0,3
Raichu,Wishiwashi-Solo,Raichu,1,1
Castform,Silcoon,Castform,1,2
Hitmontop,Incineroar,Hitmontop,1,2
Venonat,Gourgeist-Average,Gourgeist-Average,0,2
Sigilyph,Mabosstiff,Mabosstiff,0,2
Goldeen,Kingambit,Kingambit,0,2
Corphish,Haunter,Haunter,0,2
Skrelp,Nuzleaf,Skrelp,1,1
Greedent,Tangela,Greedent,1,2
Cosmog,Dracozolt,Dracozolt,0,1
Honchkrow,Shelmet,Honchkrow,1,1
Pawmi,Ho-Oh,Ho-Oh,0,1
Gurdurr,Toucannon,Toucannon,0,2
Flareon,Shelgon,Flareon,1,2
Passimian,Starmie,Starmie,0,2
Aromatisse,Orthworm,Orthworm,0,2
Meditite,Toxicroak,Toxicroak,0,1
Rolycoly,Lunatone,Lunatone,0,1
Volcarona,Illumise,Volcarona,1,1
Froslass,Spidops,Froslass,1,3
Zoroark,Combusken,Combusken,0,1
Joltik,Aromatisse,Aromatisse,0,2
Throh,Grapploct,Throh,1,3
Cradily,Ferrothorn,Ferrothorn,0,2
Tepig,Parasect,Tepig,1,1
Eiscue-Ice,Crabrawler,Crabrawler,0,2
Toxapex,Victreebel,Victreebel,0,3
Cubone,Absol,Absol,0,2
Ariados,Slurpuff,Ariados,1,2
Rhydon,Minior-Red-Meteor,Rhydon,1,1
Slowpoke,Surskit,Slowpoke,1,2
Bulbasaur,Vivillon,Vivillon,0,1
Delibird,Chespin,Delibird,1,1
Numel,Munkidori,Munkidori,0,1
Gholdengo,Throh,Gholdengo,1,5
Klang,Togekiss,Klang,1,2
Pineco,Rowlet,Rowlet,0,2
Greedent,Woobat,Greedent,1,2
Pancham,Ursaluna,Ursaluna,0,2
Ampharos,Sawsbuck,Ampharos,1,2
Vigoroth,Nidoking,Vigoroth,1,3
Sizzlipede,Enamorus-Incarnate,Enamorus-Incarnate,0,1
Vanilluxe,Froakie,Vanilluxe,1,1
Duraludon,Bisharp,Bisharp,0,3
Raging-Bolt,Kabutops,Raging-Bolt,1,1
Garbodor,Slowking,Slowking,0,2
Vileplume,Arctibax,Arctibax,0,3
Poliwag,Krookodile,Krookodile,0,1
Krabby,Tentacruel,Tentacruel,0,1
Glalie,Nidorina,Glalie,1,2
Goldeen,Seel,Goldeen,1,4
Silicobra,Unown,Unown,0,2
Incineroar,Eelektrik,Incineroar,1,3
Farigiraf,Snorlax,Snorlax,0,4
Magikarp,Slowking,Slowking,0,1
Toedscruel,Chimecho,Chimecho,0,2
Paras,Blitzle,Paras,1,1
Steenee,Breloom,Breloom,0,1
Obstagoon,Smeargle,Obstagoon,1,1
Escavalier,Lunatone,Escavalier,1,1
Meganium,Oranguru,Oranguru,0,3
Toxicroak,Plusle,Toxicroak,1,1
Azelf,Heatran,Heatran,0,2
Scolipede,Quilladin,Scolipede,1,2
Carbink,Silicobra,Carbink,1,2
Bramblin,Manectric,Manectric,0,1
Panpour,Fomantis,Panpour,1,1
Braixen,Kadabra,Kadabra,0,2
Kartana,Varoom,Kartana,1,2
Altaria,Skrelp,Altaria,1,2
Registeel,Hatterene,Registeel,1,2
Bonsly,Pawniard,Pawniard,0,2
Gulpin,Zoroark,Zoroark,0,2
Wooloo,Swinub,Swinub,0,2
Boltund,Shellder,Boltund,1,1
Rhyperior,Swampert,Swampert,0,1
Croagunk,Sewaddle,Croagunk,1,1
Kingdra,Raichu,Kingdra,1,2
Klink,Dialga,Dialga,0,2
Trevenant,Iron-Hands,Iron-Hands,0,4
Stakataka,Mr-Rime,Stakataka,1,1
Jirachi,Chatot,Jirachi,1,2
Morgrem,Togepi,Morgrem,1,2
Crocalor,Helioptile,Crocalor,1,1
Snivy,Wynaut,Wynaut,0,4
Bombirdier,Pawmo,Bombirdier,1,1
Clauncher,Slither-Wing,Slither-Wing,0,1
Skitty,Bellossom,Bellossom,0,1
Noctowl,Gurdurr,Gurdurr,0,2
Amaura,Celesteela,Celesteela,0,1
Gothorita,Stakataka,Stakataka,0,2
Yanmega,Electivire,Electivire,0,2
Dugtrio,Bellossom,Bellossom,0,1
Castform,Wiglett,Castform,1,1
Mantine,Serperior,Mantine,1,3
Scorbunny,Dudunsparce-Two-Segment,Dudunsparce-Two-Segment,0,1
Regieleki,Aipom,Regieleki,1,2
Koraidon,Shedinja,Koraidon,1,1
Toedscool,Porygon2,Porygon2,0,1
Seadra,Breloom,Breloom,0,1
Dewgong,Pineco,Dewgong,1,1
Virizion,Arctibax,Virizion,1,2
Pidgey,Spinarak,Pidgey,1,1
Silvally,Cramorant,Silvally,1,2
Nidoran-F,Rattata,Nidoran-F,1,1
Manaphy,Cascoon,Manaphy,1,1
Shieldon,Snorunt,Snorunt,0,2
Shedinja,Maushold-Family-Of-Four,Maushold-Family-Of-Four,0,1
Timburr,Swellow,Swellow,0,2
Ursaluna,Growlithe,Ursaluna,1,1
Clawitzer,Cryogonal,Clawitzer,1,4
Banette,Arctovish,Arctovish,0,2
Blastoise,Archeops,Blastoise,1,2
Hattrem,Golisopod,Golisopod,0,1
Smeargle,Mr-Mime,Mr-Mime,0,2
Azumarill,Piloswine,Azumarill,1,2
Scorbunny,Nidoqueen,Nidoqueen,0,1
Salazzle,Raikou,Raikou,0,2
Talonflame,Lokix,Talonflame,1,2
Primarina,Squawkabilly-Green-Plumage,Primarina,1,1
Inkay,Slowbro,Slowbro,0,1
Silicobra,Corviknight,Corviknight,0,2
Flutter-Mane,Iron-Leaves,Flutter-Mane,1,3
Sableye,Torracat,Torracat,0,2
Drampa,Fuecoco,Drampa,1,1
Oricorio-Baile,Giratina-Altered,Giratina-Altered,0,3
Kubfu,Tsareena,Tsareena,0,2
Pecharunt,Seismitoad,Seismitoad,0,3
Drifblim,Phanpy,Drifblim,1,2
Pignite,Lairon,Pignite,1,1
Articuno,Zorua,Articuno,1,1
Dragalge,Articuno,Articuno,0,2
Gothita,Tyranitar,Tyranitar,0,1
Weepinbell,Surskit,Weepinbell,1,1
Tinkatink,Buzzwole,Buzzwole,0,1
Mr-Rime,Boldore,Mr-Rime,1,1
Diglett,Lileep,Lileep,0,1
Forretress,Conkeldurr,Conkeldurr,0,3
Manectric,Staryu,Manectric,1,1
Pinsir,Naclstack,Pinsir,1,2
Dondozo,Marowak,Dondozo,1,2
Inteleon,Solosis,Inteleon,1,1
Wishiwashi-Solo,Buzzwole,Buzzwole,0,1
Ralts,Flygon,Flygon,0,1
Diglett,Boltund,Boltund,0,1
Nickit,Espathra,Espathra,0,2
Pelipper,Furfrou,Furfrou,0,3
Skeledirge,Sliggoo,Skeledirge,1,2
Fletchling,Slakoth,Slakoth,0,2
Swellow,Houndoom,Houndoom,0,1
Ferrothorn,Xurkitree,Xurkitree,0,4
Cofagrigus,Hydrapple,Hydrapple,0,2
Magneton,Coalossal,Coalossal,0,1
Kecleon,Voltorb,Kecleon,1,1
Electabuzz,Delcatty,Electabuzz,1,2
Omastar,Igglybuff,Omastar,1,1
Lickitung,Drampa,Drampa,0,3
Abomasnow,Finneon,Abomasnow,1,1
Chimecho,Thwackey,Chimecho,1,2
Charizard,Koraidon,Koraidon,0,3
Spearow,Helioptile,Spearow,1,1
Unfezant,Mareep,Unfezant,1,1
Azelf,Drizzile,Azelf,1,2
Simisear,Dragalge,Dragalge,0,2
Avalugg,Eiscue-Ice,Avalugg,1,3
Spritzee,Palpitoad,Palpitoad,0,3
Carnivine,Tirtouga,Carnivine,1,1
Piplup,Wattrel,Piplup,1,1
Axew,Cranidos,Cranidos,0,1
Roggenrola,Gabite,Gabite,0,1
Spiritomb,Talonflame,Talonflame,0,3
Carkol,Clefairy,Carkol,1,3
Wooloo,Delibird,Delibird,0,2
Persian,Blacephalon,Blacephalon,0,2
Cyclizar,Urshifu-Single-Strike,Urshifu-Single-Strike,0,1
Cottonee,Musharna,Musharna,0,1
Mudbray,Volcanion,Volcanion,0,1
Baxcalibur,Spidops,Baxcalibur,1,3
Milotic,Fennekin,Milotic,1,1
Toxtricity-Amped,Bidoof,Toxtricity-Amped,1,1
Iron-Leaves,Hattrem,Iron-Leaves,1,2
Jumpluff,Pidgeotto,Jumpluff,1,2
Quilava,Grafaiai,Grafaiai,0,2
Clodsire,Bellibolt,Clodsire,1,3
Vaporeon,Iron-Moth,Vaporeon,1,2
Shiftry,Pinsir,Pinsir,0,1
Roggenrola,Mew,Mew,0,1
Hitmontop,Grimer,Hitmontop,1,3
Helioptile,Typhlosion,Typhlosion,0,1
Roaring-Moon,Pachirisu,Roaring-Moon,1,2
Silcoon,Wishiwashi-Solo,Silcoon,1,2
Rookidee,Eiscue-Ice,Eiscue-Ice,0,1
Tyrunt,Cloyster,Cloyster,0,1
Nidoran-M,Ursaring,Ursaring,0,1
Arbok,Cacnea,Arbok,1,1
Trumbeak,Simisear,Simisear,0,1
Nymble,Surskit,Surskit,0,1
Naganadel,Dolliv,Naganadel,1,1
Hypno,Turtwig,Hypno,1,2
Flabebe,Mr-Rime,Mr-Rime,0,2
Manaphy,Joltik,Manaphy,1,1
Sobble,Rhyperior,Sobble,1,1
Houndour,Basculin-Red-Striped,Basculin-Red-Striped,0,1
Cufant,Vanillite,Cufant,1,1
Petilil,Kingler,Petilil,1,1
Wo-Chien,Sceptile,Wo-Chien,1,2
Torkoal,Mimikyu-Disguised,Torkoal,1,3
Mismagius,Crabominable,Crabominable,0,4
Girafarig,Phione,Girafarig,1,3
Pecharunt,Litwick,Pecharunt,1,1
Blipbug,Burmy,Burmy,0,1
Yveltal,Glaceon,Yveltal,1,2
Scolipede,Kubfu,Scolipede,1,2
Landorus-Incarnate,Escavalier,Escavalier,0,2
Rampardos,Castform,Rampardos,1,2
Sandy-Shocks,Munchlax,Sandy-Shocks,1,3
Metapod,Krookodile,Krookodile,0,1
Garbodor,Gloom,Garbodor,1,2
Cloyster,Spheal,Cloyster,1,2
Nosepass,Sharpedo,Sharpedo,0,1
Clefable,Morgrem,Clefable,1,1
Bulbasaur,Cetitan,Cetitan,0,2
Dragapult,Castform,Dragapult,1,2
Salamence,Tatsugiri-Curly,Tatsugiri-Curly,0,1
Vanillite,Dodrio,Dodrio,0,1
Simisear,Poliwhirl,Poliwhirl,0,2
Mandibuzz,Tornadus-Incarnate,Tornadus-Incarnate,0,3
Porygon,Manaphy,Manaphy,0,2
Barraskewda,Pineco,Barraskewda,1,2
Gardevoir,Centiskorch,Centiskorch,0,2
Torkoal,Illumise,Torkoal,1,2
Pawniard,Musharna,Musharna,0,2
Rotom,Electivire,Electivire,0,3
Salamence,Clefable,Clefable,0,2
Trapinch,Pincurchin,Pincurchin,0,1
Ivysaur,Staraptor,Staraptor,0,1
Swalot,Scrafty,Swalot,1,4
Starly,Lampent,Lampent,0,1
Lillipup,Golurk,Golurk,0,1
Armarouge,Seedot,Armarouge,1,1
Emolga,Cursola,Cursola,0,1
Serperior,Teddiursa,Serperior,1,2
Grookey,Hawlucha,Hawlucha,0,1
Simisage,Finneon,Simisage,1,1
Scrafty,Cofagrigus,Scrafty,1,3
Duraludon,Herdier,Duraludon,1,2
Pignite,Sandaconda,Sandaconda,0,1
Koraidon,Appletun,Koraidon,1,2
Skiddo,Delcatty,Delcatty,0,2
Shiftry,Rhyperior,Shiftry,1,1
Dachsbun,Zarude,Zarude,0,3
Primeape,Croconaw,Primeape,1,2
Chatot,Bergmite,Bergmite,0,2
Chimecho,Armarouge,Armarouge,0,3
Solgaleo,Electabuzz,Solgaleo,1,2
Malamar,Purrloin,Malamar,1,1
Hoothoot,Duskull,Hoothoot,1,3
Toxapex,Iron-Crown,Iron-Crown,0,2
Grookey,Chimecho,Chimecho,0,1
Wingull,Bulbasaur,Bulbasaur,0,1
Drilbur,Totodile,Drilbur,1,2
Golett,Staryu,Staryu,0,1
Ponyta,Drampa,Drampa,0,1
Mareanie,Drapion,Drapion,0,2
Scizor,Spearow,Scizor,1,1
Starly,Parasect,Starly,1,1
Regieleki,Cosmoem,Regieleki,1,3
Urshifu-Single-Strike,Gallade,Gallade,0,2
Bidoof,Honchkrow,Honchkrow,0,1
Miraidon,Torterra,Miraidon,1,1
Starly,Skorupi,Skorupi,0,2
Corphish,Drilbur,Drilbur,0,2
Pumpkaboo-Average,Drifblim,Drifblim,0,1
Sewaddle,Prinplup,Prinplup,0,2
Bounsweet,Machamp,Machamp,0,1
Poliwag,Shroodle,Poliwag,1,2
Wailord,Magmortar,Wailord,1,2
Banette,Onix,Banette,1,1
Archaludon,Typhlosion,Typhlosion,0,3
Pelipper,Seadra,Seadra,0,3
Muk,Nacli,Muk,1,2
Bombirdier,Arrokuda,Bombirdier,1,1
Alcremie,Lairon,Lairon,0,2
Kyurem,Bombirdier,Kyurem,1,1
Mewtwo,Probopass,Mewtwo,1,5
Roselia,Dratini,Roselia,1,1
Linoone,Natu,Linoone,1,1
Centiskorch,Glameow,Centiskorch,1,1
Grookey,Furret,Furret,0,2
Kabutops,Keldeo-Ordinary,Keldeo-Ordinary,0,2
Keldeo-Ordinary,Weavile,Keldeo-Ordinary,1,1
Arctovish,Pyroar-Male,Arctovish,1,2
Zorua,Charcadet,Zorua,1,1
Solgaleo,Manaphy,Solgaleo,1,4
Charcadet,Tatsugiri-Curly,Tatsugiri-Curly,0,1
Gigalith,Frillish-Male,Gigalith,1,1
Seedot,Arctibax,Arctibax,0,1
Tatsugiri-Curly,Oshawott,Tatsugiri-Curly,1,1
Joltik,Nuzleaf,Joltik,1,1
Chikorita,Pansage,Pansage,0,2
Shedinja,Blitzle,Blitzle,0,1
Seismitoad,Type-Null,Seismitoad,1,4
Grotle,Magnezone,Magnezone,0,2
Grafaiai,Okidogi,Okidogi,0,2
Exeggcute,Primarina,Primarina,0,1
Iron-Thorns,Arctibax,Iron-Thorns,1,1
Pansear,Mantyke,Mantyke,0,1
Magikarp,Exploud,Exploud,0,1
Mantyke,Houndstone,Houndstone,0,1
Bramblin,Poliwag,Bramblin,1,1
Kingambit,Chikorita,Kingambit,1,1
Gastrodon,Pincurchin,Gastrodon,1,2
Skiddo,Kingler,Skiddo,1,1
Roggenrola,Venusaur,Venusaur,0,1
Musharna,Venomoth,Musharna,1,2
Leafeon,Finneon,Leafeon,1,1
Scream-Tail,Terrakion,Scream-Tail,1,3
Ceruledge,Varoom,Ceruledge,1,1
Skeledirge,Lokix,Skeledirge,1,1
Marowak,Fearow,Fearow,0,3
Durant,Hitmonchan,Durant,1,2
Rockruff,Sawsbuck,Sawsbuck,0,1
Heatmor,Drilbur,Heatmor,1,1
Lotad,Vigoroth,Vigoroth,0,1
Ledyba,Camerupt,Camerupt,0,1
Oranguru,Emboar,Oranguru,1,2
Hoppip,Roaring-Moon,Roaring-Moon,0,1
Iron-Hands,Ampharos,Iron-Hands,1,3
Escavalier,Drampa,Escavalier,1,2
Scorbunny,Sneasel,Sneasel,0,2
Carkol,Elgyem,Carkol,1,2
Slither-Wing,Seadra,Slither-Wing,1,2
Corsola,Charcadet,Corsola,1,1
Mismagius,Klang,Klang,0,2
Palpitoad,Klefki,Palpitoad,1,2
Regirock,Slither-Wing,Slither-Wing,0,3
Buneary,Phantump,Buneary,1,2
Meltan,Varoom,Varoom,0,4
Zoroark,Garganacl,Garganacl,0,2
Lairon,Phione,Phione,0,1
Meowth,Meloetta-Aria,Meloetta-Aria,0,1
Relicanth,Rolycoly,Relicanth,1,1
Linoone,Cubone,Linoone,1,2
Tapu-Lele,Miltank,Tapu-Lele,1,2
Tornadus-Incarnate,Grumpig,Tornadus-Incarnate,1,2
Shiinotic,Luvdisc,Shiinotic,1,1
Vulpix,Toxicroak,Toxicroak,0,1
Vigoroth,Chatot,Vigoroth,1,2
Tranquill,Phione,Phione,0,1
Kabuto,Pignite,Pignite,0,1
Togedemaru,Luxio,Togedemaru,1,2
Ferrothorn,Darmanitan-Standard,Darmanitan-Standard,0,3
Floatzel,Girafarig,Girafarig,0,2
Palossand,Pansage,Palossand,1,1
Ralts,Wynaut,Wynaut,0,2
Goodra,Clefable,Clefable,0,3
Trapinch,Roggenrola,Trapinch,1,1
Pineco,Beedrill,Beedrill,0,3
Combee,Miraidon,Miraidon,0,1
Bidoof,Abra,Abra,0,1
Zweilous,Lombre,Zweilous,1,3
Golem,Hoppip,Golem,1,1
Fidough,Groudon,Groudon,0,1
Shelmet,Spidops,Spidops,0,3
Rillaboom,Blacephalon,Blacephalon,0,1
Entei,Duskull,Entei,1,1
Illumise,Numel,Numel,0,2
Regieleki,Tyrunt,Regieleki,1,1
Arrokuda,Aron,Arrokuda,1,1
Wooper,Furfrou,Furfrou,0,2
Electivire,Reshiram,Reshiram,0,2
Fletchinder,Fuecoco,Fletchinder,1,2
Abomasnow,Palkia,Palkia,0,3
Bombirdier,Rowlet,Bombirdier,1,1
Mamoswine,Pidgey,Mamoswine,1,1
Dwebble,Magikarp,Dwebble,1,1
Omanyte,Fennekin,Omanyte,1,1
Aromatisse,Cacnea,Aromatisse,1,1
Poochyena,Palossand,Palossand,0,1
Mewtwo,Yamper,Mewtwo,1,1
Lickitung,Veluza,Veluza,0,4
Ponyta,Tornadus-Incarnate,Tornadus-Incarnate,0,1
Mankey,Sudowoodo,Sudowoodo,0,1
Nihilego,Lokix,Nihilego,1,2
Bellibolt,Sandile,Bellibolt,1,1
Archaludon,Hoothoot,Archaludon,1,1
Zacian,Iron-Hands,Zacian,1,3
Chatot,Wishiwashi-Solo,Chatot,1,1
Golisopod,Wooloo,Golisopod,1,1
Tatsugiri-Curly,Pyroar-Male,Tatsugiri-Curly,1,1
Iron-Treads,Archeops,Iron-Treads,1,1
Primarina,Gallade,Primarina,1,2
Umbreon,Metagross,Umbreon,1,3
Clodsire,Pinsir,Pinsir,0,4
Weepinbell,Walrein,Walrein,0,1
Decidueye,Silicobra,Decidueye,1,1
Goldeen,Gliscor,Gliscor,0,2
Hattrem,Garbodor,Garbodor,0,2
Capsakid,Baltoy,Capsakid,1,1
Beldum,Venonat,Beldum,1,2
Morelull,Spearow,Spearow,0,1
Lickilicky,Mime-Jr,Lickilicky,1,1
Patrat,Caterpie,Patrat,1,2
Tympole,Meowstic-Male,Meowstic-Male,0,2
Krabby,Tranquill,Tranquill,0,2
Lotad,Nidorina,Nidorina,0,1
Exeggcute,Fidough,Exeggcute,1,2
Tapu-Lele,Alcremie,Tapu-Lele,1,3
Toedscruel,Mudbray,Toedscruel,1,1
Stunky,Pidove,Stunky,1,2
Buzzwole,Garchomp,Garchomp,0,3
Cryogonal,Arboliva,Cryogonal,1,2
Alcremie,Silvally,Silvally,0,2
Chinchou,Heatmor,Chinchou,1,2
Gastrodon,Nidoran-F,Gastrodon,1,1
Jynx,Gothorita,Jynx,1,2
Whirlipede,Armarouge,Armarouge,0,1
Xurkitree,Dudunsparce-Two-Segment,Xurkitree,1,3
Electrode,Wishiwashi-Solo,Electrode,1,1
Simipour,Combee,Simipour,1,1
Chesnaught,Oranguru,Oranguru,0,2
Flabebe,Aron,Aron,0,1
Drowzee,Fomantis,Drowzee,1,2
Sandshrew,Croconaw,Croconaw,0,1
Furfrou,Garbodor,Garbodor,0,2
Gogoat,Celesteela,Celesteela,0,2
Kingambit,Pachirisu,Kingambit,1,2
Ferroseed,Staryu,Ferroseed,1,2
Roaring-Moon,Lurantis,Roaring-Moon,1,3
Liepard,Snivy,Liepard,1,1
Lileep,Poipole,Poipole,0,3
Dewgong,Garganacl,Garganacl,0,2
Horsea,Mudkip,Mudkip,0,2
Gouging-Fire,Moltres,Gouging-Fire,1,5
Eternatus,Blacephalon,Eternatus,1,2
Silcoon,Illumise,Illumise,0,2
Ursaring,Grovyle,Ursaring,1,1
Mismagius,Applin,Mismagius,1,1
Rookidee,Panpour,Panpour,0,1
Bouffalant,Baltoy,Bouffalant,1,1
Helioptile,Ferrothorn,Ferrothorn,0,1
Steenee,Mandibuzz,Mandibuzz,0,1
Cubchoo,Arctozolt,Arctozolt,0,1
Pangoro,Goodra,Goodra,0,3
Chingling,Sneasler,Sneasler,0,1
Venipede,Seaking,Seaking,0,1
Quaxly,Houndstone,Houndstone,0,2
Fennekin,Hydreigon,Hydreigon,0,1
Mightyena,Iron-Crown,Iron-Crown,0,3
Indeedee-Male,Gothita,Indeedee-Male,1,2
Vaporeon,Swellow,Vaporeon,1,1
Rampardos,Hitmontop,Hitmontop,0,2
Kingambit,Azurill,Kingambit,1,1
Bayleef,Uxie,Uxie,0,2
Shroomish,Turtwig,Shroomish,1,3
Stantler,Dusclops,Stantler,1,4
Gliscor,Taillow,Gliscor,1,1
Exeggcute,Arboliva,Arboliva,0,1
Tympole,Armarouge,Armarouge,0,1
Annihilape,Electivire,Annihilape,1,2
Piloswine,Nymble,Piloswine,1,1
Piloswine,Necrozma,Necrozma,0,2
Jangmo-O,Glimmora,Glimmora,0,1
Charmander,Wailmer,Wailmer,0,1
Shieldon,Lopunny,Shieldon,1,5
Nihilego,Golduck,Golduck,0,3
Wooloo,Castform,Castform,0,2
Ludicolo,Serperior,Ludicolo,1,3
Skiploom,Togepi,Skiploom,1,2
Crawdaunt,Charmander,Crawdaunt,1,1
Mareep,Flutter-Mane,Flutter-Mane,0,1
Servine,Mr-Rime,Mr-Rime,0,1
Pangoro,Torkoal,Pangoro,1,3
Whimsicott,Kabuto,Whimsicott,1,1
Arbok,Cutiefly,Arbok,1,1
Jellicent-Male,Scream-Tail,Jellicent-Male,1,4
Parasect,Skarmory,Skarmory,0,1
Misdreavus,Shieldon,Misdreavus,1,3
Piplup,Lugia,Lugia,0,2
Xerneas,Togetic,Xerneas,1,2
Sceptile,Glastrier,Glastrier,0,2
Dustox,Kyogre,Kyogre,0,2
Venusaur,Heliolisk,Venusaur,1,2
Mawile,Arceus,Arceus,0,3
Spewpa,Dragapult,Dragapult,0,1
Impidimp,Gothorita,Gothorita,0,2
Hippopotas,Rhyperior,Rhyperior,0,2
Jangmo-O,Skiddo,Skiddo,0,1
Eldegoss,Koraidon,Koraidon,0,2
Sawk,Spheal,Sawk,1,1
Mesprit,Scovillain,Mesprit,1,2
Bastiodon,Bellsprout,Bastiodon,1,2
Golett,Corphish,Corphish,0,2
Vibrava,Malamar,Malamar,0,1
Shuppet,Torkoal,Torkoal,0,1
Lumineon,Scolipede,Scolipede,0,3
Piloswine,Misdreavus,Piloswine,1,2
Panpour,Grovyle,Grovyle,0,1
Crocalor,Swampert,Swampert,0,2
Annihilape,Ledian,Annihilape,1,1
Hydrapple,Oddish,Hydrapple,1,1
Scorbunny,Exploud,Exploud,0,1
Walking-Wake,Muk,Walking-Wake,1,4
Musharna,Iron-Bundle,Musharna,1,2
Appletun,Woobat,Appletun,1,1
Morpeko-Full-Belly,Rowlet,Morpeko-Full-Belly,1,1
Venonat,Flamigo,Flamigo,0,1
Flabebe,Ditto,Ditto,0,2
Great-Tusk,Shroomish,Great-Tusk,1,2
Suicune,Starmie,Suicune,1,4
Sprigatito,Riolu,Sprigatito,1,2
Hoopa,Luxio,Hoopa,1,1
Miraidon,Furfrou,Miraidon,1,3
Combusken,Blaziken,Blaziken,0,2
Zoroark,Wartortle,Zoroark,1,2
Bombirdier,Bonsly,Bombirdier,1,2
Carbink,Meowscarada,Meowscarada,0,2
Bellibolt,Misdreavus,Bellibolt,1,3
Volbeat,Raging-Bolt,Raging-Bolt,0,2
Lickitung,Umbreon,Umbreon,0,5
Spoink,Charmander,Spoink,1,2
Prinplup,Quilava,Prinplup,1,1
Blacephalon,Vullaby,Blacephalon,1,1
Roserade,Gastrodon,Roserade,1,1
Maschiff,Metang,Metang,0,2
Diglett,Snom,Snom,0,1
Naclstack,Rhyperior,Rhyperior,0,1
Rellor,Metagross,Metagross,0,1
Poltchageist,Ninjask,Ninjask,0,1
Noctowl,Darumaka,Noctowl,1,3
Walking-Wake,Nidoqueen,Walking-Wake,1,2
Poliwag,Loudred,Loudred,0,1
Aurorus,Ho-Oh,Aurorus,1,2
Iron-Leaves,Gourgeist-Average,Gourgeist-Average,0,2
Wigglytuff,Blacephalon,Blacephalon,0,2
Aromatisse,Growlithe,Aromatisse,1,3
Tarountula,Arctovish,Arctovish,0,1
Morelull,Shellder,Morelull,1,1
Luxio,Spritzee,Spritzee,0,2
Inkay,Surskit,Surskit,0,1
Oranguru,Oricorio-Baile,Oranguru,1,3
Moltres,Regidrago,Moltres,1,3
Dolliv,Klawf,Dolliv,1,1
Empoleon,Basculin-Red-Striped,Empoleon,1,3
Anorith,Arbok,Arbok,0,2
Basculegion-Male,Cranidos,Basculegion-Male,1,1
Clefable,Chien-Pao,Clefable,1,2
Phanpy,Swalot,Swalot,0,2
Watchog,Treecko,Watchog,1,1
Wingull,Cradily,Cradily,0,1
Amaura,Swellow,Amaura,1,1
Vibrava,Vileplume,Vileplume,0,1
Electrike,Vigoroth,Vigoroth,0,1
Escavalier,Ponyta,Ponyta,0,1
Weavile,Trevenant,Weavile,1,3
Gothorita,Simisage,Simisage,0,2
Alcremie,Terapagos,Alcremie,1,3
Victreebel,Boldore,Victreebel,1,1
Koraidon,Vespiquen,Koraidon,1,3
Wailord,Pyukumuku,Wailord,1,5
Feebas,Audino,Audino,0,1
Totodile,Vullaby,Vullaby,0,3
Virizion,Gothitelle,Gothitelle,0,3
Caterpie,Klefki,Klefki,0,1
Naganadel,Dragonite,Naganadel,1,1
Swirlix,Wooper,Swirlix,1,1
Slowking,Dragapult,Dragapult,0,2
Claydol,Gastrodon,Gastrodon,0,2
Grotle,Heracross,Heracross,0,2
Solosis,Loudred,Loudred,0,1
Blaziken,Turtonator,Blaziken,1,3
Raikou,Sneasel,Raikou,1,2
Snom,Shedinja,Shedinja,0,1
Shieldon,Cubone,Cubone,0,1
Lickilicky,Purugly,Lickilicky,1,3
Flygon,Iron-Moth,Iron-Moth,0,1
Glastrier,Probopass,Glastrier,1,1
Sawsbuck,Bronzor,Sawsbuck,1,4
Overqwil,Glalie,Overqwil,1,3
Golett,Nosepass,Golett,1,2
Reuniclus,Slurpuff,Reuniclus,1,2
Crabominable,Amoonguss,Crabominable,1,3
Flittle,Tyrunt,Tyrunt,0,1
Tynamo,Ninjask,Ninjask,0,1
Altaria,Litleo,Altaria,1,2
Noctowl,Drifloon,Noctowl,1,2
Kleavor,Simipour,Simipour,0,1
Morgrem,Cinderace,Cinderace,0,2
Pecharunt,Rufflet,Pecharunt,1,2
Unown,Charcadet,Unown,1,1
Lilligant,Iron-Boulder,Iron-Boulder,0,2
Cobalion,Froakie,Cobalion,1,1
Quagsire,Lurantis,Lurantis,0,1
Cetitan,Quagsire,Cetitan,1,5
Charjabug,Pineco,Charjabug,1,2
Salazzle,Vibrava,Salazzle,1,1
Cyclizar,Sawsbuck,Cyclizar,1,2
Sprigatito,Sandslash,Sandslash,0,2
Garchomp,Primarina,Garchomp,1,2
Honedge,Pachirisu,Pachirisu,0,2
Barbaracle,Bastiodon,Barbaracle,1,3
Pansear,Flamigo,Flamigo,0,1
Dreepy,Impidimp,Impidimp,0,1
Arctibax,Archaludon,Archaludon,0,1
Drakloak,Skeledirge,Skeledirge,0,1
Duraludon,Nidorina,Duraludon,1,2
Mimikyu-Disguised,Throh,Mimikyu-Disguised,1,4
Claydol,Tropius,Claydol,1,2
Pikipek,Marshtomp,Marshtomp,0,1
Elgyem,Nidoran-M,Elgyem,1,1
Genesect,Groudon,Groudon,0,2
Ursaring,Wynaut,Ursaring,1,2
Maushold-Family-Of-Four,Raikou,Raikou,0,2
Gallade,Dugtrio,Gallade,1,1
Florges,Regidrago,Florges,1,2
Electrode,Ambipom,Ambipom,0,2
Totodile,Cyclizar,Cyclizar,0,2
Swampert,Garbodor,Swampert,1,2
Yamper,Snorunt,Snorunt,0,3
Shuppet,Dewgong,Dewgong,0,1
Dugtrio,Lombre,Lombre,0,1
Sandygast,Dunsparce,Dunsparce,0,2
Pecharunt,Torterra,Pecharunt,1,2
Goomy,Excadrill,Excadrill,0,1
Steelix,Spritzee,Steelix,1,2
Beartic,Dragapult,Beartic,1,2
Kyogre,Mawile,Kyogre,1,1
Obstagoon,Kirlia,Obstagoon,1,1
Shellos,Volcarona,Volcarona,0,3
Whiscash,Fuecoco,Whiscash,1,1
Fidough,Remoraid,Remoraid,0,2
Stoutland,Kartana,Kartana,0,2
Grovyle,Spidops,Spidops,0,1
Bramblin,Chandelure,Chandelure,0,1
Tyrogue,Dewgong,Dewgong,0,1
Scolipede,Machoke,Scolipede,1,3
Magmar,Ambipom,Ambipom,0,2
Kingambit,Musharna,Kingambit,1,3
Panpour,Nuzleaf,Nuzleaf,0,1
Kommo-O,Swellow,Kommo-O,1,1
Finizen,Bunnelby,Finizen,1,2
Whirlipede,Mudbray,Mudbray,0,2
Persian,Quagsire,Quagsire,0,2
Binacle,Noctowl,Binacle,1,2
Binacle,Farfetchd,Binacle,1,2
Feraligatr,Meltan,Feraligatr,1,1
Igglybuff,Absol,Absol,0,1
Electabuzz,Braviary,Electabuzz,1,2
Krokorok,Drampa,Drampa,0,1
Kyurem,Unfezant,Kyurem,1,1
Yamper,Onix,Onix,0,2
Alcremie,Tangrowth,Alcremie,1,2
Arbok,Type-Null,Type-Null,0,2
Ivysaur,Tapu-Lele,Tapu-Lele,0,1
Dracozolt,Bastiodon,Dracozolt,1,4
Escavalier,Croagunk,Escavalier,1,1
Sinistea,Solosis,Sinistea,1,1
Meganium,Krokorok,Meganium,1,1
Sneasel,Voltorb,Sneasel,1,2
Gurdurr,Beautifly,Beautifly,0,2
Clawitzer,Tentacool,Clawitzer,1,2
Drizzile,Weepinbell,Drizzile,1,1
Dreepy,Pansear,Pansear,0,1
Heliolisk,Clauncher,Heliolisk,1,1
Brionne,Drowzee,Brionne,1,3
Rillaboom,Virizion,Virizion,0,3
Unown,Iron-Moth,Iron-Moth,0,1
Qwilfish,Chewtle,Qwilfish,1,2
Carnivine,Primeape,Primeape,0,3
Hippopotas,Volcarona,Volcarona,0,1
Wattrel,Jigglypuff,Jigglypuff,0,2
Sneasler,Chikorita,Sneasler,1,1
Krokorok,Iron-Thorns,Krokorok,1,2
Mienfoo,Toxel,Mienfoo,1,2
Rookidee,Cramorant,Cramorant,0,1
Phanpy,Shuppet,Shuppet,0,2
Venipede,Klinklang,Klinklang,0,1
Brambleghast,Popplio,Brambleghast,1,1
Pineco,Whimsicott,Whimsicott,0,1
Cufant,Lunatone,Cufant,1,2
Staryu,Xatu,Xatu,0,1
Beartic,Druddigon,Beartic,1,2
Amaura,Joltik,Amaura,1,1
Bronzor,Quaxwell,Quaxwell,0,3
Bounsweet,Naganadel,Naganadel,0,1
Oshawott,Pidgeotto,Pidgeotto,0,2
Roaring-Moon,Mantine,Roaring-Moon,1,3
Azumarill,Jynx,Jynx,0,3
Scraggy,Dugtrio,Scraggy,1,1
Cetitan,Skitty,Cetitan,1,1
Slugma,Tarountula,Slugma,1,1
Magby,Torterra,Torterra,0,1
Crocalor,Hoopa,Hoopa,0,2
Zacian,Kleavor,Zacian,1,3
Magikarp,Melmetal,Melmetal,0,1
Flutter-Mane,Cramorant,Flutter-Mane,1,2
Falinks,Wyrdeer,Wyrdeer,0,1
Mandibuzz,Infernape,Mandibuzz,1,2
Registeel,Venomoth,Registeel,1,3
Floragato,Keldeo-Ordinary,Keldeo-Ordinary,0,1
Okidogi,Munchlax,Okidogi,1,1
Gigalith,Snom,Gigalith,1,1
Cosmoem,Cutiefly,Cutiefly,0,3
Bulbasaur,Ledyba,Bulbasaur,1,1
Oinkologne-Male,Quagsire,Oinkologne-Male,1,4
Heliolisk,Charmeleon,Heliolisk,1,2
Eelektross,Shedinja,Eelektross,1,1
Pikipek,Lanturn,Lanturn,0,1
Natu,Glalie,Glalie,0,1
Skarmory,Klang,Klang,0,4
Cranidos,Nickit,Cranidos,1,1
Archaludon,Cacnea,Archaludon,1,1
Lampent,Spinarak,Lampent,1,1
Basculin-Red-Striped,Calyrex,Calyrex,0,2
Salazzle,Cursola,Cursola,0,2
Ursaluna,Overqwil,Ursaluna,1,2
Psyduck,Combusken,Psyduck,1,2
Poltchageist,Farigiraf,Farigiraf,0,1
Vanilluxe,Chatot,Vanilluxe,1,1
Bramblin,Tangela,Tangela,0,1
Teddiursa,Yamask,Teddiursa,1,3
Barboach,Kingambit,Kingambit,0,1
Zebstrika,Fomantis,Zebstrika,1,1
Malamar,Chansey,Malamar,1,1
Poipole,Noctowl,Poipole,1,3
Wooloo,Toedscool,Toedscool,0,2
Piplup,Vigoroth,Vigoroth,0,2
Squirtle,Corphish,Squirtle,1,3
Rolycoly,Oshawott,Oshawott,0,1
Klawf,Jolteon,Jolteon,0,2
Slither-Wing,Machop,Slither-Wing,1,2
Skuntank,Gastly,Skuntank,1,1
Doublade,Nincada,Doublade,1,1
Golett,Phione,Phione,0,1
Shuckle,Bergmite,Bergmite,0,4
Victini,Overqwil,Victini,1,3
Calyrex,Palpitoad,Calyrex,1,1
Trumbeak,Litleo,Trumbeak,1,2
Regieleki,Rapidash,Regieleki,1,3
Eevee,Giratina-Altered,Giratina-Altered,0,2
Zapdos,Braixen,Zapdos,1,2
Cottonee,Salazzle,Salazzle,0,1
Milcery,Glastrier,Glastrier,0,1
Bramblin,Venipede,Bramblin,1,2
Altaria,Parasect,Altaria,1,1
Braviary,Whismur,Braviary,1,1
Primarina,Vileplume,Primarina,1,2
Bronzor,Spoink,Bronzor,1,4
Scatterbug,Miltank,Miltank,0,1
Hydreigon,Sandy-Shocks,Hydreigon,1,2
Lileep,Victini,Victini,0,2
Sylveon,Unown,Sylveon,1,1
Sandy-Shocks,Morelull,Sandy-Shocks,1,1
Quagsire,Silvally,Silvally,0,4
Pelipper,Quaquaval,Quaquaval,0,3
Cofagrigus,Togekiss,Togekiss,0,2
Fennekin,Hoopa,Hoopa,0,1
Regirock,Poochyena,Regirock,1,1
Venonat,Meloetta-Aria,Meloetta-Aria,0,1
Ho-Oh,Scolipede,Ho-Oh,1,1
Heatmor,Nuzleaf,Heatmor,1,1
Drapion,Delphox,Delphox,0,2
Baxcalibur,Salandit,Baxcalibur,1,1
Hoopa,Dreepy,Dreepy,0,1
Talonflame,Gallade,Talonflame,1,1
Swalot,Dondozo,Dondozo,0,5
Melmetal,Incineroar,Incineroar,0,3
Poliwag,Ariados,Ariados,0,1
Clamperl,Swinub,Clamperl,1,1
Darumaka,Naclstack,Naclstack,0,2
Lillipup,Duskull,Duskull,0,3
Infernape,Trubbish,Infernape,1,2
Jangmo-O,Phione,Phione,0,1
Mime-Jr,Salamence,Salamence,0,1
Pawmo,Arctibax,Pawmo,1,2
Timburr,Sprigatito,Timburr,1,2
Chandelure,Feraligatr,Feraligatr,0,2
Dedenne,Vikavolt,Vikavolt,0,2
Unfezant,Oricorio-Baile,Oricorio-Baile,0,2
Shuppet,Growlithe,Growlithe,0,1
Steenee,Carnivine,Carnivine,0,1
Litleo,Jellicent-Male,Jellicent-Male,0,1
Spinarak,Iron-Thorns,Iron-Thorns,0,1
Munkidori,Machoke,Munkidori,1,1
Seaking,Koraidon,Koraidon,0,2
Gurdurr,Okidogi,Okidogi,0,3
Tapu-Bulu,Igglybuff,Tapu-Bulu,1,1
Samurott,Spewpa,Samurott,1,1
Weepinbell,Cherubi,Weepinbell,1,1
Cacturne,Lurantis,Cacturne,1,2
Nidoran-M,Beedrill,Beedrill,0,2
Moltres,Vileplume,Moltres,1,2
Finneon,Swadloon,Swadloon,0,2
Larvitar,Ribombee,Ribombee,0,1
Mudkip,Azumarill,Azumarill,0,2
Clefairy,Tirtouga,Clefairy,1,2
Typhlosion,Trubbish,Typhlosion,1,2
Gothita,Watchog,Watchog,0,2
Chesnaught,Zangoose,Chesnaught,1,1
Shroodle,Litwick,Litwick,0,1
Hippowdon,Pidgeotto,Hippowdon,1,2
Krokorok,Nincada,Krokorok,1,1
Stantler,Throh,Throh,0,1
Electivire,Sobble,Electivire,1,1
Boltund,Sobble,Boltund,1,1
Dusclops,Ambipom,Ambipom,0,5
Buneary,Wobbuffet,Wobbuffet,0,4
Graveler,Blacephalon,Blacephalon,0,1
Kricketune,Yungoos,Kricketune,1,1
Hoppip,Scorbunny,Scorbunny,0,1
Silicobra,Darkrai,Darkrai,0,1
Thwackey,Spritzee,Spritzee,0,2
Oshawott,Typhlosion,Typhlosion,0,2
Drakloak,Herdier,Drakloak,1,3
Vikavolt,Vileplume,Vikavolt,1,2
Zebstrika,Venusaur,Venusaur,0,2
Nosepass,Morgrem,Morgrem,0,2
Zamazenta,Shelmet,Zamazenta,1,3
Mr-Rime,Spidops,Mr-Rime,1,2
Kilowattrel,Torracat,Kilowattrel,1,2
Flabebe,Wormadam-Plant,Wormadam-Plant,0,2
Hoppip,Herdier,Herdier,0,1
Salandit,Zapdos,Zapdos,0,1
Doduo,Lechonk,Doduo,1,2
Vikavolt,Houndour,Vikavolt,1,1
Ninjask,Charmeleon,Charmeleon,0,1
Whismur,Lapras,Lapras,0,1
Cranidos,Barbaracle,Barbaracle,0,1
Rhydon,Gallade,Rhydon,1,2
Spectrier,Grovyle,Spectrier,1,1
Meditite,Chi-Yu,Chi-Yu,0,1
Mew,Nickit,Mew,1,1
Seadra,Vanillite,Seadra,1,1
Slowking,Lunatone,Slowking,1,2
Fidough,Nymble,Fidough,1,2
Aipom,Mewtwo,Mewtwo,0,1
Alomomola,Registeel,Alomomola,1,11
Raboot,Chinchou,Raboot,1,2
Meowscarada,Sandslash,Meowscarada,1,1
Lucario,Cursola,Lucario,1,2
Zamazenta,Onix,Zamazenta,1,1
Kingler,Maractus,Maractus,0,1
Garbodor,Granbull,Garbodor,1,2
Bellsprout,Tinkatuff,Tinkatuff,0,2
Aegislash-Shield,Vivillon,Aegislash-Shield,1,3
Noctowl,Helioptile,Noctowl,1,2
Tyranitar,Quaxwell,Tyranitar,1,2
Revavroom,Slowpoke,Revavroom,1,2
Wigglytuff,Gossifleur,Wigglytuff,1,1
Archaludon,Litten,Archaludon,1,1
Mudkip,Drizzile,Drizzile,0,3
Arbok,Rhyperior,Rhyperior,0,1
Wimpod,Grafaiai,Grafaiai,0,1
Revavroom,Cleffa,Revavroom,1,1
Kecleon,Manectric,Kecleon,1,2
Pikipek,Incineroar,Incineroar,0,1
Petilil,Revavroom,Revavroom,0,1
Woobat,Arboliva,Arboliva,0,1
Drampa,Purugly,Drampa,1,2
Seismitoad,Gible,Seismitoad,1,1
Lucario,Electabuzz,Lucario,1,2
Oranguru,Beartic,Oranguru,1,4
Phantump,Pachirisu,Pachirisu,0,2
Garbodor,Hawlucha,Hawlucha,0,3
Samurott,Jigglypuff,Samurott,1,2
Wugtrio,Spidops,Spidops,0,1
Tinkatuff,Sandile,Tinkatuff,1,1
Basculin-Red-Striped,Lombre,Basculin-Red-Striped,1,2
Dewgong,Grovyle,Dewgong,1,1
Kabutops,Aron,Kabutops,1,1
Froakie,Lucario,Lucario,0,1
Arrokuda,Combee,Arrokuda,1,1
Kricketune,Skrelp,Kricketune,1,3
Clefable,Rillaboom,Clefable,1,3
Rockruff,Arbok,Arbok,0,2
Mr-Rime,Scolipede,Mr-Rime,1,1
Roaring-Moon,Pidgeotto,Roaring-Moon,1,2
Electrike,Escavalier,Escavalier,0,1
Tepig,Litwick,Litwick,0,4
Probopass,Incineroar,Probopass,1,3
Sylveon,Watchog,Sylveon,1,2
Dialga,Xerneas,Dialga,1,2
Lunala,Kakuna,Lunala,1,1
Sunkern,Plusle,Plusle,0,1
Sandaconda,Qwilfish,Sandaconda,1,1
Cosmog,Cinccino,Cinccino,0,1
Palkia,Magnezone,Palkia,1,2
Blissey,Salamence,Salamence,0,1
Mawile,Bewear,Bewear,0,2
Noibat,Stantler,Stantler,0,1
Golisopod,Roaring-Moon,Golisopod,1,2
Lillipup,Stunfisk,Stunfisk,0,2
Smeargle,Ceruledge,Ceruledge,0,1
Salandit,Pelipper,Pelipper,0,1
Electrike,Staryu,Staryu,0,1
Sudowoodo,Pawmi,Sudowoodo,1,1
Pansear,Wo-Chien,Wo-Chien,0,2
Pansage,Celesteela,Celesteela,0,1
Politoed,Jolteon,Jolteon,0,2
Mismagius,Latios,Latios,0,2
Togedemaru,Cosmoem,Togedemaru,1,3
Trapinch,Ducklett,Ducklett,0,1
Eelektrik,Mienfoo,Eelektrik,1,2
Aegislash-Shield,Sliggoo,Aegislash-Shield,1,3
Porygon,Staraptor,Staraptor,0,2
Grafaiai,Bounsweet,Grafaiai,1,1
Omastar,Dolliv,Dolliv,0,1
Toxel,Duosion,Duosion,0,1
Cloyster,Dudunsparce-Two-Segment,Cloyster,1,3
Turtwig,Snom,Turtwig,1,1
Clefable,Arrokuda,Clefable,1,1
Wurmple,Blissey,Blissey,0,2
Wimpod,Maschiff,Maschiff,0,1
Whismur,Bunnelby,Bunnelby,0,2
Raichu,Comfey,Raichu,1,3
Cobalion,Snivy,Cobalion,1,1
Marshtomp,Wo-Chien,Wo-Chien,0,1
Kingambit,Terapagos,Kingambit,1,3
Dottler,Lickitung,Lickitung,0,3
Sprigatito,Tynamo,Sprigatito,1,2
Pinsir,Spinarak,Pinsir,1,1
Walrein,Jangmo-O,Walrein,1,1
Blipbug,Magearna,Magearna,0,1
Nymble,Mime-Jr,Mime-Jr,0,1
Bewear,Throh,Throh,0,2
Litleo,Clamperl,Clamperl,0,1
Chimchar,Qwilfish,Qwilfish,0,1
Larvesta,Volbeat,Volbeat,0,3
Mothim,Throh,Throh,0,2
Scovillain,Venusaur,Venusaur,0,2
Dhelmise,Bisharp,Bisharp,0,3
Tepig,Glimmet,Glimmet,0,2
Rabsca,Combee,Rabsca,1,1
Whismur,Gothitelle,Gothitelle,0,1
Venusaur,Happiny,Venusaur,1,1
Shuckle,Grimer,Grimer,0,4
Skitty,Walking-Wake,Walking-Wake,0,1
Tapu-Koko,Fidough,Tapu-Koko,1,1
Corphish,Seedot,Corphish,1,1
Poltchageist,Volcanion,Volcanion,0,1
Mantine,Salandit,Mantine,1,1
Avalugg,Kyurem,Kyurem,0,2
Escavalier,Eevee,Escavalier,1,1
Staravia,Wooper,Staravia,1,2
Rampardos,Medicham,Medicham,0,2
Carvanha,Sentret,Carvanha,1,1
Surskit,Poliwrath,Poliwrath,0,1
Drifloon,Basculin-Red-Striped,Basculin-Red-Striped,0,2
Phione,Groudon,Groudon,0,2
Barraskewda,Noibat,Barraskewda,1,1
Kyogre,Sawk,Kyogre,1,2
Sliggoo,Munna,Sliggoo,1,3
Bibarel,Glaceon,Glaceon,0,3
Sizzlipede,Moltres,Moltres,0,1
Granbull,Lotad,Granbull,1,1
Pawmot,Inteleon,Inteleon,0,2
Quilladin,Buneary,Quilladin,1,2
Oricorio-Baile,Rattata,Oricorio-Baile,1,1
Piloswine,Dusclops,Piloswine,1,2
Mantine,Keldeo-Ordinary,Mantine,1,4
Seadra,Dusknoir,Dusknoir,0,2
Castform,Finizen,Castform,1,2
Wormadam-Plant,Machoke,Wormadam-Plant,1,3
Yungoos,Tyranitar,Tyranitar,0,1
Grafaiai,Vaporeon,Vaporeon,0,2
Carkol,Lairon,Lairon,0,2
Slowbro,Drizzile,Slowbro,1,2
Toxtricity-Amped,Lickitung,Toxtricity-Amped,1,3
Snom,Cradily,Cradily,0,1
Hoothoot,Flapple,Flapple,0,1
Clauncher,Kilowattrel,Kilowattrel,0,1
Skitty,Slither-Wing,Slither-Wing,0,1
Gurdurr,Golurk,Golurk,0,3
Crustle,Magnezone,Magnezone,0,2
Mew,Stakataka,Stakataka,0,3
Cetoddle,Aromatisse,Aromatisse,0,2
Phanpy,Duosion,Duosion,0,1
Xatu,Arctibax,Arctibax,0,2
Wynaut,Drampa,Drampa,0,2
Yveltal,Snubbull,Yveltal,1,1
Doublade,Wo-Chien,Wo-Chien,0,1
Vibrava,Kakuna,Vibrava,1,1
Mabosstiff,Toucannon,Mabosstiff,1,3
Rhydon,Dragapult,Dragapult,0,2
Chi-Yu,Bounsweet,Chi-Yu,1,1
Cyndaquil,Druddigon,Druddigon,0,1
Wimpod,Skrelp,Skrelp,0,1
Xurkitree,Clobbopus,Xurkitree,1,1
Vespiquen,Arctozolt,Arctozolt,0,2
Shinx,Herdier,Herdier,0,1
Bouffalant,Electrike,Bouffalant,1,1
Tyrantrum,Mandibuzz,Tyrantrum,1,2
Ponyta,Litleo,Ponyta,1,3
Groudon,Garbodor,Groudon,1,1
Kadabra,Charmander,Kadabra,1,1
Snubbull,Numel,Numel,0,2
Swanna,Lampent,Swanna,1,1
Iron-Crown,Brute-Bonnet,Iron-Crown,1,3
Magikarp,Flaaffy,Flaaffy,0,1
Poliwag,Hatenna,Hatenna,0,2
Machamp,Bruxish,Bruxish,0,3
Grimer,Flygon,Flygon,0,1
Trevenant,Xerneas,Xerneas,0,2
Blitzle,Brionne,Brionne,0,1
Whismur,Mienshao,Mienshao,0,1
Yungoos,Beldum,Beldum,0,2
Nidoqueen,Banette,Nidoqueen,1,2
Weezing,Scizor,Scizor,0,3
Frigibax,Sinistea,Frigibax,1,3
Cubchoo,Talonflame,Talonflame,0,1
Hakamo-O,Passimian,Passimian,0,2
Stunky,Mesprit,Mesprit,0,2
Totodile,Shroomish,Shroomish,0,2
Hawlucha,Meganium,Hawlucha,1,2
Floette,Slither-Wing,Slither-Wing,0,2
Clauncher,Hitmontop,Hitmontop,0,2
Tauros,Combee,Tauros,1,1
Registeel,Nuzleaf,Registeel,1,2
Grubbin,Yanmega,Yanmega,0,1
Skiploom,Munchlax,Munchlax,0,2
Tentacruel,Crabominable,Crabominable,0,3
Xurkitree,Hoothoot,Xurkitree,1,1
Revavroom,Vanillite,Revavroom,1,1
Tepig,Caterpie,Tepig,1,1
Bellibolt,Quaquaval,Bellibolt,1,2
Beldum,Aipom,Beldum,1,3
Lokix,Torchic,Lokix,1,2
Litten,Gardevoir,Gardevoir,0,1
Grubbin,Sylveon,Sylveon,0,1
Komala,Medicham,Medicham,0,2
Treecko,Crabominable,Crabominable,0,1
Houndour,Monferno,Monferno,0,1
Trapinch,Frogadier,Frogadier,0,1
Frillish-Male,Musharna,Musharna,0,2
Whismur,Vespiquen,Vespiquen,0,1
Spiritomb,Beartic,Beartic,0,3
Delibird,Rattata,Delibird,1,1
Popplio,Graveler,Popplio,1,1
Trubbish,Copperajah,Copperajah,0,1
Tadbulb,Corvisquire,Tadbulb,1,2
Croconaw,Type-Null,Type-Null,0,3
Oranguru,Exeggutor,Oranguru,1,3
Articuno,Wyrdeer,Articuno,1,4
Charizard,Lairon,Lairon,0,1
Dewott,Drifblim,Drifblim,0,3
Nymble,Deoxys-Normal,Deoxys-Normal,0,1
Starly,Lechonk,Lechonk,0,1
Ambipom,Espeon,Ambipom,1,2
Wailord,Carracosta,Wailord,1,3
Regirock,Aromatisse,Regirock,1,3
Toxtricity-Amped,Armarouge,Armarouge,0,1
Hitmonchan,Kommo-O,Kommo-O,0,2
Panpour,Kingambit,Kingambit,0,2
Passimian,Scream-Tail,Scream-Tail,0,2
Hoppip,Gothorita,Gothorita,0,1
Lickilicky,Hippowdon,Lickilicky,1,3
Tentacruel,Eevee,Tentacruel,1,2
Tatsugiri-Curly,Rhyhorn,Tatsugiri-Curly,1,1
Zacian,Tandemaus,Zacian,1,2
Delcatty,Skrelp,Delcatty,1,2
Dusclops,Castform,Castform,0,5
Pidove,Lechonk,Pidove,1,2
Woobat,Annihilape,Annihilape,0,1
Bronzor,Nidoking,Nidoking,0,1
Baltoy,Nuzleaf,Nuzleaf,0,1
Snubbull,Swanna,Swanna,0,2
Swablu,Oddish,Swablu,1,2
Fennekin,Cinderace,Cinderace,0,1
Gallade,Ninjask,Ninjask,0,2
Baltoy,Heracross,Heracross,0,1
Aron,Munchlax,Aron,1,4
Slakoth,Kangaskhan,Kangaskhan,0,2
Boltund,Spectrier,Spectrier,0,2
Houndour,Claydol,Claydol,0,1
Kilowattrel,Fraxure,Kilowattrel,1,1
Weezing,Scolipede,Weezing,1,3
Snom,Swampert,Swampert,0,1
Samurott,Seaking,Samurott,1,4
Dragonite,Skitty,Dragonite,1,1
Miraidon,Dachsbun,Miraidon,1,2
Rotom,Shellos,Rotom,1,1
Wartortle,Raging-Bolt,Raging-Bolt,0,1
Blastoise,Sharpedo,Blastoise,1,3
Tirtouga,Scream-Tail,Scream-Tail,0,2
Meditite,Poliwhirl,Poliwhirl,0,2
Kadabra,Liepard,Liepard,0,1
Snover,Hydrapple,Hydrapple,0,2
Basculin-Red-Striped,Drilbur,Basculin-Red-Striped,1,1
Pawmo,Dwebble,Pawmo,1,2
Klang,Walrein,Walrein,0,3
Accelgor,Grovyle,Accelgor,1,1
Vigoroth,Turtonator,Turtonator,0,2
Roggenrola,Snover,Snover,0,1
Minun,Seedot,Minun,1,1
Clawitzer,Unown,Clawitzer,1,1
Ferrothorn,Manectric,Ferrothorn,1,3
Clobbopus,Virizion,Virizion,0,2
Rattata,Hitmontop,Hitmontop,0,1
Pincurchin,Shroomish,Pincurchin,1,2
Abomasnow,Snover,Abomasnow,1,2
Zebstrika,Vigoroth,Zebstrika,1,3
Samurott,Beedrill,Samurott,1,2
Marshadow,Hatenna,Marshadow,1,1
Sableye,Fletchinder,Sableye,1,2
Growlithe,Meganium,Meganium,0,2
Flareon,Dialga,Dialga,0,2
Heracross,Rattata,Heracross,1,1
Skarmory,Koffing,Skarmory,1,2
Mienshao,Piplup,Mienshao,1,1
Pincurchin,Quagsire,Quagsire,0,2
Zubat,Voltorb,Voltorb,0,1
Chi-Yu,Landorus-Incarnate,Landorus-Incarnate,0,1
Stoutland,Cubone,Stoutland,1,2
Timburr,Karrablast,Timburr,1,2
Eelektrik,Yanmega,Eelektrik,1,2
Aerodactyl,Golisopod,Aerodactyl,1,2
Cleffa,Perrserker,Perrserker,0,1
Maushold-Family-Of-Four,Honedge,Honedge,0,3
Crobat,Cofagrigus,Cofagrigus,0,3
Rapidash,Archeops,Archeops,0,1
Drifblim,Froslass,Froslass,0,2
Vigoroth,Sprigatito,Vigoroth,1,1
Chewtle,Pawmi,Pawmi,0,1
Wurmple,Annihilape,Annihilape,0,1
Kingambit,Gumshoos,Kingambit,1,2
Iron-Jugulis,Sudowoodo,Iron-Jugulis,1,2
Ponyta,Chi-Yu,Chi-Yu,0,2
Machop,Gabite,Gabite,0,2
Tirtouga,Golbat,Tirtouga,1,2
Shiinotic,Dragalge,Dragalge,0,1
Typhlosion,Abra,Typhlosion,1,1
Lapras,Accelgor,Lapras,1,3
Ferroseed,Impidimp,Ferroseed,1,1
Solrock,Ninjask,Solrock,1,1
Cubchoo,Burmy,Cubchoo,1,2
Gible,Axew,Gible,1,1
Druddigon,Misdreavus,Misdreavus,0,3
Vanilluxe,Kakuna,Vanilluxe,1,1
Croagunk,Araquanid,Araquanid,0,2
Numel,Klink,Numel,1,1
Perrserker,Munchlax,Perrserker,1,2
Feraligatr,Pineco,Feraligatr,1,1
Espathra,Goldeen,Espathra,1,1
Veluza,Emolga,Emolga,0,2
Glimmora,Sentret,Glimmora,1,1
Cosmoem,Shuckle,Cosmoem,1,5
Helioptile,Rattata,Helioptile,1,1
Mankey,Solosis,Solosis,0,1
Rillaboom,Xatu,Xatu,0,3
Chandelure,Urshifu-Single-Strike,Urshifu-Single-Strike,0,2
Granbull,Iron-Thorns,Iron-Thorns,0,3
Lotad,Sandshrew,Sandshrew,0,1
Tapu-Koko,Budew,Tapu-Koko,1,1
Nincada,Dodrio,Dodrio,0,1
Pincurchin,Oinkologne-Male,Oinkologne-Male,0,2
Komala,Dusknoir,Dusknoir,0,3
Staraptor,Magby,Staraptor,1,1
Glastrier,Wailmer,Glastrier,1,2
Grookey,Archen,Archen,0,1
Tynamo,Hydrapple,Hydrapple,0,1
Bronzong,Quilava,Quilava,0,2
Crustle,Nidoking,Crustle,1,3
Klefki,Regice,Klefki,1,2
Ferrothorn,Aurorus,Ferrothorn,1,1
Pheromosa,Regirock,Regirock,0,2
Dondozo,Torkoal,Dondozo,1,2
Barbaracle,Nidoran-F,Barbaracle,1,2
Lunala,Masquerain,Lunala,1,2
Ducklett,Fletchinder,Fletchinder,0,2
Octillery,Stonjourner,Octillery,1,1
Duraludon,Greedent,Duraludon,1,4
Golett,Enamorus-Incarnate,Enamorus-Incarnate,0,1
Quaxly,Thwackey,Thwackey,0,1
Venipede,Bergmite,Bergmite,0,2
Chansey,Bastiodon,Bastiodon,0,1
Revavroom,Pyukumuku,Revavroom,1,3
Bronzor,Luxio,Luxio,0,4
Nacli,Garbodor,Garbodor,0,2
Flapple,Munkidori,Munkidori,0,1
Whirlipede,Electrike,Electrike,0,2
Inteleon,Bewear,Bewear,0,2
Poltchageist,Carnivine,Carnivine,0,1
Wartortle,Bronzor,Wartortle,1,3
Quagsire,Inteleon,Inteleon,0,2
Dewott,Corsola,Dewott,1,3
Turtonator,Dachsbun,Turtonator,1,3
Clawitzer,Oinkologne-Male,Oinkologne-Male,0,3
Magnezone,Vigoroth,Magnezone,1,2
Ducklett,Carnivine,Carnivine,0,2
Wobbuffet,Ursaring,Ursaring,0,4
Duskull,Wigglytuff,Wigglytuff,0,1
Simisage,Tornadus-Incarnate,Tornadus-Incarnate,0,1
Zekrom,Gigalith,Zekrom,1,3
Sawsbuck,Roaring-Moon,Roaring-Moon,0,3
Terrakion,Luxio,Terrakion,1,1
Nuzleaf,Delcatty,Delcatty,0,2
Weavile,Kleavor,Kleavor,0,1
Manectric,Mareep,Manectric,1,2
Gastly,Wishiwashi-Solo,Gastly,1,2
Arboliva,Venusaur,Venusaur,0,2
Komala,Inkay,Komala,1,1
Pidgeot,Nidoqueen,Nidoqueen,0,3
Whirlipede,Kyogre,Kyogre,0,1
Ferrothorn,Mienshao,Mienshao,0,2
Bonsly,Furret,Furret,0,3
Misdreavus,Slaking,Slaking,0,4
Bisharp,Diancie,Bisharp,1,1
Delcatty,Snorlax,Snorlax,0,2
Zarude,Lilligant,Zarude,1,3
Wishiwashi-Solo,Sandaconda,Sandaconda,0,1
Xatu,Seaking,Seaking,0,2
Conkeldurr,Kingambit,Conkeldurr,1,1
Snover,Hawlucha,Hawlucha,0,1
Cryogonal,Scrafty,Scrafty,0,1
Swellow,Nuzleaf,Swellow,1,1
Heracross,Xatu,Xatu,0,1
Sealeo,Herdier,Sealeo,1,3
Surskit,Celesteela,Celesteela,0,1
Mareanie,Tornadus-Incarnate,Tornadus-Incarnate,0,2
Jirachi,Dedenne,Jirachi,1,2
Cradily,Komala,Cradily,1,3
Giratina-Altered,Mudbray,Giratina-Altered,1,2
Monferno,Frosmoth,Monferno,1,1
Magcargo,Jellicent-Male,Jellicent-Male,0,1
Manaphy,Swanna,Manaphy,1,3
Gastrodon,Spewpa,Gastrodon,1,1
Clauncher,Toucannon,Toucannon,0,1
Prinplup,Staraptor,Staraptor,0,2
Cufant,Bergmite,Cufant,1,2
Miltank,Bounsweet,Miltank,1,1
Hippopotas,Krokorok,Krokorok,0,2
Archaludon,Combee,Archaludon,1,1
Shedinja,Beldum,Shedinja,1,1
Carkol,Burmy,Carkol,1,1
Salandit,Cryogonal,Cryogonal,0,2
Maschiff,Duraludon,Duraludon,0,1
Floragato,Decidueye,Decidueye,0,2
Purrloin,Iron-Jugulis,Iron-Jugulis,0,1
Pawmi,Buizel,Buizel,0,1
Electabuzz,Luxray,Luxray,0,2
Inteleon,Hoothoot,Inteleon,1,1
Melmetal,Pawniard,Melmetal,1,2
Hattrem,Fearow,Fearow,0,2
Kubfu,Pupitar,Kubfu,1,2
Melmetal,Taillow,Melmetal,1,1
Sliggoo,Starly,Sliggoo,1,1
Magearna,Ariados,Magearna,1,3
Espeon,Tapu-Lele,Tapu-Lele,0,2
Combee,Heliolisk,Heliolisk,0,1
Spewpa,Noivern,Noivern,0,1
Budew,Marill,Budew,1,2
Shedinja,Wobbuffet,Wobbuffet,0,1
Vespiquen,Hypno,Vespiquen,1,2
Roggenrola,Cyclizar,Cyclizar,0,1
Skeledirge,Nidoqueen,Nidoqueen,0,3
Solgaleo,Mienshao,Solgaleo,1,1
Wishiwashi-Solo,Pidove,Pidove,0,1
Mandibuzz,Gyarados,Gyarados,0,4
Sandy-Shocks,Dragalge,Sandy-Shocks,1,2
Geodude,Camerupt,Camerupt,0,1
Sandygast,Cetitan,Cetitan,0,2
Meditite,Manaphy,Manaphy,0,1
Dracovish,Herdier,Dracovish,1,3
Litwick,Blastoise,Blastoise,0,1
Girafarig,Lunala,Lunala,0,2
Taillow,Duraludon,Duraludon,0,1
Kangaskhan,Poliwrath,Poliwrath,0,2
Electrode,Sunflora,Sunflora,0,2
Talonflame,Sinistcha,Talonflame,1,2
Weezing,Treecko,Weezing,1,1
Cleffa,Hoppip,Cleffa,1,1
Gastrodon,Magneton,Gastrodon,1,1
Vaporeon,Togetic,Vaporeon,1,2
Sobble,Kartana,Kartana,0,1
Vanillite,Ivysaur,Ivysaur,0,2
Castform,Blipbug,Castform,1,1
Entei,Venusaur,Entei,1,2
Trevenant,Silicobra,Trevenant,1,1
Ludicolo,Swablu,Ludicolo,1,2
Galvantula,Pachirisu,Galvantula,1,3
Bronzor,Aron,Aron,0,6
Meditite,Bellsprout,Meditite,1,1
Plusle,Liepard,Liepard,0,2
Crobat,Landorus-Incarnate,Crobat,1,2
Skrelp,Cyclizar,Cyclizar,0,2
Hydreigon,Torterra,Hydreigon,1,1
Cacturne,Igglybuff,Cacturne,1,1
Iron-Bundle,Wartortle,Iron-Bundle,1,3
Kricketot,Terrakion,Terrakion,0,1
Torkoal,Vullaby,Torkoal,1,2
Croconaw,Meowth,Croconaw,1,2
Sylveon,Onix,Sylveon,1,1
Loudred,Magnezone,Magnezone,0,2
Pikipek,Larvesta,Pikipek,1,1
Chansey,Necrozma,Necrozma,0,1
Grotle,Donphan,Grotle,1,2
Hoppip,Dudunsparce-Two-Segment,Dudunsparce-Two-Segment,0,1
Archen,Ambipom,Ambipom,0,2
Tapu-Lele,Spheal,Tapu-Lele,1,2
Naclstack,Mime-Jr,Naclstack,1,1
Dugtrio,Croagunk,Dugtrio,1,1
Binacle,Melmetal,Melmetal,0,1
Ampharos,Aipom,Ampharos,1,2
Bellossom,Herdier,Bellossom,1,2
Gothitelle,Bewear,Gothitelle,1,2
Psyduck,Pecharunt,Pecharunt,0,2
Wimpod,Frigibax,Frigibax,0,1
Stoutland,Quilava,Stoutland,1,2
Samurott,Appletun,Samurott,1,2
Glastrier,Gimmighoul,Glastrier,1,2
Nosepass,Finneon,Finneon,0,1
Quilladin,Arctozolt,Arctozolt,0,1
Kabuto,Gardevoir,Gardevoir,0,1
Pachirisu,Snorunt,Pachirisu,1,3
Wormadam-Plant,Elekid,Wormadam-Plant,1,2
Spinarak,Grookey,Spinarak,1,1
Flutter-Mane,Rhydon,Rhydon,0,1
Rowlet,Taillow,Rowlet,1,1
Espurr,Terapagos,Terapagos,0,3
Pecharunt,Quaxwell,Pecharunt,1,3
Zacian,Audino,Zacian,1,5
Zweilous,Klink,Zweilous,1,2
Diglett,Chesnaught,Chesnaught,0,1
Altaria,Reshiram,Reshiram,0,1
Chandelure,Reshiram,Reshiram,0,2
Solosis,Slurpuff,Slurpuff,0,2
Walking-Wake,Lapras,Walking-Wake,1,4
Lotad,Azurill,Lotad,1,2
Kricketot,Regirock,Regirock,0,1
Meltan,Fennekin,Fennekin,0,1
Bisharp,Gengar,Bisharp,1,2
Pinsir,Scizor,Scizor,0,3
Tauros,Minccino,Tauros,1,1
Palpitoad,Morpeko-Full-Belly,Palpitoad,1,2
Xurkitree,Xerneas,Xerneas,0,2
Kyogre,Axew,Kyogre,1,1
Revavroom,Nymble,Revavroom,1,1
Qwilfish,Shelmet,Qwilfish,1,2
Dewpider,Umbreon,Umbreon,0,2
Farigiraf,Keldeo-Ordinary,Farigiraf,1,2
Aron,Murkrow,Murkrow,0,1
Poltchageist,Taillow,Taillow,0,1
Drizzile,Lanturn,Lanturn,0,1
Pyroar-Male,Sandile,Pyroar-Male,1,1
Surskit,Tinkaton,Tinkaton,0,2
Omanyte,Skrelp,Skrelp,0,2
Tinkatink,Noivern,Noivern,0,3
Bulbasaur,Unfezant,Unfezant,0,1
Pawniard,Dewpider,Pawniard,1,2
Simisage,Doublade,Doublade,0,2
Oshawott,Quaquaval,Quaquaval,0,1
Torterra,Iron-Thorns,Iron-Thorns,0,2
Snom,Wooloo,Wooloo,0,2
Grubbin,Zygarde-50,Zygarde-50,0,2
Skuntank,Vanilluxe,Skuntank,1,3
Sigilyph,Togetic,Sigilyph,1,2
Kabuto,Magcargo,Kabuto,1,1
Frillish-Male,Virizion,Virizion,0,1
Alcremie,Greedent,Greedent,0,3
Stunfisk,Sableye,Stunfisk,1,2
Rhyhorn,Weedle,Rhyhorn,1,1
Slurpuff,Bounsweet,Slurpuff,1,1
Crobat,Seedot,Crobat,1,1
Teddiursa,Toxel,Teddiursa,1,1
Zebstrika,Lillipup,Zebstrika,1,2
Foongus,Fidough,Foongus,1,1
Cottonee,Liepard,Liepard,0,1
Pincurchin,Diglett,Pincurchin,1,1
Meowstic-Male,Armaldo,Armaldo,0,1
Charmander,Floette,Floette,0,2
Burmy,Solrock,Solrock,0,1
Bagon,Toucannon,Toucannon,0,1
Shieldon,Darkrai,Darkrai,0,1
Metagross,Elgyem,Metagross,1,1
Pineco,Cufant,Cufant,0,3
Pheromosa,Illumise,Pheromosa,1,2
Snivy,Regidrago,Regidrago,0,1
Eelektrik,Tornadus-Incarnate,Eelektrik,1,2
Seel,Glimmora,Glimmora,0,3
Mightyena,Bagon,Mightyena,1,1
Farigiraf,Tandemaus,Farigiraf,1,1
Tropius,Eiscue-Ice,Eiscue-Ice,0,2
Zubat,Cranidos,Cranidos,0,1
Octillery,Ferrothorn,Ferrothorn,0,3
Sizzlipede,Jumpluff,Jumpluff,0,1
Ting-Lu,Turtwig,Ting-Lu,1,2
Kyurem,Haxorus,Kyurem,1,1
Cofagrigus,Kangaskhan,Cofagrigus,1,6
Boltund,Vanillite,Boltund,1,1
Venonat,Sliggoo,Sliggoo,0,2
Mabosstiff,Iron-Hands,Iron-Hands,0,1
Shellder,Frigibax,Frigibax,0,1
Regice,Zangoose,Regice,1,2
Grafaiai,Helioptile,Grafaiai,1,1
Perrserker,Inteleon,Inteleon,0,2
Zebstrika,Araquanid,Zebstrika,1,3
Golem,Mamoswine,Mamoswine,0,2
Poltchageist,Machop,Poltchageist,1,2
Mesprit,Latios,Latios,0,3
Stoutland,Magnezone,Magnezone,0,3
Oddish,Shuckle,Oddish,1,3
Scyther,Drednaw,Drednaw,0,1
Lurantis,Duosion,Lurantis,1,2
Altaria,Horsea,Altaria,1,1
Shedinja,Phantump,Phantump,0,1
Bergmite,Woobat,Woobat,0,2
Hawlucha,Sandygast,Hawlucha,1,1
Spoink,Ivysaur,Ivysaur,0,2
Girafarig,Sandygast,Girafarig,1,1
Rufflet,Pineco,Rufflet,1,1
Axew,Flaaffy,Flaaffy,0,1
Golem,Bellossom,Bellossom,0,1
Terapagos,Gossifleur,Terapagos,1,2
Ponyta,Larvitar,Larvitar,0,1
Fletchling,Flamigo,Flamigo,0,1
Salazzle,Iron-Bundle,Iron-Bundle,0,1
Farfetchd,Ponyta,Ponyta,0,2
Toxicroak,Crocalor,Toxicroak,1,3
Yamper,Wo-Chien,Wo-Chien,0,2
Lucario,Magmar,Magmar,0,1
Chandelure,Charmander,Chandelure,1,2
Exeggutor,Marill,Exeggutor,1,1
Tinkaton,Drampa,Tinkaton,1,2
Groudon,Sylveon,Groudon,1,2
Kingdra,Tangrowth,Kingdra,1,2
Corsola,Gigalith,Corsola,1,2
Basculin-Red-Striped,Marshadow,Marshadow,0,2
Wobbuffet,Zarude,Zarude,0,4
Nihilego,Duraludon,Nihilego,1,2
Quilladin,Flapple,Flapple,0,2
Excadrill,Brionne,Excadrill,1,2
Shaymin-Land,Zarude,Shaymin-Land,1,3
Poliwag,Banette,Banette,0,1
Munchlax,Beartic,Beartic,0,2
Geodude,Yveltal,Yveltal,0,1
Kakuna,Arctovish,Arctovish,0,1
Basculin-Red-Striped,Elekid,Basculin-Red-Striped,1,2
Iron-Leaves,Hawlucha,Hawlucha,0,2
Toedscool,Feraligatr,Feraligatr,0,1
Meganium,Mime-Jr,Meganium,1,1
Croconaw,Porygon,Croconaw,1,4
Shiftry,Milcery,Shiftry,1,2
Altaria,Seel,Altaria,1,2
Munchlax,Goomy,Munchlax,1,1
Vikavolt,Prinplup,Vikavolt,1,1
Bronzong,Tinkaton,Bronzong,1,3
Kilowattrel,Castform,Kilowattrel,1,2
Exeggutor,Gothitelle,Gothitelle,0,3
Grumpig,Escavalier,Escavalier,0,1
Jellicent-Male,Krokorok,Jellicent-Male,1,1
Aegislash-Shield,Sylveon,Aegislash-Shield,1,3
Solrock,Magnemite,Solrock,1,2
Arctovish,Hoppip,Arctovish,1,1
Igglybuff,Quaquaval,Quaquaval,0,1
Piloswine,Crabominable,Crabominable,0,2
Archen,Palossand,Palossand,0,1
Combusken,Goomy,Combusken,1,1
Metapod,Throh,Throh,0,2
Groudon,Dratini,Groudon,1,1
Gigalith,Infernape,Gigalith,1,2
Vaporeon,Gourgeist-Average,Vaporeon,1,2
Paras,Finneon,Finneon,0,2
Polteageist,Zapdos,Zapdos,0,2
Infernape,Parasect,Infernape,1,1
Murkrow,Dachsbun,Dachsbun,0,1
Sudowoodo,Sigilyph,Sigilyph,0,2
Hydrapple,Conkeldurr,Hydrapple,1,3
Kabuto,Dedenne,Dedenne,0,1
Pikachu,Prinplup,Prinplup,0,1
Wyrdeer,Salandit,Wyrdeer,1,1
Geodude,Maschiff,Maschiff,0,1
Drakloak,Raticate,Raticate,0,2
Zangoose,Electrike,Zangoose,1,1
Scraggy,Dottler,Scraggy,1,3
Iron-Jugulis,Silcoon,Iron-Jugulis,1,1
Nidoking,Skitty,Nidoking,1,1
Exeggutor,Seadra,Exeggutor,1,1
Amaura,Makuhita,Makuhita,0,1
Charjabug,Kyurem,Kyurem,0,2
Miltank,Alakazam,Alakazam,0,2
Joltik,Naganadel,Naganadel,0,1
Entei,Mothim,Entei,1,1
Flareon,Cleffa,Flareon,1,1
Simisear,Sceptile,Simisear,1,2
Vulpix,Carnivine,Carnivine,0,1
Brute-Bonnet,Wo-Chien,Wo-Chien,0,4
Nidoqueen,Chandelure,Chandelure,0,2
Snivy,Palkia,Palkia,0,1
Purrloin,Sneasler,Sneasler,0,1
Taillow,Skiddo,Skiddo,0,1
Drizzile,Nincada,Drizzile,1,1
Raticate,Shuckle,Raticate,1,5
Kingambit,Jangmo-O,Kingambit,1,1
Diglett,Fletchinder,Fletchinder,0,1
Mantine,Arcanine,Mantine,1,2
Onix,Sunkern,Onix,1,1
Skorupi,Nuzleaf,Skorupi,1,1
Poltchageist,Eldegoss,Eldegoss,0,1
Blacephalon,Articuno,Blacephalon,1,2
Pumpkaboo-Average,Drifblim,Drifblim,0,1
Nidoran-F,Vileplume,Vileplume,0,2
Jirachi,Hoothoot,Jirachi,1,1
Heatran,Sprigatito,Heatran,1,1
Raikou,Exeggutor,Raikou,1,2
Toxtricity-Amped,Butterfree,Toxtricity-Amped,1,1
Dratini,Coalossal,Coalossal,0,1
Palafin-Zero,Gothorita,Palafin-Zero,1,4
Dusclops,Qwilfish,Dusclops,1,3
Stantler,Shelgon,Stantler,1,2
Cresselia,Cryogonal,Cresselia,1,4
Swinub,Poochyena,Swinub,1,1
Dragapult,Pikachu,Dragapult,1,1
Drilbur,Carkol,Drilbur,1,1
Kakuna,Purrloin,Purrloin,0,1
Arceus,Sewaddle,Arceus,1,1
Spheal,Spinarak,Spheal,1,2
Luxray,Bastiodon,Luxray,1,4
Crabrawler,Rolycoly,Crabrawler,1,1
Cryogonal,Buzzwole,Buzzwole,0,1
Lugia,Ariados,Lugia,1,2
Noivern,Pachirisu,Noivern,1,3
Patrat,Torchic,Torchic,0,1
Sneasel,Poipole,Poipole,0,2
Larvitar,Venonat,Larvitar,1,1
Weavile,Fearow,Weavile,1,2
Varoom,Sylveon,Varoom,1,2
Bouffalant,Terapagos,Bouffalant,1,3
Dialga,Espurr,Dialga,1,1
Uxie,Mantyke,Uxie,1,2
Exploud,Fraxure,Exploud,1,2
Drakloak,Glalie,Glalie,0,1
Exeggcute,Granbull,Granbull,0,2
Toxel,Illumise,Illumise,0,2
Pupitar,Flittle,Pupitar,1,1
Claydol,Solgaleo,Solgaleo,0,2
Grafaiai,Palkia,Palkia,0,2
Aurorus,Golem,Aurorus,1,1
Tandemaus,Regieleki,Regieleki,0,1
Gothitelle,Tynamo,Gothitelle,1,1
Ursaring,Zigzagoon,Ursaring,1,1
Gouging-Fire,Gossifleur,Gouging-Fire,1,1
Larvitar,Cobalion,Cobalion,0,1
Mienshao,Latias,Latias,0,1
Quilava,Roaring-Moon,Roaring-Moon,0,2
Sandaconda,Rhyperior,Sandaconda,1,3
Noibat,Flamigo,Flamigo,0,1
Rotom,Stantler,Rotom,1,2
Zarude,Lotad,Zarude,1,1
Tynamo,Nidorina,Nidorina,0,1
Tropius,Swellow,Swellow,0,2
Inkay,Ariados,Ariados,0,1
Staraptor,Cofagrigus,Cofagrigus,0,2
Charjabug,Mr-Mime,Mr-Mime,0,2
Ludicolo,Volcarona,Volcarona,0,2
Minccino,Ribombee,Ribombee,0,1
Poochyena,Chinchou,Chinchou,0,1
Lechonk,Nidoran-M,Nidoran-M,0,2
Drifblim,Greavard,Drifblim,1,1
Xurkitree,Meowstic-Male,Xurkitree,1,2
Dottler,Meganium,Meganium,0,3
Cinccino,Hitmontop,Hitmontop,0,1
Wigglytuff,Octillery,Octillery,0,3
Crobat,Azumarill,Crobat,1,2
Reshiram,Kadabra,Reshiram,1,1
Sandshrew,Dracozolt,Dracozolt,0,1
Bombirdier,Magnezone,Magnezone,0,1
Magcargo,Mandibuzz,Mandibuzz,0,4
Jirachi,Fletchinder,Jirachi,1,2
Rockruff,Orbeetle,Orbeetle,0,1
Sinistcha,Cradily,Sinistcha,1,3
Trubbish,Armaldo,Armaldo,0,2
Gengar,Dodrio,Gengar,1,1
Heliolisk,Shinx,Heliolisk,1,1
Rockruff,Leavanny,Leavanny,0,1
Cubchoo,Emolga,Emolga,0,2
Nuzleaf,Regidrago,Regidrago,0,1
Regidrago,Exeggutor,Regidrago,1,3
Eelektrik,Mantyke,Eelektrik,1,1
Magnemite,Cacnea,Magnemite,1,1
Crobat,Buneary,Crobat,1,2
Fearow,Hoopa,Hoopa,0,1
Porygon,Dipplin,Porygon,1,2
Eelektrik,Dewgong,Dewgong,0,3
Pidgeot,Fearow,Pidgeot,1,2
Finizen,Mesprit,Mesprit,0,2
Corsola,Bisharp,Bisharp,0,2
Carvanha,Dewott,Dewott,0,1
Squirtle,Kricketune,Kricketune,0,2
Gligar,Corviknight,Corviknight,0,2
Tympole,Cherrim,Cherrim,0,1
Braixen,Togetic,Braixen,1,2
Tepig,Venusaur,Venusaur,0,2
Jellicent-Male,Larvitar,Jellicent-Male,1,1
Vanillite,Dustox,Dustox,0,2
Koffing,Crocalor,Crocalor,0,1
Axew,Gliscor,Gliscor,0,2
Flapple,Dragonite,Dragonite,0,1
Galvantula,Pyroar-Male,Pyroar-Male,0,1
Raichu,Frigibax,Raichu,1,2
Dratini,Raikou,Raikou,0,1
Servine,Taillow,Servine,1,1
Gengar,Tangela,Gengar,1,1
Shellos,Cursola,Cursola,0,2
Scraggy,Plusle,Plusle,0,2
Scream-Tail,Lickitung,Scream-Tail,1,4
Sawk,Lairon,Sawk,1,1
Drifblim,Moltres,Moltres,0,2
Sprigatito,Dusknoir,Dusknoir,0,1
Dolliv,Pincurchin,Pincurchin,0,2
Leavanny,Gastly,Leavanny,1,1
Dreepy,Poliwrath,Poliwrath,0,1
Zorua,Cinderace,Cinderace,0,1
Deino,Arctozolt,Arctozolt,0,1
Entei,Absol,Entei,1,2
Kleavor,Chatot,Kleavor,1,1
Blissey,Tapu-Koko,Tapu-Koko,0,2
Lickilicky,Emboar,Emboar,0,2
Fezandipiti,Pinsir,Fezandipiti,1,3
Dodrio,Hitmonlee,Dodrio,1,1
Frosmoth,Helioptile,Frosmoth,1,1
Jigglypuff,Cacnea,Cacnea,0,2
Munna,Gothorita,Gothorita,0,4
Hippowdon,Pineco,Hippowdon,1,2
Bergmite,Raging-Bolt,Raging-Bolt,0,1
Grimmsnarl,Rillaboom,Grimmsnarl,1,3
Gyarados,Togetic,Gyarados,1,2
Banette,Grafaiai,Banette,1,3
Dottler,Furret,Furret,0,3
Wo-Chien,Shaymin-Land,Wo-Chien,1,3
Vanillite,Petilil,Vanillite,1,1
Frillish-Male,Darumaka,Frillish-Male,1,1
Iron-Treads,Darmanitan-Standard,Iron-Treads,1,2
Corphish,Joltik,Joltik,0,1
Alcremie,Frosmoth,Frosmoth,0,3
Bonsly,Flygon,Flygon,0,1
Quaquaval,Shedinja,Quaquaval,1,1
Nuzleaf,Corviknight,Corviknight,0,1
Vespiquen,Nickit,Vespiquen,1,1
Tapu-Bulu,Remoraid,Tapu-Bulu,1,1
Venonat,Iron-Crown,Iron-Crown,0,1
Flutter-Mane,Chansey,Flutter-Mane,1,2
Primeape,Wyrdeer,Wyrdeer,0,1
Zygarde-50,Slither-Wing,Slither-Wing,0,2
Bruxish,Cetoddle,Bruxish,1,3
Hippowdon,Rampardos,Hippowdon,1,2
Lotad,Okidogi,Okidogi,0,1
Nihilego,Brute-Bonnet,Nihilego,1,3
Grotle,Amoonguss,Amoonguss,0,2
Kakuna,Quilava,Quilava,0,1
Surskit,Brambleghast,Brambleghast,0,1
Munkidori,Armarouge,Armarouge,0,3
Kakuna,Kleavor,Kleavor,0,1
Ditto,Gyarados,Gyarados,0,1
Calyrex,Bruxish,Calyrex,1,2
Slowbro,Rolycoly,Slowbro,1,1
Cherubi,Kingler,Kingler,0,1
Furret,Sandy-Shocks,Sandy-Shocks,0,2
Lairon,Flaaffy,Flaaffy,0,2
Reshiram,Castform,Reshiram,1,2
Mightyena,Golisopod,Golisopod,0,1
Gimmighoul,Sewaddle,Gimmighoul,1,2
Naganadel,Drednaw,Naganadel,1,2
Drizzile,Quagsire,Quagsire,0,2
Virizion,Boltund,Virizion,1,2
Gligar,Cinderace,Cinderace,0,1
Ducklett,Lokix,Lokix,0,2
Crawdaunt,Mankey,Crawdaunt,1,1
Pyukumuku,Kingambit,Kingambit,0,4
Primarina,Mienshao,Primarina,1,1
Wormadam-Plant,Tynamo,Wormadam-Plant,1,1
Seviper,Mabosstiff,Mabosstiff,0,3
Shroodle,Politoed,Politoed,0,1
Ninjask,Corsola,Corsola,0,1
Wailmer,Zigzagoon,Wailmer,1,1
Azurill,Crawdaunt,Crawdaunt,0,1
Rapidash,Starly,Rapidash,1,1
Zigzagoon,Deoxys-Normal,Deoxys-Normal,0,1
Corsola,Bellossom,Bellossom,0,1
Shuppet,Baltoy,Shuppet,1,1
Combee,Garchomp,Garchomp,0,1
Dragonair,Cramorant,Cramorant,0,2
Octillery,Vulpix,Octillery,1,1
Copperajah,Pansear,Copperajah,1,2
Delphox,Poltchageist,Delphox,1,1
Lycanroc-Midday,Gothita,Lycanroc-Midday,1,1
Drifblim,Miltank,Drifblim,1,5
Vanilluxe,Skrelp,Vanilluxe,1,2
Skitty,Pancham,Pancham,0,1
Spinda,Solosis,Spinda,1,2
Pineco,Lumineon,Lumineon,0,2
Teddiursa,Sizzlipede,Sizzlipede,0,2
Mamoswine,Morgrem,Mamoswine,1,1
Natu,Landorus-Incarnate,Landorus-Incarnate,0,1
Munchlax,Sinistcha,Sinistcha,0,4
Rellor,Carnivine,Carnivine,0,2
Manectric,Basculegion-Male,Manectric,1,2
Archen,Sinistea,Archen,1,1
Lurantis,Magearna,Magearna,0,2
Simisear,Pineco,Simisear,1,1
Bellsprout,Sewaddle,Bellsprout,1,1
Ekans,Armarouge,Armarouge,0,1
Chatot,Cramorant,Cramorant,0,2
Zigzagoon,Chansey,Zigzagoon,1,2
Flamigo,Ursaluna,Ursaluna,0,2
Lunatone,Roaring-Moon,Roaring-Moon,0,3
Gligar,Taillow,Gligar,1,1
Brute-Bonnet,Avalugg,Brute-Bonnet,1,3
Ambipom,Capsakid,Ambipom,1,1
Xurkitree,Arctozolt,Arctozolt,0,3
Geodude,Finizen,Finizen,0,1
Great-Tusk,Cresselia,Cresselia,0,2
Zekrom,Alomomola,Zekrom,1,2
Greninja,Nymble,Greninja,1,1
Qwilfish,Swellow,Qwilfish,1,2
Amaura,Azumarill,Azumarill,0,2
Glaceon,Landorus-Incarnate,Glaceon,1,1
Lopunny,Wiglett,Lopunny,1,1
Beheeyem,Crabrawler,Beheeyem,1,1
Regice,Cloyster,Cloyster,0,3
Pawmo,Skiploom,Pawmo,1,2
Mimikyu-Disguised,Rowlet,Mimikyu-Disguised,1,2
Tandemaus,Mime-Jr,Tandemaus,1,1
Exeggutor,Basculegion-Male,Basculegion-Male,0,2
Runerigus,Pupitar,Runerigus,1,2
Enamorus-Incarnate,Mankey,Enamorus-Incarnate,1,1
Onix,Indeedee-Male,Indeedee-Male,0,1
Glameow,Swellow,Swellow,0,2
Heatmor,Gossifleur,Heatmor,1,1
Revavroom,Staravia,Revavroom,1,1
Beldum,Milotic,Milotic,0,2
Eldegoss,Jolteon,Jolteon,0,2
Burmy,Wailmer,Wailmer,0,2
Squawkabilly-Green-Plumage,Dudunsparce-Two-Segment,Dudunsparce-Two-Segment,0,2
Pecharunt,Lanturn,Pecharunt,1,4
Uxie,Sealeo,Uxie,1,4
Seismitoad,Chi-Yu,Seismitoad,1,1
Cranidos,Omanyte,Omanyte,0,1
Squawkabilly-Green-Plumage,Gliscor,Gliscor,0,2
Slowpoke,Torchic,Slowpoke,1,2
Flygon,Ekans,Flygon,1,1
Chandelure,Slither-Wing,Chandelure,1,2
Larvitar,Magneton,Magneton,0,1
Shuppet,Tepig,Shuppet,1,2
Gouging-Fire,Cranidos,Gouging-Fire,1,2
Wailord,Mienshao,Wailord,1,2
Camerupt,Masquerain,Camerupt,1,2
Pidgey,Eelektrik,Eelektrik,0,1
Orthworm,Perrserker,Orthworm,1,7
Lickilicky,Pyroar-Male,Lickilicky,1,3
Liepard,Pidove,Liepard,1,1
Zoroark,Togekiss,Togekiss,0,1
Tapu-Lele,Darkrai,Tapu-Lele,1,2
Swadloon,Cranidos,Cranidos,0,1
Ogerpon,Pelipper,Ogerpon,1,3
Florges,Floatzel,Florges,1,2
Flapple,Applin,Flapple,1,1
Salamence,Slither-Wing,Salamence,1,1
Lurantis,Luxio,Lurantis,1,2
Horsea,Araquanid,Araquanid,0,2
Charcadet,Poltchageist,Charcadet,1,1
Electivire,Nidoran-M,Electivire,1,1
Deoxys-Normal,Gulpin,Deoxys-Normal,1,1
Charjabug,Trumbeak,Charjabug,1,2
Clodsire,Umbreon,Clodsire,1,6
Claydol,Finizen,Claydol,1,2
Wobbuffet,Braixen,Braixen,0,5
Rabsca,Buzzwole,Buzzwole,0,1
Type-Null,Ribombee,Type-Null,1,2
Silicobra,Anorith,Anorith,0,2
Rillaboom,Dondozo,Rillaboom,1,4
Grafaiai,Deino,Grafaiai,1,1
Omanyte,Magnemite,Magnemite,0,1
Toedscool,Swinub,Toedscool,1,1
Wooloo,Magikarp,Wooloo,1,2
Froslass,Delibird,Froslass,1,2
Remoraid,Goldeen,Goldeen,0,2
Walking-Wake,Rowlet,Walking-Wake,1,1
Victini,Nidoran-M,Victini,1,1
Exeggutor,Iron-Leaves,Iron-Leaves,0,3
Dracovish,Wobbuffet,Dracovish,1,7
Throh,Gulpin,Throh,1,3
Stunky,Marill,Stunky,1,2
Bastiodon,Crustle,Bastiodon,1,4
Mudkip,Pincurchin,Pincurchin,0,1
Spidops,Stakataka,Stakataka,0,1
Skiploom,Raging-Bolt,Raging-Bolt,0,1
Scyther,Shelmet,Scyther,1,1
Abra,Roaring-Moon,Roaring-Moon,0,1
Altaria,Clodsire,Clodsire,0,3
Duskull,Yamper,Yamper,0,2
Pidove,Quaxwell,Quaxwell,0,1
Bellibolt,Varoom,Bellibolt,1,1
Klawf,Toedscruel,Toedscruel,0,2
Luxray,Glaceon,Glaceon,0,2
Braixen,Foongus,Braixen,1,1
Venusaur,Hoppip,Venusaur,1,1
Pikachu,Pelipper,Pikachu,1,1
Luvdisc,Shiftry,Shiftry,0,1
Pawmo,Chesnaught,Chesnaught,0,1
Lillipup,Haxorus,Haxorus,0,1
Glimmet,Tangela,Glimmet,1,1
Brambleghast,Deoxys-Normal,Deoxys-Normal,0,1
Pincurchin,Elekid,Pincurchin,1,1
Rabsca,Torterra,Rabsca,1,2
Sobble,Goomy,Sobble,1,2
Combee,Trevenant,Trevenant,0,1
Hakamo-O,Skrelp,Hakamo-O,1,2
Bouffalant,Falinks,Falinks,0,2
Manectric,Slurpuff,Slurpuff,0,2
Golbat,Ledian,Golbat,1,1
Nidoran-M,Golisopod,Golisopod,0,1
Spritzee,Ceruledge,Ceruledge,0,2
Litwick,Enamorus-Incarnate,Enamorus-Incarnate,0,1
Golurk,Iron-Boulder,Golurk,1,2
Mudbray,Tornadus-Incarnate,Tornadus-Incarnate,0,2
Happiny,Ferrothorn,Ferrothorn,0,1
Flutter-Mane,Alcremie,Flutter-Mane,1,3
Chikorita,Azumarill,Azumarill,0,2
Unown,Garbodor,Garbodor,0,1
Sunkern,Manaphy,Manaphy,0,1
Scream-Tail,Snorunt,Scream-Tail,1,2
Gliscor,Wooper,Gliscor,1,2
Marshtomp,Litten,Marshtomp,1,1
Tyranitar,Carracosta,Tyranitar,1,2
Chatot,Comfey,Comfey,0,2
Shellder,Mamoswine,Mamoswine,0,1
Pidove,Samurott,Samurott,0,1
Helioptile,Electabuzz,Electabuzz,0,2
Skiploom,Dewott,Dewott,0,1
Whirlipede,Jirachi,Jirachi,0,1
Jigglypuff,Caterpie,Jigglypuff,1,1
Krookodile,Centiskorch,Centiskorch,0,2
Bellsprout,Rhyhorn,Bellsprout,1,1
Cubchoo,Pinsir,Pinsir,0,1
Togedemaru,Farfetchd,Togedemaru,1,2
Hatenna,Orthworm,Orthworm,0,1
Glalie,Tyranitar,Tyranitar,0,1
Skorupi,Aegislash-Shield,Aegislash-Shield,0,3
Metagross,Mime-Jr,Metagross,1,1
Parasect,Manectric,Manectric,0,2
Durant,Lombre,Durant,1,1
Slurpuff,Charjabug,Slurpuff,1,2
Talonflame,Pheromosa,Talonflame,1,1
Duosion,Grotle,Duosion,1,2
Sunflora,Castform,Sunflora,1,2
Axew,Weepinbell,Weepinbell,0,1
Meowscarada,Dubwool,Dubwool,0,3
Illumise,Inkay,Illumise,1,1
Amaura,Mew,Mew,0,2
Cottonee,Lugia,Lugia,0,1
Honchkrow,Zorua,Honchkrow,1,1
Buneary,Tapu-Lele,Tapu-Lele,0,1
Arcanine,Thwackey,Arcanine,1,1
Feraligatr,Squirtle,Feraligatr,1,2
Gabite,Chinchou,Gabite,1,1
Blacephalon,Amoonguss,Blacephalon,1,2
Claydol,Gourgeist-Average,Gourgeist-Average,0,2
Beautifly,Litleo,Litleo,0,1
Pincurchin,Sandile,Pincurchin,1,1
Banette,Fraxure,Banette,1,2
Drizzile,Dialga,Dialga,0,1
Mareanie,Suicune,Suicune,0,3
Chikorita,Crocalor,Crocalor,0,1
Remoraid,Stantler,Stantler,0,1
Cubchoo,Chingling,Chingling,0,2
Charmander,Slowbro,Slowbro,0,1
Slowking,Cursola,Cursola,0,2
Rhydon,Dewott,Dewott,0,1
Sandslash,Walking-Wake,Walking-Wake,0,1
Phanpy,Sprigatito,Sprigatito,0,2
Snorlax,Weavile,Snorlax,1,2
Torkoal,Swalot,Torkoal,1,4
Crocalor,Tinkaton,Crocalor,1,2
Ting-Lu,Kingdra,Kingdra,0,3
Rookidee,Dartrix,Dartrix,0,1
Rowlet,Grookey,Rowlet,1,1
Slowking,Typhlosion,Slowking,1,2
Slowbro,Caterpie,Slowbro,1,1
Tentacool,Luxray,Luxray,0,1
Celebi,Noibat,Celebi,1,1
Espeon,Clamperl,Espeon,1,1
Lechonk,Pumpkaboo-Average,Pumpkaboo-Average,0,3
Mudsdale,Seedot,Mudsdale,1,1
Eiscue-Ice,Butterfree,Eiscue-Ice,1,2
Electabuzz,Muk,Muk,0,2
Hawlucha,Sandslash,Hawlucha,1,2
Drednaw,Gourgeist-Average,Gourgeist-Average,0,2
Espurr,Krabby,Espurr,1,1
Mew,Arctozolt,Mew,1,3
Masquerain,Dhelmise,Masquerain,1,2
Wurmple,Gothita,Gothita,0,1
Starmie,Baltoy,Starmie,1,1
Morgrem,Minun,Minun,0,2
Hatterene,Mudbray,Hatterene,1,1
Bellibolt,Clawitzer,Bellibolt,1,2
Hoopa,Mesprit,Hoopa,1,2
Pawniard,Duraludon,Duraludon,0,2
Slurpuff,Golbat,Golbat,0,2
Rolycoly,Ninjask,Ninjask,0,1
Cradily,Growlithe,Cradily,1,1
Absol,Quilava,Quilava,0,2
Spoink,Sandile,Spoink,1,1
Perrserker,Rellor,Perrserker,1,1
Swoobat,Steelix,Steelix,0,2
Bidoof,Aurorus,Aurorus,0,1
Hoothoot,Gastrodon,Gastrodon,0,2
Marowak,Orbeetle,Orbeetle,0,2
Litwick,Bombirdier,Bombirdier,0,1
Rotom,Lopunny,Rotom,1,3
Zebstrika,Spewpa,Zebstrika,1,1
Cacturne,Smoochum,Cacturne,1,1
Shelgon,Scovillain,Scovillain,0,1
Wormadam-Plant,Vibrava,Wormadam-Plant,1,1
Alomomola,Dewpider,Alomomola,1,2
Dragalge,Beheeyem,Beheeyem,0,2
Camerupt,Incineroar,Camerupt,1,2
Sizzlipede,Drifloon,Drifloon,0,1
Arctovish,Chansey,Arctovish,1,1
Eternatus,Floatzel,Eternatus,1,2
Dachsbun,Wooper,Dachsbun,1,2
Jirachi,Wurmple,Jirachi,1,1
Machop,Suicune,Suicune,0,2
Nidoqueen,Bramblin,Nidoqueen,1,1
Clamperl,Veluza,Veluza,0,1
Pikachu,Nidoqueen,Nidoqueen,0,1
Krookodile,Pikachu,Krookodile,1,1
Decidueye,Shedinja,Decidueye,1,1
Delphox,Eelektrik,Delphox,1,2
Altaria,Dugtrio,Altaria,1,1
Zarude,Fezandipiti,Fezandipiti,0,3
Victini,Koffing,Victini,1,1
Mareep,Archen,Archen,0,1
Nidoking,Seedot,Nidoking,1,1
Nihilego,Weepinbell,Nihilego,1,1
Oranguru,Spheal,Oranguru,1,2
Alakazam,Feebas,Alakazam,1,1
Iron-Moth,Centiskorch,Iron-Moth,1,3
Ribombee,Jangmo-O,Ribombee,1,1
Granbull,Parasect,Granbull,1,3
Shiinotic,Quaxwell,Shiinotic,1,1
Sableye,Meganium,Meganium,0,2
Torchic,Dragonite,Dragonite,0,1
Shiftry,Bagon,Shiftry,1,1
Tentacruel,Gossifleur,Tentacruel,1,1
Dialga,Marill,Dialga,1,2
Lokix,Furfrou,Lokix,1,2
Bounsweet,Finizen,Finizen,0,2
Clauncher,Unfezant,Unfezant,0,2
Excadrill,Sudowoodo,Excadrill,1,2
Snorunt,Bruxish,Bruxish,0,2
Mawile,Octillery,Octillery,0,1
Tirtouga,Litleo,Tirtouga,1,1
Espeon,Drowzee,Espeon,1,3
Raikou,Maschiff,Raikou,1,2
Lopunny,Obstagoon,Obstagoon,0,3
Diggersby,Hydrapple,Hydrapple,0,2
Octillery,Scrafty,Scrafty,0,3
Tepig,Poochyena,Tepig,1,1
Bibarel,Hatenna,Bibarel,1,1
Oinkologne-Male,Clauncher,Oinkologne-Male,1,2
Servine,Drilbur,Servine,1,1
Arctovish,Vigoroth,Arctovish,1,2
Manaphy,Toxel,Manaphy,1,1
Xatu,Mantine,Mantine,0,2
Trevenant,Mismagius,Trevenant,1,1
Lurantis,Gloom,Lurantis,1,2
Toucannon,Cleffa,Toucannon,1,1
Togekiss,Blastoise,Togekiss,1,3
Enamorus-Incarnate,Tangrowth,Enamorus-Incarnate,1,2
Poltchageist,Delcatty,Delcatty,0,2
Fomantis,Durant,Durant,0,1
Froakie,Slowbro,Slowbro,0,1
Garchomp,Abra,Garchomp,1,1
Azurill,Woobat,Woobat,0,2
Mudsdale,Skrelp,Mudsdale,1,1
Sealeo,Snubbull,Sealeo,1,2
Electabuzz,Veluza,Electabuzz,1,2
Crabrawler,Dragonair,Dragonair,0,2
Shellder,Gyarados,Gyarados,0,1
Skeledirge,Sentret,Skeledirge,1,1
Yanmega,Whimsicott,Whimsicott,0,2
Silvally,Tadbulb,Silvally,1,1
Herdier,Victini,Victini,0,2
Gouging-Fire,Musharna,Musharna,0,4
Toxel,Binacle,Toxel,1,1
Regigigas,Onix,Regigigas,1,1
Hattrem,Mienshao,Hattrem,1,1
Skeledirge,Brionne,Brionne,0,2
Chespin,Hoppip,Chespin,1,1
Seaking,Espeon,Espeon,0,2
Wailmer,Venipede,Wailmer,1,1
Blacephalon,Bagon,Blacephalon,1,1
Morpeko-Full-Belly,Rolycoly,Morpeko-Full-Belly,1,1
Krokorok,Sandile,Krokorok,1,1
Landorus-Incarnate,Riolu,Landorus-Incarnate,1,1
Clefairy,Enamorus-Incarnate,Enamorus-Incarnate,0,2
Regirock,Jynx,Regirock,1,1
Sinistcha,Zekrom,Zekrom,0,2
Greavard,Zarude,Zarude,0,1
Graveler,Metapod,Graveler,1,1
Drakloak,Komala,Komala,0,2
Chimchar,Stantler,Stantler,0,1
Sandile,Piloswine,Piloswine,0,1
Spectrier,Clefairy,Spectrier,1,2
Chatot,Ledian,Chatot,1,1
Sandshrew,Natu,Natu,0,1
Ursaluna,Farigiraf,Farigiraf,0,3
Floette,Timburr,Floette,1,1
Noibat,Gulpin,Gulpin,0,1
Sentret,Regirock,Regirock,0,1
Sinistea,Tropius,Tropius,0,2
Carvanha,Bronzor,Carvanha,1,2
Meowth,Kangaskhan,Kangaskhan,0,1
Cofagrigus,Gossifleur,Cofagrigus,1,1
Drednaw,Ursaluna,Ursaluna,0,2
Blastoise,Cetitan,Blastoise,1,5
Ferroseed,Mudsdale,Mudsdale,0,2
Dhelmise,Vileplume,Vileplume,0,2
Forretress,Haunter,Forretress,1,1
Brambleghast,Lickitung,Lickitung,0,2
Mienshao,Lotad,Mienshao,1,1
Sliggoo,Lairon,Lairon,0,2
Kommo-O,Lairon,Kommo-O,1,1
Marill,Servine,Servine,0,2
Glastrier,Scream-Tail,Glastrier,1,5
Exploud,Smoliv,Exploud,1,1
Staraptor,Charizard,Charizard,0,2
Trapinch,Celebi,Celebi,0,1
Togetic,Ekans,Ekans,0,2
Ducklett,Tangrowth,Tangrowth,0,2
Medicham,Abomasnow,Abomasnow,0,2
Mew,Litleo,Mew,1,2
Bombirdier,Bouffalant,Bouffalant,0,3
Drednaw,Garbodor,Drednaw,1,3
Chansey,Pecharunt,Pecharunt,0,1
Hattrem,Weedle,Hattrem,1,1
Toxel,Xerneas,Xerneas,0,1
Beartic,Ferrothorn,Ferrothorn,0,2
Kilowattrel,Espathra,Espathra,0,2
Maractus,Swampert,Maractus,1,1
Poipole,Greninja,Greninja,0,2
Skarmory,Coalossal,Coalossal,0,2
Togepi,Drakloak,Drakloak,0,2
Musharna,Walking-Wake,Musharna,1,3
Kingdra,Pyukumuku,Kingdra,1,3
Roaring-Moon,Centiskorch,Centiskorch,0,2
Finizen,Quaxly,Quaxly,0,3
Arctibax,Manectric,Arctibax,1,3
Burmy,Spiritomb,Spiritomb,0,1
Mantine,Aerodactyl,Aerodactyl,0,2
Haunter,Happiny,Haunter,1,1
Hypno,Treecko,Hypno,1,1
Bronzor,Gabite,Gabite,0,2
Thwackey,Lapras,Lapras,0,1
Tapu-Fini,Gengar,Tapu-Fini,1,2
Grovyle,Sneasler,Sneasler,0,1
Grimmsnarl,Oricorio-Baile,Oricorio-Baile,0,3
Octillery,Quagsire,Octillery,1,3
Jynx,Mr-Mime,Jynx,1,2
Scolipede,Togedemaru,Togedemaru,0,3
Spinda,Copperajah,Copperajah,0,2
Arceus,Hypno,Arceus,1,2
Duosion,Chimchar,Duosion,1,1
Roselia,Mareep,Roselia,1,1
Monferno,Chesnaught,Monferno,1,2
Totodile,Salazzle,Salazzle,0,2
Drifblim,Goodra,Goodra,0,3
Sandy-Shocks,Doublade,Sandy-Shocks,1,1
Quaxwell,Ludicolo,Ludicolo,0,1
Abomasnow,Trevenant,Abomasnow,1,2
Tapu-Fini,Flittle,Tapu-Fini,1,1
Dusclops,Meloetta-Aria,Meloetta-Aria,0,2
Omastar,Scolipede,Omastar,1,2
Seel,Rowlet,Seel,1,2
Swalot,Shedinja,Swalot,1,1
Meditite,Slakoth,Meditite,1,2
Tyrantrum,Grotle,Tyrantrum,1,3
Skiddo,Scream-Tail,Scream-Tail,0,2
Kabuto,Croagunk,Croagunk,0,1
Bisharp,Ninetales,Ninetales,0,2
Wugtrio,Granbull,Granbull,0,1
Aggron,Smoochum,Aggron,1,1
Araquanid,Xerneas,Xerneas,0,3
Florges,Barbaracle,Barbaracle,0,2
Walrein,Sandile,Walrein,1,1
Dwebble,Arbok,Arbok,0,2
Toedscruel,Cherrim,Toedscruel,1,2
Tapu-Lele,Grimmsnarl,Tapu-Lele,1,2
Haxorus,Glastrier,Glastrier,0,2
Exploud,Poltchageist,Exploud,1,1
Spearow,Combusken,Combusken,0,1
Sandslash,Terapagos,Terapagos,0,2
Sawsbuck,Vikavolt,Vikavolt,0,2
Lombre,Nickit,Lombre,1,2
Farfetchd,Dwebble,Dwebble,0,1
Metang,Genesect,Genesect,0,3
Miltank,Flygon,Miltank,1,3
Ponyta,Metapod,Ponyta,1,1
Iron-Hands,Sandaconda,Iron-Hands,1,3
Bastiodon,Iron-Moth,Bastiodon,1,2
Farigiraf,Noctowl,Farigiraf,1,3
Zeraora,Silicobra,Zeraora,1,1
Dragalge,Surskit,Dragalge,1,1
Wattrel,Shaymin-Land,Shaymin-Land,0,1
Mudkip,Flabebe,Flabebe,0,2
Xerneas,Whiscash,Xerneas,1,3
Litleo,Ferrothorn,Litleo,1,2
Kyogre,Huntail,Kyogre,1,3
Gloom,Sinistcha,Sinistcha,0,2
Eternatus,Staraptor,Eternatus,1,2
Skuntank,Wailmer,Skuntank,1,2
Bidoof,Emolga,Emolga,0,2
Lunala,Cetitan,Lunala,1,3
Drampa,Xurkitree,Xurkitree,0,2
Fomantis,Chesnaught,Chesnaught,0,1
Great-Tusk,Lycanroc-Midday,Great-Tusk,1,1
Yanma,Exeggcute,Yanma,1,1
Ditto,Pelipper,Pelipper,0,2
Iron-Crown,Okidogi,Iron-Crown,1,1
Clefairy,Bounsweet,Clefairy,1,1
Dudunsparce-Two-Segment,Graveler,Dudunsparce-Two-Segment,1,1
Ursaluna,Pumpkaboo-Average,Ursaluna,1,2
Diglett,Axew,Axew,0,1
Lickitung,Shedinja,Lickitung,1,1
Mimikyu-Disguised,Sigilyph,Mimikyu-Disguised,1,2
Dottler,Spinarak,Dottler,1,1
Dachsbun,Jolteon,Jolteon,0,2
Braixen,Grubbin,Braixen,1,1
Druddigon,Tapu-Lele,Tapu-Lele,0,2
Ursaring,Roselia,Ursaring,1,1
Gossifleur,Dartrix,Dartrix,0,1
Fraxure,Litleo,Litleo,0,2
Inkay,Misdreavus,Misdreavus,0,2
Trevenant,Throh,Trevenant,1,4
Ponyta,Frigibax,Ponyta,1,2
Aurorus,Brute-Bonnet,Aurorus,1,3
Tyranitar,Luxio,Tyranitar,1,1
Orthworm,Garbodor,Orthworm,1,4
Mareep,Roaring-Moon,Roaring-Moon,0,1
Iron-Crown,Wailmer,Iron-Crown,1,2
Roggenrola,Nidoran-F,Roggenrola,1,2
Kingdra,Starly,Kingdra,1,1
Dewpider,Poochyena,Dewpider,1,1
Rolycoly,Magnezone,Magnezone,0,1
Rhyhorn,Wiglett,Wiglett,0,1
Magnezone,Spectrier,Magnezone,1,3
Chi-Yu,Darkrai,Chi-Yu,1,2
Lanturn,Gastly,Lanturn,1,1
Whimsicott,Volcanion,Volcanion,0,1
Mr-Rime,Machop,Mr-Rime,1,1
Mewtwo,Moltres,Mewtwo,1,2
Chien-Pao,Nickit,Chien-Pao,1,1
Drapion,Scatterbug,Drapion,1,1
Shellder,Sandshrew,Shellder,1,1
Mienshao,Dedenne,Dedenne,0,1
Roggenrola,Inkay,Inkay,0,2
Dondozo,Clamperl,Dondozo,1,2
Mawile,Klink,Mawile,1,3
Sandy-Shocks,Leafeon,Sandy-Shocks,1,1
Grubbin,Aron,Aron,0,1
Archaludon,Milcery,Archaludon,1,1
Metang,Flaaffy,Metang,1,3
Munchlax,Meltan,Munchlax,1,3
Trevenant,Crobat,Crobat,0,2
Lechonk,Snivy,Snivy,0,3
Simisage,Buzzwole,Buzzwole,0,1
Regidrago,Vivillon,Regidrago,1,2
Unfezant,Miltank,Miltank,0,4
Sunflora,Talonflame,Talonflame,0,2
Walking-Wake,Vullaby,Walking-Wake,1,2
Anorith,Hydrapple,Hydrapple,0,1
Cursola,Iron-Leaves,Cursola,1,2
Baltoy,Volcarona,Volcarona,0,1
Trubbish,Petilil,Trubbish,1,1
Gourgeist-Average,Elekid,Gourgeist-Average,1,1
Golisopod,Weezing,Golisopod,1,3
Masquerain,Vaporeon,Vaporeon,0,2
Jolteon,Elekid,Jolteon,1,2
Charcadet,Lucario,Lucario,0,1
Axew,Raging-Bolt,Raging-Bolt,0,1
Unown,Falinks,Unown,1,1
Nidoqueen,Politoed,Politoed,0,2
Tinkatink,Kleavor,Kleavor,0,2
Aggron,Girafarig,Aggron,1,2
Scatterbug,Sudowoodo,Sudowoodo,0,1
Igglybuff,Dracovish,Dracovish,0,1
Pineco,Donphan,Donphan,0,2
Seismitoad,Boltund,Seismitoad,1,1
Pyroar-Male,Pinsir,Pyroar-Male,1,1
Duskull,Eelektrik,Eelektrik,0,1
Heliolisk,Dragonair,Heliolisk,1,2
Hoppip,Roggenrola,Hoppip,1,1
Tinkaton,Finizen,Tinkaton,1,2
Impidimp,Dragapult,Dragapult,0,1
Gligar,Gallade,Gallade,0,1
Giratina-Altered,Dragapult,Giratina-Altered,1,2
Tranquill,Buizel,Tranquill,1,1
Plusle,Sentret,Plusle,1,1
Morgrem,Yungoos,Morgrem,1,1
Centiskorch,Walrein,Walrein,0,2
Greedent,Charjabug,Greedent,1,3
Kingambit,Xerneas,Kingambit,1,2
Stoutland,Kakuna,Stoutland,1,1
Toedscool,Hitmontop,Hitmontop,0,1
Bunnelby,Archeops,Archeops,0,1
Aegislash-Shield,Litwick,Aegislash-Shield,1,2
Giratina-Altered,Toedscruel,Giratina-Altered,1,2
Comfey,Spiritomb,Comfey,1,2
Volbeat,Persian,Persian,0,3
Pawniard,Flygon,Flygon,0,1
Trubbish,Spinda,Spinda,0,2
Sandile,Cosmoem,Cosmoem,0,2
Simisage,Tinkatink,Simisage,1,3
Wugtrio,Petilil,Petilil,0,1
Overqwil,Dialga,Dialga,0,2
Solosis,Vanillite,Solosis,1,1
Milotic,Ditto,Milotic,1,1
Cetoddle,Toxtricity-Amped,Toxtricity-Amped,0,2
Okidogi,Impidimp,Okidogi,1,1
Gourgeist-Average,Dolliv,Gourgeist-Average,1,2
Corviknight,Magnemite,Magnemite,0,2
Dunsparce,Zamazenta,Zamazenta,0,2
Inkay,Deino,Inkay,1,3
Copperajah,Wimpod,Copperajah,1,1
Tapu-Lele,Swampert,Swampert,0,2
Solosis,Duosion,Duosion,0,2
Oranguru,Palafin-Zero,Oranguru,1,3
Dusclops,Frogadier,Dusclops,1,2
Bibarel,Dewpider,Bibarel,1,1
Applin,Diglett,Diglett,0,1
Ferrothorn,Terrakion,Terrakion,0,2
Ivysaur,Yungoos,Ivysaur,1,1
Qwilfish,Tyranitar,Tyranitar,0,2
Decidueye,Murkrow,Decidueye,1,1
Buzzwole,Marshtomp,Buzzwole,1,2
Mothim,Klefki,Klefki,0,2
Gulpin,Calyrex,Calyrex,0,1
Ting-Lu,Swampert,Swampert,0,3
Hippowdon,Jirachi,Hippowdon,1,2
Cresselia,Seaking,Cresselia,1,4
Slither-Wing,Jynx,Slither-Wing,1,1
Hippowdon,Spectrier,Spectrier,0,2
Simisear,Crabrawler,Simisear,1,1
Drapion,Wurmple,Drapion,1,1
Budew,Swanna,Swanna,0,1
Hattrem,Numel,Hattrem,1,2
Diglett,Riolu,Riolu,0,1
Garganacl,Blastoise,Blastoise,0,3
Seadra,Latios,Latios,0,1
Chien-Pao,Joltik,Chien-Pao,1,2
Ledyba,Barraskewda,Barraskewda,0,1
Delphox,Conkeldurr,Delphox,1,2
Altaria,Porygon-Z,Porygon-Z,0,1
Jangmo-O,Dottler,Dottler,0,2
Baltoy,Helioptile,Baltoy,1,1
Sandygast,Swinub,Swinub,0,2
Kricketune,Rowlet,Kricketune,1,1
Stoutland,Jangmo-O,Stoutland,1,2
Flaaffy,Amaura,Amaura,0,3
Naganadel,Sirfetchd,Naganadel,1,2
Caterpie,Anorith,Anorith,0,1
Vanillite,Victreebel,Victreebel,0,1
Dudunsparce-Two-Segment,Sobble,Dudunsparce-Two-Segment,1,1
Samurott,Hitmonlee,Samurott,1,2
Jirachi,Brionne,Jirachi,1,2
Mantine,Haxorus,Mantine,1,2
Ledyba,Klefki,Klefki,0,1
Drapion,Binacle,Drapion,1,2
Applin,Tropius,Tropius,0,1
Shelmet,Crocalor,Crocalor,0,1
Gothita,Haxorus,Haxorus,0,1
Flapple,Annihilape,Annihilape,0,2
Scream-Tail,Steenee,Scream-Tail,1,2
Ekans,Amoonguss,Amoonguss,0,2
Archen,Pikachu,Pikachu,0,1
Basculin-Red-Striped,Abomasnow,Abomasnow,0,1
Tentacruel,Wugtrio,Tentacruel,1,1
Bellibolt,Sandile,Bellibolt,1,1
Sandshrew,Dugtrio,Dugtrio,0,1
Bramblin,Taillow,Taillow,0,1
Wooper,Regirock,Regirock,0,2
Scovillain,Floette,Scovillain,1,2
Lunatone,Magnezone,Magnezone,0,2
Stunky,Floatzel,Floatzel,0,2
Farigiraf,Grimer,Farigiraf,1,1
Onix,Orthworm,Orthworm,0,1
Poipole,Togedemaru,Togedemaru,0,2
Glameow,Pidgey,Glameow,1,1
Rellor,Charjabug,Charjabug,0,2
Cascoon,Golem,Golem,0,1
Mr-Mime,Throh,Mr-Mime,1,2
Gastly,Entei,Entei,0,1
Stoutland,Togetic,Stoutland,1,2
Galvantula,Cranidos,Galvantula,1,1
Farfetchd,Barraskewda,Barraskewda,0,2
Fennekin,Pelipper,Pelipper,0,1
Staravia,Eiscue-Ice,Eiscue-Ice,0,1
Pichu,Drilbur,Drilbur,0,1
Shroodle,Gulpin,Gulpin,0,2
Butterfree,Vanilluxe,Vanilluxe,0,1
Bellibolt,Fraxure,Bellibolt,1,1
Karrablast,Porygon2,Porygon2,0,2
Stonjourner,Pheromosa,Pheromosa,0,1
Shinx,Scatterbug,Shinx,1,2
Bellsprout,Dubwool,Dubwool,0,1
Yungoos,Scizor,Scizor,0,1
Spheal,Staraptor,Staraptor,0,2
Graveler,Weedle,Graveler,1,1
Iron-Thorns,Hitmontop,Iron-Thorns,1,3
Guzzlord,Wigglytuff,Wigglytuff,0,2
Snorlax,Purugly,Snorlax,1,2
Groudon,Watchog,Groudon,1,2
Mamoswine,Charcadet,Mamoswine,1,1
Haxorus,Lycanroc-Midday,Lycanroc-Midday,0,3
Garchomp,Ninetales,Garchomp,1,1
Basculegion-Male,Heatmor,Basculegion-Male,1,2
Cranidos,Houndour,Houndour,0,1
Kilowattrel,Perrserker,Kilowattrel,1,2
Omastar,Snubbull,Omastar,1,1
Rabsca,Vanilluxe,Vanilluxe,0,3
Blastoise,Wimpod,Blastoise,1,1
Sizzlipede,Swalot,Swalot,0,2
Hydrapple,Meloetta-Aria,Meloetta-Aria,0,2
Meloetta-Aria,Aggron,Meloetta-Aria,1,3
Raikou,Groudon,Groudon,0,1
Drednaw,Sliggoo,Drednaw,1,2
Phantump,Corviknight,Corviknight,0,1
Abra,Vivillon,Vivillon,0,1
Snorunt,Scovillain,Scovillain,0,1
Tinkaton,Garchomp,Garchomp,0,2
Chansey,Morelull,Chansey,1,3
Wynaut,Milotic,Milotic,0,2
Ivysaur,Vanilluxe,Vanilluxe,0,1
Quilava,Sinistcha,Quilava,1,2
Beldum,Hitmonlee,Hitmonlee,0,2
Maractus,Dreepy,Maractus,1,1
Morpeko-Full-Belly,Ledyba,Morpeko-Full-Belly,1,1
Gourgeist-Average,Pachirisu,Gourgeist-Average,1,2
Gorebyss,Ariados,Gorebyss,1,2
Trumbeak,Basculin-Red-Striped,Basculin-Red-Striped,0,1
Rufflet,Jigglypuff,Rufflet,1,2
Munkidori,Persian,Munkidori,1,2
Chewtle,Zacian,Zacian,0,1
Shedinja,Raticate,Raticate,0,1
Nickit,Pignite,Pignite,0,1
Linoone,Eevee,Linoone,1,2
Pincurchin,Tornadus-Incarnate,Tornadus-Incarnate,0,2
Rookidee,Nidoran-M,Nidoran-M,0,1
Kadabra,Tentacool,Kadabra,1,1
Komala,Gorebyss,Komala,1,2
Unown,Drizzile,Drizzile,0,1
Decidueye,Nuzleaf,Decidueye,1,1
Arrokuda,Centiskorch,Centiskorch,0,1
Scream-Tail,Raging-Bolt,Scream-Tail,1,4
Cyndaquil,Gholdengo,Gholdengo,0,2
Skorupi,Nickit,Skorupi,1,1
Ting-Lu,Raichu,Ting-Lu,1,1
Raichu,Wimpod,Raichu,1,1
Ditto,Chimchar,Chimchar,0,2
Aurorus,Cobalion,Cobalion,0,1
Starmie,Togetic,Starmie,1,2
Iron-Moth,Quaquaval,Quaquaval,0,3
Surskit,Feebas,Surskit,1,1
Dudunsparce-Two-Segment,Frosmoth,Dudunsparce-Two-Segment,1,2
Grotle,Ninetales,Ninetales,0,2
Blacephalon,Murkrow,Blacephalon,1,1
Fraxure,Venipede,Fraxure,1,1
Iron-Treads,Basculin-Red-Striped,Iron-Treads,1,2
Cufant,Torterra,Torterra,0,1
Cubone,Bramblin,Cubone,1,1
Forretress,Sableye,Forretress,1,2
Gastly,Palafin-Zero,Palafin-Zero,0,1
Machop,Anorith,Machop,1,2
Spoink,Basculin-Red-Striped,Basculin-Red-Striped,0,2
Zangoose,Drifblim,Drifblim,0,3
Sobble,Primeape,Primeape,0,1
Noivern,Togekiss,Togekiss,0,1
Popplio,Dragapult,Dragapult,0,1
Duraludon,Delibird,Duraludon,1,1
Grotle,Emboar,Emboar,0,1
Carkol,Iron-Moth,Carkol,1,2
Deoxys-Normal,Alomomola,Deoxys-Normal,1,2
Torracat,Flabebe,Torracat,1,2
Karrablast,Pinsir,Pinsir,0,1
Swampert,Togedemaru,Swampert,1,1
Braixen,Malamar,Malamar,0,3
Kingambit,Illumise,Kingambit,1,2
Emboar,Pyukumuku,Emboar,1,3
Blitzle,Carnivine,Carnivine,0,1
Golurk,Weezing,Golurk,1,2
Pidove,Spheal,Spheal,0,1
Nincada,Cutiefly,Cutiefly,0,1
Rowlet,Bronzong,Bronzong,0,1
Pidgeotto,Drizzile,Drizzile,0,2
Froakie,Zeraora,Zeraora,0,1
Geodude,Qwilfish,Qwilfish,0,1
Ledian,Passimian,Passimian,0,2
Machamp,Vullaby,Machamp,1,2
Numel,Cetoddle,Numel,1,2
Volcarona,Xatu,Volcarona,1,2
Dewgong,Comfey,Dewgong,1,4
Hypno,Toxel,Hypno,1,1
Fomantis,Pincurchin,Pincurchin,0,1
Krabby,Rayquaza,Rayquaza,0,1
Manaphy,Bramblin,Manaphy,1,1
Tranquill,Spritzee,Spritzee,0,2
Swampert,Pheromosa,Swampert,1,2
Crawdaunt,Yamper,Crawdaunt,1,2
Caterpie,Shelgon,Shelgon,0,1
Roggenrola,Diggersby,Diggersby,0,2
Monferno,Infernape,Infernape,0,2
Heatran,Gallade,Gallade,0,2
Mesprit,Skorupi,Mesprit,1,1
Xatu,Swadloon,Xatu,1,1
Poipole,Venipede,Poipole,1,1
Lillipup,Bagon,Lillipup,1,2
Weavile,Swablu,Weavile,1,2
Kangaskhan,Yanmega,Kangaskhan,1,3
Munchlax,Virizion,Virizion,0,2
Sandile,Iron-Hands,Iron-Hands,0,1
Talonflame,Hippopotas,Talonflame,1,2
Stoutland,Shuckle,Stoutland,1,4
Blacephalon,Nidoran-M,Blacephalon,1,1
Purugly,Meowscarada,Meowscarada,0,3
Melmetal,Primeape,Melmetal,1,2
Zekrom,Kingdra,Zekrom,1,2
Spoink,Pidgey,Spoink,1,1
Hoopa,Bagon,Hoopa,1,1
Corvisquire,Cutiefly,Corvisquire,1,1
Brambleghast,Bellsprout,Brambleghast,1,1
Regidrago,Azumarill,Azumarill,0,4
Furret,Ponyta,Furret,1,2
Gothita,Whismur,Gothita,1,2
Thundurus-Incarnate,Araquanid,Thundurus-Incarnate,1,2
Furret,Goodra,Goodra,0,2
Vigoroth,Quilava,Vigoroth,1,2
Wartortle,Igglybuff,Wartortle,1,2
Ceruledge,Paras,Ceruledge,1,1
Regigigas,Meltan,Regigigas,1,2
Trumbeak,Pheromosa,Pheromosa,0,1
Iron-Crown,Litwick,Iron-Crown,1,1
Qwilfish,Lumineon,Qwilfish,1,3
Vigoroth,Torchic,Vigoroth,1,1
Grotle,Sentret,Grotle,1,1
Frosmoth,Nosepass,Frosmoth,1,1
Lugia,Grubbin,Lugia,1,1
Ledyba,Gardevoir,Gardevoir,0,1
Tinkatuff,Duosion,Tinkatuff,1,3
Inkay,Yamask,Inkay,1,2
Charmeleon,Smoochum,Charmeleon,1,1
Raichu,Yamper,Raichu,1,3
Scraggy,Wingull,Scraggy,1,1
Mew,Machop,Mew,1,1
Stakataka,Torchic,Stakataka,1,1
Dunsparce,Quaquaval,Quaquaval,0,2
Lickitung,Lilligant,Lilligant,0,3
Regice,Timburr,Regice,1,2
Naclstack,Cufant,Cufant,0,2
Nymble,Gourgeist-Average,Gourgeist-Average,0,1
Feraligatr,Stonjourner,Feraligatr,1,1
Eevee,Litten,Eevee,1,2
Clawitzer,Happiny,Clawitzer,1,1
Espurr,Palossand,Palossand,0,1
Quaxly,Toedscruel,Toedscruel,0,1
Mew,Forretress,Forretress,0,3
Cascoon,Gouging-Fire,Gouging-Fire,0,1
Aerodactyl,Steelix,Steelix,0,2
Bagon,Tornadus-Incarnate,Tornadus-Incarnate,0,1
Glimmora,Slowbro,Slowbro,0,2
Pidgeot,Rhyhorn,Pidgeot,1,2
Furfrou,Watchog,Furfrou,1,3
Aggron,Grumpig,Aggron,1,2
Cetitan,Eldegoss,Cetitan,1,3
Dustox,Swablu,Dustox,1,2
Clodsire,Bronzong,Clodsire,1,2
Amaura,Skwovet,Amaura,1,2
Sentret,Cleffa,Sentret,1,2
Dragonite,Clodsire,Dragonite,1,3
Iron-Hands,Milcery,Iron-Hands,1,1
Kirlia,Braviary,Braviary,0,1
Patrat,Pachirisu,Pachirisu,0,2
Brambleghast,Trumbeak,Trumbeak,0,1
Morpeko-Full-Belly,Braixen,Braixen,0,2
Furret,Cutiefly,Furret,1,1
Banette,Dottler,Banette,1,1
Oinkologne-Male,Veluza,Oinkologne-Male,1,3
Primeape,Fuecoco,Primeape,1,2
Totodile,Vaporeon,Vaporeon,0,2
Bewear,Lugia,Lugia,0,2
Lickilicky,Registeel,Registeel,0,6
Bellossom,Slurpuff,Slurpuff,0,3
Turtonator,Primarina,Primarina,0,2
Breloom,Crawdaunt,Breloom,1,1
Vaporeon,Glalie,Vaporeon,1,3
Krabby,Darumaka,Darumaka,0,2
Slowpoke,Chikorita,Chikorita,0,2
Doduo,Floette,Floette,0,1
Noivern,Tapu-Bulu,Tapu-Bulu,0,2
Combee,Minccino,Minccino,0,1
Silicobra,Toedscruel,Toedscruel,0,1
Sandaconda,Pheromosa,Pheromosa,0,2
Maractus,Revavroom,Revavroom,0,1
Drowzee,Amoonguss,Amoonguss,0,2
Oricorio-Baile,Manectric,Manectric,0,1
Oddish,Sableye,Sableye,0,2
Exeggutor,Zweilous,Exeggutor,1,2
Honedge,Tatsugiri-Curly,Tatsugiri-Curly,0,1
Blacephalon,Tirtouga,Tirtouga,0,1
Whirlipede,Greavard,Greavard,0,3
Shellder,Bastiodon,Bastiodon,0,2
Jirachi,Whismur,Jirachi,1,1
Blastoise,Scraggy,Blastoise,1,2
Slowking,Combee,Slowking,1,1
Gouging-Fire,Dustox,Gouging-Fire,1,2
Noctowl,Parasect,Noctowl,1,1
Eelektross,Unown,Eelektross,1,1
Geodude,Skwovet,Skwovet,0,1
Darumaka,Hattrem,Hattrem,0,2
Exploud,Frigibax,Exploud,1,2
Cutiefly,Naclstack,Naclstack,0,1
Glimmet,Herdier,Herdier,0,2
Meltan,Carbink,Meltan,1,2
Kangaskhan,Tentacruel,Kangaskhan,1,3
Aromatisse,Weedle,Aromatisse,1,1
Spinda,Tauros,Tauros,0,2
Hydrapple,Ninjask,Hydrapple,1,1
Hattrem,Iron-Boulder,Iron-Boulder,0,2
Tranquill,Bramblin,Tranquill,1,1
Sandile,Machop,Machop,0,1
Breloom,Carbink,Carbink,0,2
Ting-Lu,Whirlipede,Ting-Lu,1,2
Malamar,Hypno,Malamar,1,3
Celesteela,Charmander,Celesteela,1,1
Poochyena,Clefairy,Clefairy,0,1
Altaria,Bombirdier,Bombirdier,0,2
Morelull,Giratina-Altered,Giratina-Altered,0,1
Vanilluxe,Skiploom,Vanilluxe,1,1
Aron,Bruxish,Bruxish,0,1
Nidoran-M,Leavanny,Leavanny,0,2
Magby,Trubbish,Magby,1,2
Toxel,Pangoro,Pangoro,0,1
Swanna,Zapdos,Zapdos,0,1
Slowbro,Klawf,Slowbro,1,1
Trubbish,Toucannon,Toucannon,0,2
Sharpedo,Dragalge,Dragalge,0,2
Mienfoo,Roaring-Moon,Roaring-Moon,0,2
Wartortle,Iron-Thorns,Iron-Thorns,0,2
Plusle,Blaziken,Blaziken,0,1
Toxtricity-Amped,Heatmor,Toxtricity-Amped,1,2
Blastoise,Snorlax,Snorlax,0,3
Toucannon,Crocalor,Crocalor,0,2
Toxel,Diggersby,Diggersby,0,1
Grimer,Banette,Banette,0,2
Magnezone,Lokix,Magnezone,1,2
Meganium,Palkia,Palkia,0,2
Pidove,Exploud,Exploud,0,1
Unfezant,Regidrago,Regidrago,0,2
Barraskewda,Dreepy,Barraskewda,1,1
Rhydon,Inkay,Rhydon,1,1
Farigiraf,Deino,Farigiraf,1,1
Yanmega,Blastoise,Blastoise,0,2
Foongus,Sandygast,Foongus,1,1
Rabsca,Anorith,Rabsca,1,1
Purugly,Kubfu,Kubfu,0,1
Chewtle,Lunala,Lunala,0,1
Dustox,Salazzle,Salazzle,0,1
Gigalith,Morelull,Gigalith,1,1
Deerling,Whiscash,Deerling,1,2
Pansage,Jangmo-O,Pansage,1,2
Shaymin-Land,Exeggcute,Shaymin-Land,1,1
Fearow,Cramorant,Fearow,1,2
Zebstrika,Cranidos,Zebstrika,1,2
Munkidori,Silcoon,Munkidori,1,1
Dwebble,Suicune,Suicune,0,1
Darumaka,Glameow,Darumaka,1,2
Silcoon,Wiglett,Silcoon,1,1
Charmander,Gothorita,Gothorita,0,2
Simipour,Zweilous,Simipour,1,2
Walking-Wake,Simisage,Walking-Wake,1,2
Minun,Emolga,Minun,1,2
Slugma,Anorith,Anorith,0,1
Maschiff,Dialga,Dialga,0,1
Sinistea,Meganium,Meganium,0,2
Diancie,Cacturne,Diancie,1,1
Gigalith,Zigzagoon,Gigalith,1,1
Mandibuzz,Mime-Jr,Mandibuzz,1,1
Tentacool,Haxorus,Haxorus,0,1
Seedot,Iron-Jugulis,Iron-Jugulis,0,1
Grookey,Kingler,Kingler,0,2
Basculegion-Male,Shellos,Basculegion-Male,1,2
Talonflame,Parasect,Talonflame,1,1
Altaria,Lilligant,Lilligant,0,2
Minccino,Dragalge,Dragalge,0,1
Coalossal,Vikavolt,Coalossal,1,2
Zarude,Porygon2,Porygon2,0,3
Spritzee,Shroodle,Shroodle,0,2
Linoone,Stonjourner,Stonjourner,0,2
Sandy-Shocks,Bounsweet,Sandy-Shocks,1,1
Zebstrika,Palossand,Palossand,0,2
Dracovish,Sandygast,Dracovish,1,1
Koraidon,Bellossom,Koraidon,1,3
Gulpin,Samurott,Samurott,0,2
Karrablast,Shiinotic,Shiinotic,0,1
Froakie,Totodile,Totodile,0,2
Marshtomp,Bayleef,Bayleef,0,1
Exeggutor,Sobble,Exeggutor,1,1
Maractus,Litwick,Litwick,0,2
Fearow,Toxtricity-Amped,Toxtricity-Amped,0,1
Dratini,Watchog,Watchog,0,1
Decidueye,Noivern,Decidueye,1,1
Bellsprout,Seedot,Bellsprout,1,1
Xerneas,Snivy,Xerneas,1,1
Galvantula,Diggersby,Galvantula,1,3
Mimikyu-Disguised,Quaquaval,Mimikyu-Disguised,1,3
Pancham,Typhlosion,Typhlosion,0,2
Darkrai,Bounsweet,Darkrai,1,1
Froakie,Sawsbuck,Sawsbuck,0,1
Snover,Alomomola,Alomomola,0,3
Blacephalon,Centiskorch,Blacephalon,1,3
Raikou,Espeon,Raikou,1,3
Hypno,Boldore,Hypno,1,2
Gligar,Victreebel,Victreebel,0,1
Sandile,Pawniard,Sandile,1,1
Sandaconda,Kyogre,Kyogre,0,1
Tapu-Bulu,Clawitzer,Tapu-Bulu,1,2
Carbink,Klink,Klink,0,2
Seismitoad,Greavard,Seismitoad,1,2
Buizel,Quaxly,Quaxly,0,2
Darkrai,Tapu-Koko,Tapu-Koko,0,2
Shelgon,Trubbish,Shelgon,1,2
Ferroseed,Cubone,Cubone,0,3
Carkol,Gastrodon,Gastrodon,0,1
Sharpedo,Vikavolt,Vikavolt,0,1
Dachsbun,Sewaddle,Dachsbun,1,2
Toxapex,Linoone,Toxapex,1,3
Armarouge,Gholdengo,Armarouge,1,2
Nuzleaf,Ekans,Ekans,0,1
Ursaluna,Stoutland,Ursaluna,1,3
Regice,Dachsbun,Regice,1,2
Simisear,Durant,Simisear,1,1
Golem,Mime-Jr,Golem,1,1
Zamazenta,Foongus,Zamazenta,1,2
Passimian,Rotom,Rotom,0,3
Typhlosion,Regigigas,Regigigas,0,2
Caterpie,Kabuto,Kabuto,0,1
Tapu-Lele,Mawile,Tapu-Lele,1,2
Cacturne,Zigzagoon,Cacturne,1,1
Diggersby,Azurill,Diggersby,1,2
Vanillish,Sinistcha,Sinistcha,0,2
Drakloak,Stunfisk,Stunfisk,0,2
Spheal,Mismagius,Mismagius,0,3
Metang,Leafeon,Metang,1,3
Snubbull,Dewott,Dewott,0,2
Minior-Red-Meteor,Cubchoo,Minior-Red-Meteor,1,1
Arcanine,Seismitoad,Seismitoad,0,2
Alakazam,Zarude,Zarude,0,2
Whismur,Dialga,Dialga,0,1
Croagunk,Blissey,Croagunk,1,1
Iron-Crown,Xatu,Iron-Crown,1,2
Stunky,Glalie,Glalie,0,2
Krokorok,Lumineon,Lumineon,0,1
Grubbin,Jangmo-O,Grubbin,1,2
Beheeyem,Chimecho,Beheeyem,1,4
Mantyke,Orthworm,Orthworm,0,2
Zubat,Volbeat,Volbeat,0,1
Toxel,Stoutland,Stoutland,0,1
Tinkaton,Absol,Tinkaton,1,2
Baxcalibur,Steelix,Baxcalibur,1,3
Nacli,Cranidos,Cranidos,0,2
Morgrem,Spinarak,Morgrem,1,1
Cramorant,Torterra,Cramorant,1,2
Grovyle,Giratina-Altered,Giratina-Altered,0,1
Shelmet,Tinkatuff,Tinkatuff,0,3
Krabby,Dipplin,Dipplin,0,1
Victini,Varoom,Victini,1,1
Wooloo,Wartortle,Wartortle,0,2
Sewaddle,Totodile,Totodile,0,2
Maractus,Phione,Phione,0,2
Oddish,Gothitelle,Gothitelle,0,1
Golett,Dustox,Dustox,0,2
Zigzagoon,Corvisquire,Corvisquire,0,1
Tinkaton,Chingling,Tinkaton,1,2
Grookey,Chespin,Grookey,1,2
Alakazam,Fezandipiti,Alakazam,1,2
Spiritomb,Zygarde-50,Spiritomb,1,2
Natu,Politoed,Politoed,0,1
Varoom,Latios,Latios,0,1
Pawmo,Scatterbug,Pawmo,1,1
Grumpig,Kabuto,Grumpig,1,1
Mimikyu-Disguised,Mismagius,Mimikyu-Disguised,1,1
Munchlax,Spritzee,Munchlax,1,3
Pincurchin,Togedemaru,Togedemaru,0,3
Kingler,Surskit,Kingler,1,1
Clodsire,Emolga,Clodsire,1,2
Pangoro,Mothim,Mothim,0,2
Garchomp,Chikorita,Garchomp,1,2
Heatmor,Umbreon,Umbreon,0,4
Excadrill,Pikipek,Excadrill,1,1
Tangela,Lugia,Lugia,0,1
Torterra,Flittle,Torterra,1,1
Tatsugiri-Curly,Crocalor,Tatsugiri-Curly,1,1
Chi-Yu,Falinks,Falinks,0,1
Espathra,Pidgeot,Espathra,1,2
Gorebyss,Chinchou,Chinchou,0,2
Joltik,Grookey,Joltik,1,1
Salamence,Natu,Salamence,1,1
Carbink,Mothim,Carbink,1,1
Nincada,Hippowdon,Hippowdon,0,1
Delphox,Pidgeotto,Delphox,1,1
Buzzwole,Meganium,Buzzwole,1,2
Totodile,Mightyena,Mightyena,0,2
Steenee,Tentacool,Tentacool,0,2
Tauros,Malamar,Tauros,1,3
Nidoqueen,Iron-Leaves,Nidoqueen,1,2
Finneon,Rhydon,Finneon,1,1
Seviper,Articuno,Articuno,0,2
Fennekin,Cubchoo,Fennekin,1,1
Unown,Vanillish,Vanillish,0,2
Linoone,Snivy,Linoone,1,2
Thundurus-Incarnate,Chi-Yu,Thundurus-Incarnate,1,2
Dudunsparce-Two-Segment,Vullaby,Dudunsparce-Two-Segment,1,2
Toucannon,Beheeyem,Toucannon,1,2
Xurkitree,Alakazam,Alakazam,0,2
Snorlax,Thwackey,Snorlax,1,2
Fezandipiti,Roselia,Fezandipiti,1,1
Koraidon,Clauncher,Koraidon,1,1
Sobble,Houndour,Sobble,1,1
Seaking,Gholdengo,Gholdengo,0,4
Cramorant,Great-Tusk,Great-Tusk,0,2
Kommo-O,Lombre,Kommo-O,1,2
Klinklang,Jangmo-O,Klinklang,1,1
Budew,Sandy-Shocks,Sandy-Shocks,0,1
Krokorok,Passimian,Passimian,0,1
Entei,Blipbug,Entei,1,1
Pineco,Impidimp,Pineco,1,1
Iron-Leaves,Litleo,Iron-Leaves,1,2
Dottler,Porygon-Z,Porygon-Z,0,2
Skwovet,Xerneas,Xerneas,0,1
Slakoth,Wurmple,Slakoth,1,2
Elgyem,Dustox,Dustox,0,2
Raichu,Kabutops,Raichu,1,1
Jynx,Tinkaton,Tinkaton,0,1
Miraidon,Wiglett,Miraidon,1,1
Blissey,Umbreon,Umbreon,0,3
Aromatisse,Sentret,Aromatisse,1,1
Shinx,Chi-Yu,Chi-Yu,0,1
Quaquaval,Shellos,Quaquaval,1,2
Quaxwell,Magikarp,Quaxwell,1,1
Kabuto,Ponyta,Kabuto,1,1
Kommo-O,Cottonee,Kommo-O,1,1
Reshiram,Sunkern,Reshiram,1,1
Lopunny,Vileplume,Vileplume,0,3
Terapagos,Granbull,Granbull,0,4
Kecleon,Dragonair,Kecleon,1,2
Larvitar,Crocalor,Crocalor,0,1
Silcoon,Tandemaus,Tandemaus,0,2
Loudred,Ferrothorn,Ferrothorn,0,2
Keldeo-Ordinary,Tyranitar,Keldeo-Ordinary,1,2
Magmortar,Rhyhorn,Magmortar,1,1
Arctozolt,Chien-Pao,Arctozolt,1,2
Oddish,Drednaw,Drednaw,0,1
Appletun,Quilava,Quilava,0,2
Zorua,Magmortar,Magmortar,0,1
Tapu-Fini,Iron-Bundle,Tapu-Fini,1,2
Regidrago,Skrelp,Regidrago,1,2
Nidoking,Mr-Rime,Mr-Rime,0,2
Beartic,Ducklett,Beartic,1,2
Bergmite,Castform,Bergmite,1,2
Weezing,Forretress,Forretress,0,4
Sentret,Dragonair,Dragonair,0,1
Iron-Moth,Herdier,Iron-Moth,1,2
Burmy,Tympole,Tympole,0,2
Corviknight,Clauncher,Corviknight,1,2
Togetic,Pidove,Togetic,1,1
Starmie,Regice,Regice,0,4
Golduck,Spidops,Golduck,1,3
Flareon,Nidoqueen,Nidoqueen,0,1
Tinkaton,Charjabug,Tinkaton,1,3
Surskit,Ditto,Surskit,1,2
Psyduck,Sableye,Psyduck,1,2
Vanillite,Munchlax,Munchlax,0,1
Charcadet,Dedenne,Dedenne,0,1
Cherubi,Sunkern,Cherubi,1,1
Toucannon,Rotom,Rotom,0,2
Mimikyu-Disguised,Fomantis,Mimikyu-Disguised,1,1
Bagon,Polteageist,Polteageist,0,1
Beheeyem,Sunflora,Beheeyem,1,2
Skrelp,Dratini,Skrelp,1,2
Dracovish,Basculegion-Male,Basculegion-Male,0,4
Carbink,Torterra,Torterra,0,2
Kommo-O,Tirtouga,Kommo-O,1,2
Chimecho,Murkrow,Chimecho,1,1
Garganacl,Vullaby,Garganacl,1,2
Volcanion,Yamask,Volcanion,1,1
Crobat,Arceus,Arceus,0,2
Altaria,Sceptile,Sceptile,0,2
Bewear,Passimian,Passimian,0,2
Comfey,Skrelp,Skrelp,0,2
Rhydon,Grovyle,Grovyle,0,1
Alakazam,Grotle,Alakazam,1,2
Tinkatuff,Sandaconda,Sandaconda,0,1
Exeggutor,Timburr,Exeggutor,1,1
Floette,Lokix,Floette,1,1
Rufflet,Mismagius,Mismagius,0,1
Kingdra,Ninjask,Kingdra,1,1
Rellor,Natu,Natu,0,1
Vullaby,Fuecoco,Vullaby,1,3
Hitmonlee,Manectric,Hitmonlee,1,2
Arceus,Koraidon,Koraidon,0,3
Wartortle,Crocalor,Wartortle,1,2
Bibarel,Skiploom,Bibarel,1,1
Vigoroth,Hitmontop,Hitmontop,0,2
Slakoth,Basculegion-Male,Basculegion-Male,0,2
Tapu-Fini,Cosmoem,Tapu-Fini,1,3
Weezing,Applin,Weezing,1,1
Chansey,Beldum,Beldum,0,1
Amoonguss,Bidoof,Amoonguss,1,2
Tornadus-Incarnate,Stoutland,Tornadus-Incarnate,1,3
Swampert,Brute-Bonnet,Brute-Bonnet,0,2
Sirfetchd,Amaura,Sirfetchd,1,1
Mankey,Quagsire,Quagsire,0,1
Mamoswine,Tapu-Koko,Mamoswine,1,1
Zarude,Rotom,Zarude,1,1
Basculegion-Male,Toxicroak,Basculegion-Male,1,2
Vaporeon,Spidops,Vaporeon,1,2
Gliscor,Sandaconda,Sandaconda,0,2
Wailmer,Kakuna,Wailmer,1,1
Iron-Treads,Blastoise,Blastoise,0,2
Magearna,Tinkatink,Magearna,1,1
Murkrow,Swadloon,Murkrow,1,1
Flapple,Elgyem,Elgyem,0,1
Eevee,Oinkologne-Male,Oinkologne-Male,0,2
Shelgon,Pawmi,Shelgon,1,1
Fennekin,Celebi,Celebi,0,2
Flabebe,Drifloon,Drifloon,0,2
Poipole,Sandile,Poipole,1,1
Spearow,Fomantis,Spearow,1,1
Delcatty,Slowbro,Slowbro,0,2
Meowscarada,Cradily,Cradily,0,3
Regieleki,Kecleon,Kecleon,0,2
Glameow,Audino,Audino,0,2
Nidorina,Pangoro,Pangoro,0,3
Glalie,Togetic,Glalie,1,2
Ledyba,Type-Null,Type-Null,0,1
Pansage,Krabby,Pansage,1,1
Golett,Bonsly,Golett,1,2
Axew,Marowak,Marowak,0,2
Mismagius,Eiscue-Ice,Eiscue-Ice,0,4
Skrelp,Greedent,Greedent,0,2
Skarmory,Ducklett,Skarmory,1,2
Scream-Tail,Tynamo,Scream-Tail,1,1
Geodude,Shuppet,Shuppet,0,1
Illumise,Delphox,Delphox,0,1
Suicune,Haunter,Suicune,1,2
Charmeleon,Grapploct,Grapploct,0,2
Clamperl,Mew,Mew,0,1
Stonjourner,Breloom,Breloom,0,1
Trumbeak,Iron-Treads,Iron-Treads,0,1
Palpitoad,Tinkatink,Palpitoad,1,1
Pawmi,Dratini,Dratini,0,1
Monferno,Spinda,Monferno,1,1
Crustle,Noibat,Crustle,1,1
Metang,Morelull,Metang,1,1
Machoke,Tentacool,Machoke,1,1
Quagsire,Raboot,Quagsire,1,1
Pikipek,Tinkatink,Tinkatink,0,1
Croagunk,Phanpy,Phanpy,0,1
Togedemaru,Budew,Togedemaru,1,1
Quaxwell,Mismagius,Mismagius,0,3
Tirtouga,Tapu-Koko,Tapu-Koko,0,1
Klink,Slurpuff,Slurpuff,0,3
Rabsca,Trapinch,Rabsca,1,1
Iron-Leaves,Electrike,Iron-Leaves,1,1
Flapple,Landorus-Incarnate,Landorus-Incarnate,0,1
Snover,Happiny,Snover,1,1
Vespiquen,Cacnea,Vespiquen,1,1
Grotle,Binacle,Grotle,1,1
Grookey,Dipplin,Dipplin,0,1
Ho-Oh,Ekans,Ho-Oh,1,1
Flabebe,Scyther,Scyther,0,1
Melmetal,Iron-Treads,Iron-Treads,0,4
Alomomola,Staryu,Alomomola,1,2
Poipole,Wo-Chien,Wo-Chien,0,2
Gurdurr,Crobat,Crobat,0,2
Palafin-Zero,Walrein,Walrein,0,6
Arceus,Sewaddle,Arceus,1,1
Pachirisu,Wimpod,Pachirisu,1,1
Machamp,Nidoran-F,Machamp,1,2
Spheal,Slakoth,Spheal,1,2
Bewear,Volcanion,Volcanion,0,3
Hawlucha,Porygon-Z,Hawlucha,1,2
Brionne,Blaziken,Blaziken,0,2
Greedent,Wingull,Greedent,1,1
Probopass,Electrode,Probopass,1,3
Rhyhorn,Bulbasaur,Bulbasaur,0,1
Pangoro,Electivire,Pangoro,1,2
Bramblin,Houndstone,Houndstone,0,1
Archaludon,Frigibax,Archaludon,1,1
Munna,Glimmet,Munna,1,1
Tsareena,Rampardos,Tsareena,1,2
Flygon,Blissey,Flygon,1,2
Garganacl,Heatran,Heatran,0,3
Magikarp,Nidoqueen,Nidoqueen,0,1
Trumbeak,Solosis,Trumbeak,1,1
Garchomp,Spinda,Garchomp,1,2
Luxray,Sneasel,Luxray,1,2
Falinks,Gothitelle,Gothitelle,0,1
Toedscool,Arctibax,Arctibax,0,1
Whismur,Lechonk,Lechonk,0,2
Rhyhorn,Delcatty,Delcatty,0,2
Morpeko-Full-Belly,Cursola,Cursola,0,2
Cyndaquil,Huntail,Huntail,0,1
Wooloo,Dreepy,Wooloo,1,1
Foongus,Tapu-Fini,Tapu-Fini,0,2
Sunkern,Hitmonlee,Hitmonlee,0,1
Phione,Galvantula,Galvantula,0,2
Skwovet,Hippowdon,Hippowdon,0,2
Vanilluxe,Blacephalon,Blacephalon,0,1
Landorus-Incarnate,Salandit,Landorus-Incarnate,1,1
Deerling,Chimchar,Deerling,1,2
Jangmo-O,Reuniclus,Reuniclus,0,1
Dedenne,Zebstrika,Zebstrika,0,3
Nihilego,Barbaracle,Barbaracle,0,3
Rufflet,Blipbug,Rufflet,1,1
Seel,Smoochum,Seel,1,1
Whiscash,Chingling,Whiscash,1,2
Ribombee,Volbeat,Ribombee,1,3
Deoxys-Normal,Marshadow,Marshadow,0,1
Whimsicott,Carvanha,Whimsicott,1,1
Magmar,Hitmonlee,Magmar,1,2
Aromatisse,Krookodile,Aromatisse,1,2
Vivillon,Swampert,Swampert,0,2
Shelmet,Beartic,Beartic,0,2
Suicune,Dubwool,Suicune,1,3
Tatsugiri-Curly,Darkrai,Darkrai,0,2
Jigglypuff,Sharpedo,Sharpedo,0,2
Cetoddle,Vespiquen,Vespiquen,0,3
Toxtricity-Amped,Surskit,Toxtricity-Amped,1,1
Vibrava,Natu,Natu,0,1
Persian,Orbeetle,Orbeetle,0,3
Trubbish,Munchlax,Munchlax,0,2
Wo-Chien,Glimmet,Wo-Chien,1,2
Sentret,Kabuto,Kabuto,0,1
Grapploct,Snorlax,Grapploct,1,2
Bellibolt,Tropius,Bellibolt,1,2
Duskull,Snorlax,Snorlax,0,2
Litleo,Weezing,Weezing,0,2
Piloswine,Victini,Victini,0,2
Toedscool,Golbat,Golbat,0,1
Piplup,Boltund,Boltund,0,1
Hattrem,Hippopotas,Hattrem,1,2
Growlithe,Glalie,Glalie,0,2
Snivy,Cinccino,Cinccino,0,2
Hatterene,Parasect,Hatterene,1,1
Wingull,Probopass,Probopass,0,1
Pawniard,Samurott,Samurott,0,1
Armaldo,Arboliva,Armaldo,1,2
Electrike,Marshadow,Marshadow,0,1
Reuniclus,Diggersby,Reuniclus,1,2
Eelektross,Cherubi,Eelektross,1,1
Golbat,Tangela,Golbat,1,2
Pincurchin,Masquerain,Pincurchin,1,2
Drampa,Incineroar,Incineroar,0,3
Caterpie,Seel,Seel,0,1
Florges,Iron-Treads,Iron-Treads,0,1
Servine,Zangoose,Zangoose,0,2
Flamigo,Azurill,Flamigo,1,1
Heracross,Forretress,Forretress,0,3
Gogoat,Castform,Gogoat,1,2
Combee,Wigglytuff,Wigglytuff,0,1
Miltank,Registeel,Registeel,0,5
Lurantis,Grapploct,Grapploct,0,3
Boltund,Cherubi,Boltund,1,1
Shiftry,Munchlax,Munchlax,0,3
Cinderace,Drilbur,Cinderace,1,2
Xatu,Spewpa,Xatu,1,1
Igglybuff,Suicune,Suicune,0,1
Salazzle,Flittle,Salazzle,1,1
Shuckle,Masquerain,Masquerain,0,3
Hippopotas,Araquanid,Araquanid,0,2
Barraskewda,Quaxwell,Barraskewda,1,3
Great-Tusk,Polteageist,Great-Tusk,1,2
Iron-Bundle,Ditto,Iron-Bundle,1,1
Diggersby,Glameow,Diggersby,1,2
Glastrier,Mudkip,Glastrier,1,2
Goomy,Porygon2,Porygon2,0,1
Haunter,Klefki,Klefki,0,2
Braviary,Gouging-Fire,Gouging-Fire,0,4
Nidorino,Blipbug,Nidorino,1,1
Poliwrath,Ponyta,Poliwrath,1,1
Flutter-Mane,Pansage,Flutter-Mane,1,1
Crabrawler,Sobble,Sobble,0,2
Fomantis,Umbreon,Umbreon,0,1
Blissey,Snorunt,Snorunt,0,2
Basculin-Red-Striped,Zoroark,Zoroark,0,2
Zacian,Groudon,Groudon,0,3
Barbaracle,Giratina-Altered,Giratina-Altered,0,3
Primeape,Delibird,Primeape,1,1
Pansear,Honchkrow,Honchkrow,0,1
Zeraora,Ogerpon,Zeraora,1,3
Iron-Bundle,Zygarde-50,Iron-Bundle,1,1
Spoink,Glalie,Glalie,0,2
Electabuzz,Fletchinder,Electabuzz,1,1
Slowking,Cramorant,Slowking,1,3
Ogerpon,Porygon,Ogerpon,1,3
Sobble,Pawmot,Pawmot,0,1
Rookidee,Lickilicky,Lickilicky,0,1
Slakoth,Pecharunt,Pecharunt,0,2
Cofagrigus,Torkoal,Torkoal,0,3
Kirlia,Spectrier,Spectrier,0,1
Graveler,Pidgeot,Pidgeot,0,1
Venonat,Avalugg,Avalugg,0,2
Annihilape,Ekans,Annihilape,1,1
Zoroark,Gimmighoul,Zoroark,1,1
Linoone,Remoraid,Linoone,1,1
Farfetchd,Floatzel,Floatzel,0,2
Prinplup,Dipplin,Dipplin,0,1
Drampa,Lechonk,Drampa,1,1
Wobbuffet,Celebi,Celebi,0,5
Frillish-Male,Pansage,Pansage,0,2
Terapagos,Baltoy,Terapagos,1,2
Florges,Accelgor,Florges,1,2
Crustle,Marowak,Crustle,1,3
Budew,Hoothoot,Hoothoot,0,1
Golett,Mantyke,Mantyke,0,1
Yungoos,Dolliv,Dolliv,0,1
Brute-Bonnet,Cleffa,Brute-Bonnet,1,1
Gyarados,Fennekin,Gyarados,1,1
Medicham,Ditto,Medicham,1,1
Greedent,Cetitan,Cetitan,0,4
Jellicent-Male,Iron-Boulder,Iron-Boulder,0,3
Okidogi,Mandibuzz,Mandibuzz,0,3
Lanturn,Sobble,Lanturn,1,1
Shellos,Bayleef,Bayleef,0,2
Linoone,Kecleon,Linoone,1,3
Terrakion,Dewpider,Terrakion,1,1
Snorlax,Orbeetle,Snorlax,1,3
Ursaluna,Wyrdeer,Ursaluna,1,3
Ariados,Bewear,Bewear,0,2
Claydol,Gimmighoul,Claydol,1,2
Buizel,Primeape,Primeape,0,1
Flamigo,Vigoroth,Flamigo,1,2
Sawsbuck,Silcoon,Sawsbuck,1,2
Slurpuff,Basculegion-Male,Basculegion-Male,0,3
Tadbulb,Charmander,Charmander,0,2
Glimmora,Xurkitree,Xurkitree,0,2
Shuppet,Seviper,Seviper,0,1
Annihilape,Kabutops,Annihilape,1,2
Oinkologne-Male,Sunflora,Oinkologne-Male,1,2
Zoroark,Vanilluxe,Vanilluxe,0,2
Drilbur,Corvisquire,Corvisquire,0,2
Stunfisk,Klawf,Stunfisk,1,2
Iron-Leaves,Sandaconda,Iron-Leaves,1,2
Wobbuffet,Klink,Wobbuffet,1,6
Misdreavus,Nidoking,Nidoking,0,2
Helioptile,Furret,Furret,0,1
Clefable,Squirtle,Clefable,1,2
Fennekin,Silvally,Silvally,0,1
Walrein,Kabutops,Kabutops,0,2
Iron-Thorns,Lunala,Lunala,0,3
Melmetal,Toxapex,Melmetal,1,3
Mew,Popplio,Mew,1,2
Jigglypuff,Aerodactyl,Aerodactyl,0,1
Cufant,Banette,Banette,0,2
Munchlax,Popplio,Munchlax,1,2
Clefairy,Sableye,Sableye,0,2
Sizzlipede,Pachirisu,Pachirisu,0,3
Morgrem,Hoopa,Morgrem,1,2
Drifloon,Morgrem,Morgrem,0,1
Bidoof,Dugtrio,Dugtrio,0,1
Sneasel,Meowth,Sneasel,1,1
Starly,Snover,Snover,0,1
Silicobra,Quagsire,Quagsire,0,1
Grimmsnarl,Morelull,Grimmsnarl,1,1
Cyclizar,Noivern,Noivern,0,1
Dachsbun,Wailmer,Wailmer,0,3
Morpeko-Full-Belly,Crustle,Crustle,0,1
Thievul,Crustle,Crustle,0,1
Seaking,Panpour,Seaking,1,2
Fuecoco,Reuniclus,Reuniclus,0,1
Greedent,Arctozolt,Arctozolt,0,4
Vullaby,Sandaconda,Sandaconda,0,2
Mudkip,Escavalier,Escavalier,0,1
Xerneas,Swalot,Xerneas,1,4
Swadloon,Ursaluna,Ursaluna,0,2
Celebi,Fomantis,Celebi,1,1
Oricorio-Baile,Umbreon,Umbreon,0,4
Espathra,Chatot,Espathra,1,1
Cascoon,Latios,Latios,0,1
Wugtrio,Cramorant,Cramorant,0,1
Granbull,Crustle,Crustle,0,3
Slugma,Luvdisc,Luvdisc,0,1
Haunter,Baxcalibur,Baxcalibur,0,2
Mew,Meowscarada,Mew,1,2
Minior-Red-Meteor,Maschiff,Minior-Red-Meteor,1,3
Urshifu-Single-Strike,Gurdurr,Gurdurr,0,2
Beedrill,Meditite,Beedrill,1,1
Brambleghast,Remoraid,Brambleghast,1,1
Krokorok,Budew,Krokorok,1,1
Gabite,Suicune,Suicune,0,1
Anorith,Glameow,Anorith,1,1
Chesnaught,Meditite,Chesnaught,1,1
Bewear,Type-Null,Bewear,1,2
Unfezant,Amaura,Amaura,0,2
Sneasler,Foongus,Sneasler,1,1
Rookidee,Tinkatink,Tinkatink,0,2
Pawmi,Grovyle,Grovyle,0,1
Gumshoos,Krokorok,Gumshoos,1,2
Oranguru,Nidoqueen,Oranguru,1,2
Bewear,Bergmite,Bewear,1,1
Samurott,Noivern,Samurott,1,1
Squirtle,Kleavor,Kleavor,0,1
Meganium,Zubat,Meganium,1,1
Kricketot,Regice,Regice,0,1
Mime-Jr,Gloom,Gloom,0,1
Honchkrow,Xerneas,Xerneas,0,1
Groudon,Seel,Groudon,1,1
Elekid,Celesteela,Celesteela,0,1
Crabominable,Golem,Crabominable,1,2
Caterpie,Sentret,Caterpie,1,2
Abra,Toedscool,Abra,1,1
Sinistea,Tinkatink,Tinkatink,0,2
Breloom,Chatot,Chatot,0,1
Lumineon,Brionne,Lumineon,1,4
Reuniclus,Archen,Reuniclus,1,1
Finizen,Wailmer,Wailmer,0,3
Pikachu,Spidops,Spidops,0,1
Cresselia,Politoed,Cresselia,1,5
Dachsbun,Chinchou,Dachsbun,1,3
Probopass,Bergmite,Probopass,1,2
Claydol,Mankey,Claydol,1,1
Doublade,Ho-Oh,Ho-Oh,0,1
Turtonator,Prinplup,Prinplup,0,3
Ursaluna,Shiinotic,Ursaluna,1,2
Spheal,Garganacl,Garganacl,0,1
Dragalge,Buizel,Dragalge,1,1
Servine,Poliwhirl,Servine,1,2
Pupitar,Cutiefly,Pupitar,1,1
Kangaskhan,Chimchar,Kangaskhan,1,1
Girafarig,Dugtrio,Girafarig,1,1
Liepard,Braixen,Liepard,1,2
Jellicent-Male,Solgaleo,Solgaleo,0,4
Alakazam,Simisage,Alakazam,1,2
Glameow,Mudbray,Mudbray,0,1
Cottonee,Leafeon,Leafeon,0,2
Tinkatuff,Celesteela,Celesteela,0,2
Ariados,Glimmora,Glimmora,0,2
Lillipup,Sprigatito,Sprigatito,0,2
Koffing,Dewott,Dewott,0,1
Gossifleur,Tinkaton,Tinkaton,0,1
Pineco,Tirtouga,Tirtouga,0,2
Kecleon,Scream-Tail,Scream-Tail,0,4
Smoliv,Wobbuffet,Wobbuffet,0,2
Bastiodon,Mantine,Mantine,0,2
Linoone,Cufant,Cufant,0,3
Kecleon,Dragonair,Kecleon,1,2
Nidoking,Lopunny,Nidoking,1,3
Nidorina,Moltres,Moltres,0,2
Tadbulb,Weezing,Weezing,0,2
Sealeo,Bergmite,Sealeo,1,2
Zigzagoon,Sharpedo,Sharpedo,0,1
Lunala,Haxorus,Lunala,1,2
Dedenne,Finneon,Dedenne,1,1
Hawlucha,Finneon,Hawlucha,1,2
Samurott,Vanillish,Samurott,1,2
Volcarona,Iron-Treads,Volcarona,1,1
Rockruff,Crabominable,Crabominable,0,1
Garganacl,Flutter-Mane,Garganacl,1,2
Marowak,Charizard,Charizard,0,2
Florges,Groudon,Groudon,0,2
Lugia,Dipplin,Lugia,1,2
Primeape,Roaring-Moon,Roaring-Moon,0,2
Lokix,Indeedee-Male,Lokix,1,1
Tarountula,Alomomola,Alomomola,0,2
Perrserker,Meltan,Perrserker,1,3
Whiscash,Scream-Tail,Scream-Tail,0,5
Diancie,Oinkologne-Male,Diancie,1,4
Garbodor,Meditite,Garbodor,1,1
Poliwag,Wailmer,Wailmer,0,2
Ledian,Starmie,Starmie,0,2
Mienshao,Charmeleon,Mienshao,1,2
Annihilape,Kakuna,Annihilape,1,1
Donphan,Timburr,Donphan,1,2
Panpour,Beautifly,Beautifly,0,2
Dudunsparce-Two-Segment,Azelf,Azelf,0,3
Musharna,Fletchinder,Musharna,1,2
Weezing,Tapu-Lele,Tapu-Lele,0,1
Throh,Alomomola,Throh,1,6
Gliscor,Chi-Yu,Chi-Yu,0,1
Oshawott,Squirtle,Oshawott,1,3
Swirlix,Iron-Jugulis,Iron-Jugulis,0,2
Surskit,Vespiquen,Vespiquen,0,1
Cosmoem,Victreebel,Victreebel,0,3
Skeledirge,Fennekin,Skeledirge,1,1
Litleo,Rowlet,Litleo,1,1
Gible,Duraludon,Duraludon,0,1
Meowstic-Male,Lugia,Lugia,0,3
Relicanth,Kleavor,Relicanth,1,2
Braixen,Landorus-Incarnate,Landorus-Incarnate,0,1
Gallade,Mareanie,Gallade,1,1
Finneon,Chandelure,Chandelure,0,2
Swirlix,Psyduck,Swirlix,1,2
Marowak,Munkidori,Munkidori,0,2
Bombirdier,Finneon,Bombirdier,1,1
Stonjourner,Walking-Wake,Walking-Wake,0,1
Nidoran-F,Spidops,Spidops,0,3
Gloom,Togedemaru,Togedemaru,0,2
Hypno,Staryu,Hypno,1,1
Larvesta,Slurpuff,Slurpuff,0,3
Lickitung,Feraligatr,Feraligatr,0,4
Klinklang,Smoochum,Klinklang,1,1
Buzzwole,Turtwig,Buzzwole,1,1
Karrablast,Bulbasaur,Karrablast,1,2
Flaaffy,Glimmora,Glimmora,0,2
Scrafty,Deoxys-Normal,Scrafty,1,2
Sudowoodo,Pidgey,Sudowoodo,1,1
Hakamo-O,Pignite,Pignite,0,2
Zangoose,Raboot,Zangoose,1,2
Wiglett,Mandibuzz,Mandibuzz,0,1
Fidough,Milcery,Fidough,1,2
Cosmoem,Corvisquire,Corvisquire,0,4
Armaldo,Ducklett,Armaldo,1,1
Cherrim,Glastrier,Glastrier,0,2
Clauncher,Skwovet,Clauncher,1,2
Mamoswine,Fuecoco,Mamoswine,1,1
Slowbro,Graveler,Slowbro,1,1
Registeel,Yamask,Registeel,1,2
Armarouge,Toxapex,Armarouge,1,2
Kubfu,Scyther,Scyther,0,1
Delphox,Oricorio-Baile,Delphox,1,2
Oinkologne-Male,Nuzleaf,Oinkologne-Male,1,2
Treecko,Grafaiai,Grafaiai,0,1
Meloetta-Aria,Emolga,Meloetta-Aria,1,1
Cryogonal,Sandshrew,Cryogonal,1,1
Steelix,Alcremie,Steelix,1,2
Plusle,Chimecho,Chimecho,0,2
Fidough,Suicune,Suicune,0,1
Mightyena,Wimpod,Mightyena,1,1
Basculin-Red-Striped,Wailmer,Basculin-Red-Striped,1,4
Litleo,Barboach,Litleo,1,2
Deino,Luxray,Luxray,0,1
Arrokuda,Shroodle,Shroodle,0,1
Crustle,Hoopa,Hoopa,0,2
Kyogre,Cottonee,Kyogre,1,1
Chingling,Prinplup,Prinplup,0,2
Panpour,Aerodactyl,Aerodactyl,0,1
Bagon,Jirachi,Jirachi,0,1
Flamigo,Gallade,Flamigo,1,1
Grubbin,Ralts,Grubbin,1,1
Chien-Pao,Gliscor,Chien-Pao,1,1
Flapple,Jumpluff,Jumpluff,0,2
Crawdaunt,Toxel,Crawdaunt,1,1
Marowak,Yamask,Marowak,1,2
Torchic,Cloyster,Cloyster,0,1
Dewpider,Chien-Pao,Chien-Pao,0,1
Oshawott,Cubchoo,Oshawott,1,2
Shuppet,Dachsbun,Dachsbun,0,2
Silvally,Brionne,Silvally,1,2
Goomy,Deino,Goomy,1,1
Luvdisc,Charizard,Charizard,0,2
Phanpy,Bunnelby,Phanpy,1,1
Zarude,Ditto,Zarude,1,2
Arctovish,Celesteela,Celesteela,0,4
Wailord,Lechonk,Wailord,1,2
Delcatty,Thwackey,Delcatty,1,3
Cufant,Whiscash,Whiscash,0,1
Raichu,Samurott,Raichu,1,2
Groudon,Togekiss,Groudon,1,3
Snubbull,Aromatisse,Aromatisse,0,1
Pikachu,Charizard,Charizard,0,1
Walking-Wake,Torchic,Walking-Wake,1,1
Slaking,Squirtle,Slaking,1,1
Hoothoot,Garganacl,Garganacl,0,1
Groudon,Pawmot,Groudon,1,1
Helioptile,Lombre,Lombre,0,2
Bayleef,Poliwhirl,Bayleef,1,1
Chewtle,Gogoat,Gogoat,0,1
Hydrapple,Wobbuffet,Hydrapple,1,4
Tangela,Basculin-Red-Striped,Basculin-Red-Striped,0,1
Tepig,Grapploct,Grapploct,0,1
Heliolisk,Zamazenta,Zamazenta,0,1
Virizion,Swanna,Swanna,0,1
Diglett,Audino,Audino,0,1
Tinkatink,Gardevoir,Tinkatink,1,2
Sawk,Eevee,Sawk,1,1
Brute-Bonnet,Toucannon,Toucannon,0,2
Aegislash-Shield,Cherrim,Aegislash-Shield,1,4
Gallade,Sirfetchd,Gallade,1,2
Druddigon,Bagon,Druddigon,1,1
Porygon,Oshawott,Porygon,1,2
Houndstone,Mareep,Houndstone,1,1
Regirock,Charmeleon,Regirock,1,1
Stunfisk,Pidgeot,Stunfisk,1,2
Celebi,Krokorok,Celebi,1,1
Hoppip,Stufful,Stufful,0,1
Persian,Cyndaquil,Persian,1,1
Glalie,Hoothoot,Glalie,1,1
Onix,Indeedee-Male,Indeedee-Male,0,1
Scatterbug,Salamence,Salamence,0,1
Coalossal,Klefki,Coalossal,1,2
Metapod,Clefable,Clefable,0,1
Charizard,Aegislash-Shield,Charizard,1,2
Hariyama,Cetitan,Hariyama,1,2
Steenee,Mew,Mew,0,1
Mr-Rime,Weavile,Mr-Rime,1,1
Feebas,Lopunny,Lopunny,0,1
Dubwool,Mime-Jr,Dubwool,1,1
Beldum,Raticate,Raticate,0,3
Tinkaton,Sableye,Tinkaton,1,1
Vileplume,Quaxwell,Vileplume,1,1
Hariyama,Celebi,Celebi,0,2
Lickilicky,Virizion,Virizion,0,3
Emboar,Exeggutor,Emboar,1,2
Duskull,Garganacl,Garganacl,0,1
Yungoos,Araquanid,Araquanid,0,1
Snorunt,Paras,Snorunt,1,1
Flutter-Mane,Brionne,Flutter-Mane,1,2
Omastar,Venonat,Omastar,1,1
Joltik,Appletun,Appletun,0,1
Umbreon,Okidogi,Okidogi,0,2
Houndstone,Archen,Houndstone,1,2
Farigiraf,Lilligant,Farigiraf,1,2
Tyranitar,Sprigatito,Tyranitar,1,1
Honedge,Simisear,Simisear,0,1
Sharpedo,Pupitar,Sharpedo,1,1
Rampardos,Togedemaru,Togedemaru,0,2
Jigglypuff,Zubat,Zubat,0,2
Thwackey,Iron-Moth,Iron-Moth,0,1
Meowth,Kingambit,Kingambit,0,1
Mimikyu-Disguised,Chimchar,Mimikyu-Disguised,1,1
Escavalier,Volcanion,Volcanion,0,1
Emolga,Hariyama,Hariyama,0,2
Bouffalant,Gothorita,Bouffalant,1,2
Snover,Lileep,Snover,1,2
Rabsca,Ambipom,Rabsca,1,2
Hoopa,Type-Null,Hoopa,1,3
Xatu,Octillery,Octillery,0,2
Klinklang,Gulpin,Klinklang,1,2
Ivysaur,Cinderace,Cinderace,0,2
Lilligant,Chi-Yu,Chi-Yu,0,1
Hariyama,Yamper,Hariyama,1,1
Bidoof,Klawf,Klawf,0,2
Rillaboom,Kirlia,Rillaboom,1,1
Mr-Rime,Espeon,Mr-Rime,1,3
Relicanth,Dipplin,Dipplin,0,1
Ditto,Ekans,Ekans,0,2
Rampardos,Dugtrio,Rampardos,1,1
Duskull,Honchkrow,Honchkrow,0,1
Piloswine,Ursaring,Ursaring,0,3
Celebi,Toucannon,Celebi,1,2
Golem,Houndstone,Houndstone,0,3
Volcanion,Mudbray,Volcanion,1,1
Tinkatink,Meltan,Meltan,0,2
Hatterene,Flareon,Hatterene,1,2
Geodude,Electrode,Electrode,0,1
Bellsprout,Marshtomp,Marshtomp,0,1
Gholdengo,Pignite,Pignite,0,3
Ralts,Iron-Bundle,Iron-Bundle,0,1
Dewott,Swellow,Dewott,1,2
Snorlax,Wormadam-Plant,Snorlax,1,2
Stonjourner,Iron-Treads,Iron-Treads,0,2
Miltank,Jirachi,Jirachi,0,3
Staraptor,Chatot,Staraptor,1,2
Sandslash,Spheal,Sandslash,1,2
Monferno,Minun,Minun,0,2
Bisharp,Manectric,Manectric,0,2
Purrloin,Lampent,Lampent,0,1
Musharna,Camerupt,Musharna,1,2
Nickit,Gimmighoul,Nickit,1,2
Poipole,Cofagrigus,Cofagrigus,0,3
Eternatus,Dracovish,Eternatus,1,1
Alcremie,Delphox,Delphox,0,3
Rayquaza,Chikorita,Rayquaza,1,1
Galvantula,Woobat,Galvantula,1,1
Volbeat,Pecharunt,Pecharunt,0,3
Cubchoo,Shuckle,Cubchoo,1,3
Lotad,Lillipup,Lillipup,0,1
Armarouge,Gengar,Armarouge,1,1
Sneasel,Quagsire,Quagsire,0,2
Raging-Bolt,Gallade,Raging-Bolt,1,3
Mudkip,Heliolisk,Heliolisk,0,1
Runerigus,Genesect,Genesect,0,2
Krabby,Mareep,Mareep,0,1
Sandy-Shocks,Spiritomb,Sandy-Shocks,1,2
Gimmighoul,Basculin-Red-Striped,Basculin-Red-Striped,0,2
Salamence,Poliwrath,Salamence,1,2
Boldore,Samurott,Samurott,0,1
Cleffa,Rolycoly,Rolycoly,0,2
Treecko,Mienfoo,Mienfoo,0,1
Cosmoem,Hoopa,Hoopa,0,1
Cubchoo,Raging-Bolt,Raging-Bolt,0,1
Medicham,Phione,Phione,0,3
Throh,Hitmontop,Throh,1,2
Slither-Wing,Boldore,Slither-Wing,1,2
Calyrex,Alcremie,Alcremie,0,3
Simipour,Litleo,Simipour,1,1
Suicune,Scrafty,Suicune,1,4
Clawitzer,Kleavor,Clawitzer,1,1
Poipole,Iron-Treads,Iron-Treads,0,1
Rotom,Garganacl,Garganacl,0,2
Honedge,Simisage,Simisage,0,2
Growlithe,Type-Null,Type-Null,0,1
Varoom,Horsea,Horsea,0,2
Musharna,Great-Tusk,Musharna,1,2
Sprigatito,Lickilicky,Lickilicky,0,1
Arcanine,Abomasnow,Arcanine,1,1
Xurkitree,Sliggoo,Xurkitree,1,2
Emboar,Tyrunt,Emboar,1,1
Togepi,Escavalier,Escavalier,0,1
Annihilape,Arboliva,Annihilape,1,2
Bruxish,Yungoos,Bruxish,1,1
Comfey,Drilbur,Comfey,1,1
Koffing,Enamorus-Incarnate,Enamorus-Incarnate,0,1
Horsea,Dusclops,Dusclops,0,2
Clefable,Bronzong,Bronzong,0,2
Meltan,Sliggoo,Sliggoo,0,2
Sandy-Shocks,Hitmonlee,Sandy-Shocks,1,2
Empoleon,Foongus,Empoleon,1,2
Arboliva,Pichu,Arboliva,1,1
Arctovish,Mewtwo,Mewtwo,0,3
Simipour,Relicanth,Simipour,1,3
Bunnelby,Pansage,Pansage,0,2
Archaludon,Basculin-Red-Striped,Archaludon,1,2
Snover,Venusaur,Venusaur,0,1
Chingling,Pawniard,Pawniard,0,2
Silcoon,Yamask,Yamask,0,2
Archeops,Leafeon,Archeops,1,2
Wiglett,Bellsprout,Bellsprout,0,1
Silcoon,Mawile,Mawile,0,1
Sawk,Shaymin-Land,Shaymin-Land,0,3
Lickitung,Spheal,Lickitung,1,3
Milotic,Noibat,Milotic,1,1
Barboach,Yungoos,Barboach,1,2
Charcadet,Solosis,Solosis,0,1
Shelmet,Charmeleon,Charmeleon,0,1
Bunnelby,Cyclizar,Cyclizar,0,1
Scrafty,Abra,Scrafty,1,1
Overqwil,Espathra,Overqwil,1,2
Spritzee,Golem,Golem,0,2
Trapinch,Natu,Natu,0,1
Rhyhorn,Maschiff,Maschiff,0,2
Swablu,Steenee,Swablu,1,2
Piloswine,Bronzong,Piloswine,1,2
Glaceon,Klinklang,Klinklang,0,2
Venusaur,Remoraid,Venusaur,1,1
Flapple,Haunter,Haunter,0,1
Grimmsnarl,Beheeyem,Grimmsnarl,1,2
Pikachu,Sunflora,Sunflora,0,1
Slakoth,Escavalier,Escavalier,0,2
Ferroseed,Zebstrika,Zebstrika,0,3
Smeargle,Mimikyu-Disguised,Mimikyu-Disguised,0,2
Reshiram,Stoutland,Reshiram,1,2
Mismagius,Carnivine,Mismagius,1,2
Gothorita,Corphish,Gothorita,1,1
Weedle,Swinub,Swinub,0,1
Hatenna,Carbink,Carbink,0,2
Combee,Sneasler,Sneasler,0,1
Tangrowth,Archaludon,Archaludon,0,2
Stantler,Pawmot,Pawmot,0,1
Hoothoot,Bidoof,Bidoof,0,2
Darkrai,Magmortar,Magmortar,0,2
Metang,Haxorus,Metang,1,3
Stoutland,Ninetales,Stoutland,1,2
Sudowoodo,Darmanitan-Standard,Sudowoodo,1,2
Rookidee,Kangaskhan,Kangaskhan,0,1
Joltik,Dewgong,Dewgong,0,2
Electabuzz,Glameow,Electabuzz,1,1
Burmy,Drowzee,Drowzee,0,2
Dratini,Exeggutor,Exeggutor,0,1
Scraggy,Victreebel,Victreebel,0,2
Drifblim,Chien-Pao,Chien-Pao,0,2
Vibrava,Wigglytuff,Wigglytuff,0,1
Komala,Bibarel,Bibarel,0,2
Ceruledge,Goodra,Ceruledge,1,3
Nidorino,Solgaleo,Solgaleo,0,1
Dreepy,Milcery,Milcery,0,1
Beedrill,Melmetal,Melmetal,0,1
Dewott,Gloom,Dewott,1,2
Yanma,Pikipek,Yanma,1,1
Aromatisse,Unfezant,Aromatisse,1,2
Jirachi,Goomy,Jirachi,1,1
Pansage,Capsakid,Pansage,1,2
Arboliva,Flamigo,Flamigo,0,2
Jellicent-Male,Appletun,Jellicent-Male,1,2
Kabuto,Cherubi,Kabuto,1,1
Frosmoth,Huntail,Frosmoth,1,3
Cosmog,Chewtle,Chewtle,0,2
Golett,Cinccino,Cinccino,0,2
Tauros,Skwovet,Tauros,1,2
Arctozolt,Litten,Arctozolt,1,1
Delphox,Giratina-Altered,Giratina-Altered,0,2
Croagunk,Houndoom,Houndoom,0,1
Sewaddle,Larvesta,Larvesta,0,1
Scraggy,Regigigas,Regigigas,0,1
Flittle,Forretress,Forretress,0,1
Beautifly,Bastiodon,Bastiodon,0,1
Shedinja,Drampa,Drampa,0,1
Bellossom,Heracross,Heracross,0,2
Luxio,Bramblin,Luxio,1,1
Rhyperior,Spinda,Rhyperior,1,2
Thievul,Furfrou,Furfrou,0,3
Cloyster,Chandelure,Chandelure,0,1
Spinda,Aerodactyl,Aerodactyl,0,2
Drifblim,Gallade,Drifblim,1,2
Pikachu,Dracozolt,Dracozolt,0,1
Varoom,Whirlipede,Varoom,1,3
Slowking,Krokorok,Slowking,1,1
Scorbunny,Marowak,Marowak,0,1
Scream-Tail,Corphish,Scream-Tail,1,1
Lanturn,Rotom,Lanturn,1,3
Sprigatito,Sinistcha,Sinistcha,0,1
Rillaboom,Tangrowth,Tangrowth,0,2
Luxio,Spritzee,Spritzee,0,2
Tatsugiri-Curly,Porygon2,Porygon2,0,2
Wo-Chien,Minccino,Wo-Chien,1,1
Dreepy,Rockruff,Rockruff,0,1
Carracosta,Oshawott,Carracosta,1,1
Beartic,Centiskorch,Centiskorch,0,2
Machop,Beartic,Beartic,0,2
Latias,Drednaw,Latias,1,3
Mienshao,Mandibuzz,Mandibuzz,0,2
Articuno,Pidgeotto,Articuno,1,1
Pansage,Falinks,Falinks,0,1
Croagunk,Copperajah,Copperajah,0,1
Azumarill,Cacnea,Azumarill,1,2
Kadabra,Bronzor,Bronzor,0,2
Ferrothorn,Timburr,Ferrothorn,1,2
Aurorus,Wooloo,Aurorus,1,1
Vileplume,Mimikyu-Disguised,Mimikyu-Disguised,0,3
Zekrom,Articuno,Zekrom,1,2
Pignite,Poltchageist,Pignite,1,1
Eldegoss,Vivillon,Vivillon,0,2
Machamp,Poliwhirl,Machamp,1,2
Cinccino,Amaura,Amaura,0,3
Bronzong,Iron-Treads,Iron-Treads,0,2
Dragalge,Buneary,Dragalge,1,2
Gorebyss,Kricketot,Gorebyss,1,1
Salamence,Wurmple,Salamence,1,1
Trevenant,Piplup,Trevenant,1,1
Probopass,Porygon2,Probopass,1,6
Dusclops,Celebi,Celebi,0,2
Varoom,Goomy,Varoom,1,1
Floatzel,Purugly,Floatzel,1,2
Drizzile,Scatterbug,Drizzile,1,1
Steelix,Oshawott,Oshawott,0,2
Cetitan,Klefki,Klefki,0,3
Banette,Toxtricity-Amped,Toxtricity-Amped,0,2
Pyroar-Male,Greavard,Pyroar-Male,1,1
Grubbin,Murkrow,Murkrow,0,1
Archen,Elekid,Elekid,0,1
Sawk,Pansage,Sawk,1,1
Roselia,Cosmoem,Roselia,1,3
Magmar,Pansear,Magmar,1,2
Blacephalon,Piplup,Blacephalon,1,1
Fletchling,Shelgon,Shelgon,0,1
Falinks,Golduck,Golduck,0,2
Kadabra,Zapdos,Zapdos,0,1
Golurk,Celesteela,Celesteela,0,2
Chewtle,Gothorita,Gothorita,0,2
Hoopa,Illumise,Hoopa,1,2
Slugma,Vulpix,Vulpix,0,3
Kilowattrel,Chewtle,Kilowattrel,1,1
Copperajah,Honchkrow,Copperajah,1,2
Avalugg,Metapod,Avalugg,1,2
Buizel,Morgrem,Morgrem,0,1
Crawdaunt,Infernape,Infernape,0,2
Milotic,Staraptor,Milotic,1,2
Araquanid,Salandit,Araquanid,1,1
Arrokuda,Silcoon,Arrokuda,1,2
Braviary,Froakie,Braviary,1,1
Gogoat,Nidoking,Nidoking,0,2
Hoopa,Golduck,Hoopa,1,2
Meltan,Sandy-Shocks,Sandy-Shocks,0,1
Vullaby,Sliggoo,Sliggoo,0,2
Slither-Wing,Togekiss,Togekiss,0,2
Terrakion,Gothitelle,Terrakion,1,2
Sudowoodo,Hydrapple,Hydrapple,0,1
Slither-Wing,Regidrago,Slither-Wing,1,3
Dewpider,Herdier,Herdier,0,1
Rillaboom,Braviary,Braviary,0,2
Watchog,Florges,Florges,0,2
Quilava,Carkol,Carkol,0,2
Meganium,Lurantis,Meganium,1,3
Bellibolt,Quaxwell,Bellibolt,1,1
Quaxwell,Clauncher,Quaxwell,1,3
Espathra,Arbok,Espathra,1,1
Meltan,Watchog,Watchog,0,3
Zeraora,Lillipup,Zeraora,1,1
Spiritomb,Pawmi,Spiritomb,1,1
Lilligant,Bidoof,Lilligant,1,1
Arbok,Baxcalibur,Baxcalibur,0,2
Orthworm,Infernape,Infernape,0,1
Dratini,Sizzlipede,Dratini,1,2
Pidgeotto,Magearna,Magearna,0,1
Medicham,Cleffa,Medicham,1,2
Flutter-Mane,Gogoat,Flutter-Mane,1,3
Flareon,Meowth,Flareon,1,1
Cosmog,Toxicroak,Toxicroak,0,1
Weepinbell,Garbodor,Garbodor,0,2
Piplup,Marill,Piplup,1,5
Carkol,Cherrim,Carkol,1,2
Vivillon,Grovyle,Vivillon,1,1
Eldegoss,Rapidash,Rapidash,0,2
Dratini,Vigoroth,Vigoroth,0,1
Pyroar-Male,Luxray,Pyroar-Male,1,3
Palafin-Zero,Minior-Red-Meteor,Palafin-Zero,1,3
Ledyba,Magcargo,Magcargo,0,1
Crawdaunt,Ekans,Crawdaunt,1,1
Zygarde-50,Finneon,Zygarde-50,1,2
Espurr,Orbeetle,Orbeetle,0,2
Spinarak,Zekrom,Zekrom,0,1
Virizion,Blissey,Virizion,1,1
Doduo,Shaymin-Land,Shaymin-Land,0,1
Emolga,Bronzong,Bronzong,0,2
Solrock,Boldore,Solrock,1,3
Druddigon,Exeggcute,Druddigon,1,2
Crabrawler,Lumineon,Lumineon,0,2
Charcadet,Skwovet,Charcadet,1,2
Lanturn,Lilligant,Lilligant,0,2
Keldeo-Ordinary,Morpeko-Full-Belly,Keldeo-Ordinary,1,1
Timburr,Staraptor,Staraptor,0,1
Arctovish,Grovyle,Arctovish,1,1
Coalossal,Noctowl,Coalossal,1,2
Cresselia,Meltan,Cresselia,1,2
Dedenne,Wooloo,Dedenne,1,1
Cosmog,Goomy,Goomy,0,1
Gouging-Fire,Growlithe,Gouging-Fire,1,2
Raikou,Bellossom,Raikou,1,2
Quilava,Morelull,Quilava,1,1
Stonjourner,Iron-Moth,Iron-Moth,0,1
Shuppet,Cherrim,Cherrim,0,1
Chimchar,Scrafty,Scrafty,0,1
Arrokuda,Dragonair,Dragonair,0,1
Impidimp,Lillipup,Lillipup,0,1
Lunatone,Meltan,Lunatone,1,2
Victini,Baxcalibur,Victini,1,4
Malamar,Aerodactyl,Aerodactyl,0,3
Floatzel,Nihilego,Floatzel,1,4
Cosmog,Happiny,Cosmog,1,2
Altaria,Gothita,Altaria,1,2
Skrelp,Throh,Throh,0,2
Altaria,Dudunsparce-Two-Segment,Dudunsparce-Two-Segment,0,2
Hoothoot,Hippopotas,Hippopotas,0,2
Blaziken,Luxray,Blaziken,1,2
Dewott,Krookodile,Krookodile,0,2
Zeraora,Dwebble,Zeraora,1,1
Spritzee,Jellicent-Male,Jellicent-Male,0,3
Cranidos,Kecleon,Cranidos,1,2
Breloom,Naclstack,Breloom,1,1
Carracosta,Minior-Red-Meteor,Carracosta,1,2
Aurorus,Ambipom,Aurorus,1,2
Dottler,Beldum,Beldum,0,3
Iron-Thorns,Snubbull,Iron-Thorns,1,1
Mothim,Greedent,Greedent,0,2
Garganacl,Snorunt,Garganacl,1,1
Cyclizar,Politoed,Politoed,0,2
Zekrom,Aipom,Zekrom,1,1
Hoothoot,Cyclizar,Cyclizar,0,1
Venomoth,Hoopa,Hoopa,0,1
Groudon,Swampert,Swampert,0,2
Iron-Crown,Scatterbug,Iron-Crown,1,1
Emolga,Tarountula,Emolga,1,1
Mienfoo,Mantyke,Mienfoo,1,2
Skitty,Runerigus,Runerigus,0,2
Dragalge,Sealeo,Sealeo,0,2
Tsareena,Misdreavus,Misdreavus,0,3
Type-Null,Virizion,Virizion,0,2
Ducklett,Greninja,Greninja,0,2
Umbreon,Sylveon,Sylveon,0,3
Psyduck,Passimian,Passimian,0,1
Kilowattrel,Haunter,Kilowattrel,1,1
Quagsire,Illumise,Quagsire,1,4
Psyduck,Zekrom,Zekrom,0,1
Nidoran-F,Beedrill,Beedrill,0,2
Wyrdeer,Kingdra,Wyrdeer,1,3
Fuecoco,Terapagos,Terapagos,0,3
Finneon,Crocalor,Finneon,1,2
Chikorita,Whiscash,Whiscash,0,2
Entei,Crawdaunt,Crawdaunt,0,2
Clauncher,Onix,Clauncher,1,1
Magneton,Stoutland,Magneton,1,3
Rayquaza,Regidrago,Rayquaza,1,2
Gliscor,Nidoking,Nidoking,0,1
Exeggcute,Golem,Exeggcute,1,1
Cresselia,Fidough,Cresselia,1,2
Venonat,Axew,Axew,0,2
Arrokuda,Silvally,Silvally,0,1
Jirachi,Carbink,Jirachi,1,1
Sunflora,Luxray,Luxray,0,2
Tinkatink,Morelull,Tinkatink,1,2
Chingling,Gogoat,Gogoat,0,1
Lopunny,Magmortar,Magmortar,0,2
Victreebel,Bronzong,Bronzong,0,2
Clobbopus,Pineco,Clobbopus,1,3
Milcery,Bibarel,Bibarel,0,1
Drifblim,Archaludon,Archaludon,0,2
Fezandipiti,Dugtrio,Fezandipiti,1,1
Whimsicott,Klink,Klink,0,2
Gorebyss,Dipplin,Gorebyss,1,1
Sylveon,Dartrix,Sylveon,1,1
Starly,Kyogre,Kyogre,0,1
Dragalge,Uxie,Uxie,0,2
Dunsparce,Scyther,Scyther,0,3
Murkrow,Marowak,Murkrow,1,2
Charizard,Sneasel,Charizard,1,1
Chatot,Corsola,Corsola,0,2
Heracross,Purugly,Heracross,1,1
Torkoal,Xerneas,Xerneas,0,3
Elgyem,Delphox,Delphox,0,2
Jirachi,Granbull,Jirachi,1,2
Mothim,Mabosstiff,Mabosstiff,0,2
Type-Null,Quilava,Type-Null,1,2
Surskit,Scrafty,Scrafty,0,1
Shieldon,Marshtomp,Marshtomp,0,1
Marshtomp,Trumbeak,Marshtomp,1,2
Regice,Smoliv,Regice,1,1
Karrablast,Gible,Karrablast,1,1
Eiscue-Ice,Latias,Latias,0,3
Walking-Wake,Minior-Red-Meteor,Walking-Wake,1,1
Gloom,Swanna,Swanna,0,1
Crustle,Mime-Jr,Crustle,1,1
Zorua,Weezing,Weezing,0,1
Swanna,Garbodor,Garbodor,0,2
Monferno,Sandshrew,Monferno,1,1
Charmander,Mantyke,Mantyke,0,1
Reshiram,Magmar,Reshiram,1,2
Brionne,Tirtouga,Brionne,1,2
Manaphy,Kangaskhan,Manaphy,1,4
Mawile,Munna,Mawile,1,2
Venonat,Rayquaza,Rayquaza,0,1
Gengar,Appletun,Gengar,1,1
Frillish-Male,Dustox,Frillish-Male,1,4
Tynamo,Delphox,Delphox,0,1
Decidueye,Simisage,Decidueye,1,2
Shinx,Oddish,Oddish,0,1
Oddish,Kakuna,Oddish,1,1
Shiftry,Misdreavus,Misdreavus,0,2
Togetic,Grookey,Togetic,1,1
Dustox,Sandy-Shocks,Sandy-Shocks,0,2
Dewgong,Mamoswine,Mamoswine,0,2
Litleo,Oranguru,Oranguru,0,2
Gloom,Monferno,Monferno,0,2
Sandaconda,Dottler,Sandaconda,1,3
Weedle,Buizel,Buizel,0,1
Honchkrow,Tropius,Honchkrow,1,2
Pineco,Ralts,Pineco,1,1
Passimian,Greedent,Passimian,1,2
Loudred,Pecharunt,Pecharunt,0,2
Gouging-Fire,Bramblin,Gouging-Fire,1,1
Golurk,Piloswine,Golurk,1,3
Inkay,Lunatone,Lunatone,0,2
Eelektrik,Poliwag,Eelektrik,1,1
Clefairy,Litleo,Litleo,0,3
Lillipup,Tapu-Lele,Tapu-Lele,0,1
Gengar,Delcatty,Gengar,1,2
Dipplin,Silvally,Silvally,0,1
Dialga,Sunflora,Dialga,1,2
Scolipede,Kyogre,Kyogre,0,2
Cacturne,Gabite,Cacturne,1,1
Slowpoke,Munchlax,Munchlax,0,3
Sealeo,Snubbull,Sealeo,1,2
Terapagos,Beautifly,Terapagos,1,2
Dunsparce,Eevee,Dunsparce,1,2
Cresselia,Golem,Cresselia,1,3
Regigigas,Chatot,Regigigas,1,1
Bombirdier,Okidogi,Bombirdier,1,2
Hariyama,Deoxys-Normal,Deoxys-Normal,0,2
Hatenna,Poliwrath,Poliwrath,0,2
Regirock,Unown,Regirock,1,1
Espurr,Marowak,Marowak,0,2
Garchomp,Regirock,Garchomp,1,3
Dewpider,Ambipom,Ambipom,0,1
Cherrim,Togepi,Cherrim,1,2
Bergmite,Ponyta,Ponyta,0,1
Pangoro,Accelgor,Pangoro,1,2
Stoutland,Flamigo,Flamigo,0,2
Lotad,Flapple,Flapple,0,1
Nymble,Araquanid,Araquanid,0,1
Flaaffy,Calyrex,Calyrex,0,2
Zapdos,Gible,Zapdos,1,1
Doduo,Gothita,Gothita,0,1
Exeggutor,Mime-Jr,Exeggutor,1,1
Aegislash-Shield,Grovyle,Aegislash-Shield,1,2
Sobble,Starmie,Starmie,0,1
Wiglett,Okidogi,Okidogi,0,1
Feraligatr,Goodra,Goodra,0,3
Tangrowth,Staraptor,Tangrowth,1,2
Emolga,Rayquaza,Rayquaza,0,1
Venonat,Cetoddle,Cetoddle,0,3
Grumpig,Larvesta,Grumpig,1,2
Smoochum,Stoutland,Stoutland,0,1
Braviary,Goodra,Goodra,0,3
Marowak,Salazzle,Marowak,1,1
Togepi,Zangoose,Zangoose,0,1
Rhyperior,Snom,Rhyperior,1,1
Skorupi,Vaporeon,Vaporeon,0,1
Virizion,Kleavor,Kleavor,0,2
Hippowdon,Regieleki,Hippowdon,1,1
Seismitoad,Mandibuzz,Seismitoad,1,4
Scorbunny,Corvisquire,Corvisquire,0,2
Scorbunny,Bounsweet,Scorbunny,1,1
Crustle,Bewear,Bewear,0,3
Clefairy,Minior-Red-Meteor,Minior-Red-Meteor,0,3
Arcanine,Azumarill,Azumarill,0,3
Stantler,Mudsdale,Mudsdale,0,2
Pansear,Dusknoir,Dusknoir,0,1
Zoroark,Wimpod,Zoroark,1,1
Grookey,Lapras,Lapras,0,1
Phanpy,Nidorino,Nidorino,0,2
Fidough,Wobbuffet,Wobbuffet,0,3
Cacnea,Haunter,Haunter,0,1
Heatran,Politoed,Politoed,0,3
Lurantis,Noctowl,Noctowl,0,3
Spearow,Tangela,Tangela,0,1
Solgaleo,Slither-Wing,Solgaleo,1,2
Sewaddle,Servine,Servine,0,2
Marowak,Vanillish,Vanillish,0,2
Arrokuda,Larvitar,Arrokuda,1,1
Herdier,Druddigon,Druddigon,0,3
Mr-Rime,Larvitar,Mr-Rime,1,1
Hatterene,Nickit,Hatterene,1,1
Alcremie,Zamazenta,Alcremie,1,2
Charmeleon,Whismur,Charmeleon,1,1
Klinklang,Bellsprout,Klinklang,1,1
Drifloon,Gulpin,Drifloon,1,3
Ninetales,Wyrdeer,Wyrdeer,0,3
Tangrowth,Eevee,Tangrowth,1,2
Thundurus-Incarnate,Kricketune,Thundurus-Incarnate,1,1
Comfey,Roserade,Roserade,0,2
Shellder,Orbeetle,Orbeetle,0,1
Regigigas,Dewpider,Regigigas,1,1
Pancham,Tentacruel,Tentacruel,0,2
Comfey,Bibarel,Bibarel,0,2
Walrein,Glameow,Walrein,1,1
Munna,Shiinotic,Shiinotic,0,2
Gurdurr,Rhyhorn,Gurdurr,1,2
Magnezone,Kleavor,Magnezone,1,2
Heliolisk,Lairon,Heliolisk,1,2
Swampert,Murkrow,Swampert,1,1
Hydreigon,Slither-Wing,Slither-Wing,0,2
Pecharunt,Meowstic-Male,Meowstic-Male,0,2
Qwilfish,Toxicroak,Toxicroak,0,4
Spearow,Sentret,Spearow,1,1
Salamence,Jellicent-Male,Jellicent-Male,0,2
Gothorita,Litleo,Gothorita,1,2
Swirlix,Larvesta,Larvesta,0,3
Heracross,Goomy,Heracross,1,1
Farfetchd,Ludicolo,Ludicolo,0,2
Wyrdeer,Houndoom,Houndoom,0,2
Archen,Fennekin,Archen,1,1
Yungoos,Ivysaur,Ivysaur,0,1
Ivysaur,Koffing,Ivysaur,1,2
Fearow,Snover,Fearow,1,1
Braixen,Genesect,Braixen,1,1
Pawmo,Tirtouga,Pawmo,1,1
Dracozolt,Drifblim,Drifblim,0,3
Quaxwell,Aerodactyl,Aerodactyl,0,2
Azurill,Wattrel,Wattrel,0,2
Dipplin,Orbeetle,Orbeetle,0,2
Eelektross,Grovyle,Eelektross,1,1
Castform,Dracozolt,Dracozolt,0,3
Archaludon,Octillery,Archaludon,1,2
Sealeo,Sandshrew,Sealeo,1,1
Mudbray,Noctowl,Noctowl,0,2
Corphish,Loudred,Loudred,0,2
Sealeo,Registeel,Registeel,0,4
Garchomp,Beheeyem,Garchomp,1,2
Entei,Dwebble,Entei,1,1
Heatmor,Pupitar,Heatmor,1,2
Yanmega,Kakuna,Yanmega,1,1
Mabosstiff,Heliolisk,Heliolisk,0,2
Ho-Oh,Delibird,Ho-Oh,1,1
Inteleon,Marshtomp,Inteleon,1,2
Salandit,Sandshrew,Salandit,1,1
Lilligant,Zangoose,Zangoose,0,2
Abomasnow,Jynx,Abomasnow,1,2
Crustle,Sewaddle,Crustle,1,1
Bewear,Aerodactyl,Aerodactyl,0,2
Gardevoir,Terapagos,Gardevoir,1,3
Cascoon,Chewtle,Chewtle,0,2
Silvally,Corvisquire,Silvally,1,2
Cacturne,Slowbro,Cacturne,1,2
Crustle,Altaria,Crustle,1,2
Tauros,Aggron,Aggron,0,3
Cranidos,Arctovish,Arctovish,0,1
Whismur,Wooloo,Wooloo,0,2
Yungoos,Weezing,Weezing,0,1
Gligar,Shellos,Gligar,1,2
Brute-Bonnet,Charmander,Brute-Bonnet,1,1
Froakie,Silvally,Silvally,0,1
Stufful,Ninjask,Ninjask,0,1
Mudkip,Skuntank,Skuntank,0,2
Krookodile,Rockruff,Krookodile,1,1
Mew,Pheromosa,Mew,1,1
Vulpix,Dewott,Dewott,0,1
Zygarde-50,Cresselia,Cresselia,0,2
Walking-Wake,Hakamo-O,Walking-Wake,1,1
Omanyte,Overqwil,Overqwil,0,2
Electrike,Reuniclus,Reuniclus,0,1
Chespin,Golett,Chespin,1,2
Snom,Luvdisc,Luvdisc,0,1
Armarouge,Machoke,Armarouge,1,1
Swalot,Grotle,Swalot,1,2
Basculin-Red-Striped,Great-Tusk,Basculin-Red-Striped,1,2
Azurill,Granbull,Granbull,0,2
Flittle,Sprigatito,Flittle,1,1
Serperior,Enamorus-Incarnate,Enamorus-Incarnate,0,2
Cresselia,Salamence,Cresselia,1,2
Trevenant,Reuniclus,Trevenant,1,2
Cresselia,Grimer,Cresselia,1,2
Binacle,Gothitelle,Gothitelle,0,1
Varoom,Shiftry,Shiftry,0,1
Sandile,Marill,Sandile,1,2
Greavard,Chimchar,Chimchar,0,2
Thundurus-Incarnate,Scolipede,Thundurus-Incarnate,1,1
Beautifly,Exeggcute,Beautifly,1,1
Electivire,Mismagius,Electivire,1,3
Loudred,Seviper,Seviper,0,2
Mareanie,Drakloak,Drakloak,0,2
Perrserker,Miltank,Perrserker,1,4
Mantyke,Yanma,Yanma,0,2
Snubbull,Falinks,Falinks,0,2
Frigibax,Ting-Lu,Ting-Lu,0,2
Cosmog,Slowpoke,Slowpoke,0,2
Glimmora,Volcarona,Glimmora,1,1
Medicham,Sliggoo,Medicham,1,3
Slither-Wing,Spectrier,Spectrier,0,4
Rufflet,Eevee,Rufflet,1,2
Calyrex,Wo-Chien,Wo-Chien,0,2
Dipplin,Feraligatr,Feraligatr,0,2
Medicham,Metagross,Metagross,0,2
Doduo,Amaura,Amaura,0,1
Grafaiai,Gible,Grafaiai,1,1
Pheromosa,Brute-Bonnet,Pheromosa,1,1
Mismagius,Chi-Yu,Chi-Yu,0,1
Quilladin,Weedle,Quilladin,1,1
Butterfree,Solosis,Butterfree,1,1
Volcanion,Mawile,Volcanion,1,1
Turtonator,Gothorita,Gothorita,0,3
Meowstic-Male,Murkrow,Meowstic-Male,1,1
Annihilape,Coalossal,Annihilape,1,3
Pawmi,Regieleki,Regieleki,0,1
Finizen,Delphox,Delphox,0,1
Typhlosion,Swablu,Typhlosion,1,1
Simisage,Makuhita,Simisage,1,1
Pikachu,Brambleghast,Brambleghast,0,1
Naclstack,Thwackey,Thwackey,0,2
Rufflet,Pumpkaboo-Average,Rufflet,1,1
Kadabra,Chatot,Kadabra,1,1
Darumaka,Arcanine,Arcanine,0,2
Slakoth,Crobat,Crobat,0,2
Croconaw,Suicune,Suicune,0,4
Flareon,Escavalier,Flareon,1,1
Drizzile,Bisharp,Drizzile,1,2
Skiploom,Pansage,Skiploom,1,2
Floette,Heracross,Heracross,0,2
Tangrowth,Giratina-Altered,Giratina-Altered,0,2
Falinks,Glimmet,Falinks,1,1
Simisage,Roselia,Simisage,1,2
Cherubi,Seedot,Cherubi,1,1
Totodile,Weezing,Weezing,0,2
Tyrunt,Tyranitar,Tyranitar,0,1
Grafaiai,Surskit,Grafaiai,1,1
Milcery,Tandemaus,Tandemaus,0,2
Lopunny,Slakoth,Lopunny,1,2
Mimikyu-Disguised,Darkrai,Darkrai,0,2
Tangela,Dragapult,Dragapult,0,1
Xatu,Galvantula,Galvantula,0,1
Walking-Wake,Machop,Walking-Wake,1,1
Greninja,Remoraid,Greninja,1,1
Okidogi,Roselia,Okidogi,1,1
Smoochum,Finneon,Finneon,0,1
Burmy,Mamoswine,Mamoswine,0,1
Phione,Dewott,Phione,1,4
Suicune,Lycanroc-Midday,Suicune,1,2
Togepi,Leavanny,Leavanny,0,2
Shuckle,Zebstrika,Zebstrika,0,2
Grafaiai,Clobbopus,Grafaiai,1,2
Wugtrio,Sealeo,Sealeo,0,2
Clawitzer,Aromatisse,Clawitzer,1,3
Phione,Arctibax,Arctibax,0,4
Grafaiai,Rellor,Grafaiai,1,2
Tyrantrum,Rufflet,Tyrantrum,1,1
Aron,Rockruff,Aron,1,1
Toxel,Tauros,Tauros,0,1
Duraludon,Victini,Victini,0,2
Eevee,Froslass,Froslass,0,2
Meganium,Genesect,Genesect,0,2
Cranidos,Oinkologne-Male,Oinkologne-Male,0,3
Pheromosa,Terapagos,Pheromosa,1,2
Bewear,Mothim,Mothim,0,2
Luvdisc,Polteageist,Polteageist,0,2
Charcadet,Bidoof,Charcadet,1,2
Phanpy,Crustle,Crustle,0,2
Gurdurr,Simipour,Simipour,0,2
Scyther,Maractus,Scyther,1,1
Octillery,Pikachu,Octillery,1,1
Surskit,Linoone,Linoone,0,1
Froslass,Forretress,Forretress,0,2
Whiscash,Appletun,Appletun,0,1
Girafarig,Wailmer,Girafarig,1,2
Happiny,Herdier,Herdier,0,1
Mismagius,Audino,Mismagius,1,5
Coalossal,Feebas,Coalossal,1,1
Talonflame,Stunky,Talonflame,1,2
Morpeko-Full-Belly,Applin,Morpeko-Full-Belly,1,1
Poliwrath,Braixen,Poliwrath,1,2
Zygarde-50,Drizzile,Zygarde-50,1,2
Smoochum,Tapu-Fini,Tapu-Fini,0,1
Poliwag,Terapagos,Terapagos,0,2
Scovillain,Shaymin-Land,Scovillain,1,2
Great-Tusk,Sewaddle,Great-Tusk,1,2
Voltorb,Iron-Hands,Iron-Hands,0,1
Obstagoon,Tympole,Obstagoon,1,1
Roserade,Grapploct,Roserade,1,2
Pikipek,Taillow,Taillow,0,1
Meowth,Klang,Klang,0,1
Wo-Chien,Centiskorch,Centiskorch,0,1
Noibat,Tarountula,Noibat,1,1
Veluza,Araquanid,Araquanid,0,2
Probopass,Sandaconda,Sandaconda,0,1
Bagon,Dewott,Dewott,0,1
Wooper,Buneary,Buneary,0,2
Pancham,Cinccino,Cinccino,0,2
Coalossal,Mime-Jr,Coalossal,1,1
Bramblin,Fezandipiti,Fezandipiti,0,1
Shinx,Pheromosa,Pheromosa,0,1
Thievul,Noivern,Thievul,1,2
Tapu-Koko,Loudred,Tapu-Koko,1,2
Ceruledge,Shedinja,Ceruledge,1,1
Barbaracle,Ledian,Barbaracle,1,1
Grafaiai,Drilbur,Grafaiai,1,1
Maractus,Seviper,Seviper,0,1
Comfey,Sudowoodo,Sudowoodo,0,2
Lickitung,Hoothoot,Lickitung,1,2
Eiscue-Ice,Klinklang,Klinklang,0,2
Meowscarada,Weepinbell,Meowscarada,1,2
Morelull,Charcadet,Charcadet,0,2
Eevee,Magcargo,Magcargo,0,2
Cottonee,Toedscruel,Toedscruel,0,1
Kleavor,Toxtricity-Amped,Kleavor,1,2
Heatmor,Electrike,Heatmor,1,1
Paras,Huntail,Huntail,0,1
Clawitzer,Iron-Hands,Iron-Hands,0,2
Camerupt,Heatmor,Camerupt,1,2
Pyroar-Male,Duraludon,Pyroar-Male,1,2
Mimikyu-Disguised,Charmander,Mimikyu-Disguised,1,1
Iron-Leaves,Necrozma,Necrozma,0,3
Scrafty,Tyranitar,Scrafty,1,2
Heliolisk,Lampent,Heliolisk,1,2
Tapu-Koko,Klinklang,Tapu-Koko,1,3
Lycanroc-Midday,Bibarel,Lycanroc-Midday,1,2
Petilil,Phione,Phione,0,1
Gligar,Quaxwell,Quaxwell,0,1
Bibarel,Prinplup,Bibarel,1,2
Bagon,Scorbunny,Scorbunny,0,2
Slowbro,Toxtricity-Amped,Toxtricity-Amped,0,2
Heliolisk,Clobbopus,Heliolisk,1,1
Kabutops,Boldore,Kabutops,1,1
Anorith,Magmortar,Magmortar,0,1
Snorunt,Yanmega,Yanmega,0,2
Swablu,Pidgeot,Pidgeot,0,2
Cyndaquil,Gastrodon,Gastrodon,0,1
Polteageist,Sandshrew,Polteageist,1,1
Poochyena,Grumpig,Grumpig,0,1
Camerupt,Pyukumuku,Pyukumuku,0,2
Gloom,Dwebble,Gloom,1,1
Morelull,Lurantis,Lurantis,0,2
Fearow,Pawmi,Fearow,1,1
Kakuna,Toxtricity-Amped,Toxtricity-Amped,0,1
Slither-Wing,Skorupi,Slither-Wing,1,2
Croagunk,Hydrapple,Hydrapple,0,1
Stakataka,Venonat,Stakataka,1,1
Lugia,Pikachu,Lugia,1,1
Raikou,Groudon,Groudon,0,1
Lunatone,Raging-Bolt,Raging-Bolt,0,3
Aron,Taillow,Aron,1,1
Applin,Electabuzz,Electabuzz,0,1
Yungoos,Forretress,Forretress,0,1
Seel,Hoppip,Seel,1,1
Mareep,Burmy,Mareep,1,2
Illumise,Glaceon,Glaceon,0,2
Sandy-Shocks,Persian,Sandy-Shocks,1,2
Wooloo,Chansey,Wooloo,1,2
Bombirdier,Corphish,Bombirdier,1,2
Cranidos,Nidorino,Cranidos,1,2
Psyduck,Kingler,Kingler,0,2
Cacturne,Oricorio-Baile,Oricorio-Baile,0,1
Slowking,Latias,Slowking,1,3
Wishiwashi-Solo,Volcanion,Volcanion,0,1
Marill,Grubbin,Grubbin,0,4
Whirlipede,Kyogre,Kyogre,0,1
Milotic,Skiploom,Milotic,1,1
Turtonator,Fearow,Turtonator,1,2
Marowak,Darumaka,Marowak,1,1
Manaphy,Toxel,Manaphy,1,1
Exeggcute,Linoone,Linoone,0,2
Oshawott,Grimer,Grimer,0,2
Greninja,Cufant,Greninja,1,2
Snorlax,Lokix,Snorlax,1,2
Dartrix,Azumarill,Azumarill,0,2
Drednaw,Cyndaquil,Drednaw,1,1
Kricketune,Ogerpon,Ogerpon,0,2
Boldore,Cinderace,Boldore,1,2
Tauros,Emolga,Tauros,1,2
Stunfisk,Florges,Florges,0,3
Talonflame,Slowking,Slowking,0,2
Kangaskhan,Yamper,Kangaskhan,1,2
Machop,Sandaconda,Sandaconda,0,2
Gible,Pincurchin,Pincurchin,0,1
Musharna,Machamp,Musharna,1,2
Pawmi,Beldum,Beldum,0,1
Binacle,Braviary,Braviary,0,2
Sylveon,Remoraid,Sylveon,1,1
Drilbur,Applin,Drilbur,1,1
Munchlax,Gabite,Munchlax,1,2
Sandygast,Lurantis,Lurantis,0,1
Chikorita,Chimecho,Chimecho,0,1
Seadra,Helioptile,Seadra,1,1
Bonsly,Igglybuff,Bonsly,1,1
Dusknoir,Minun,Dusknoir,1,2
Armarouge,Golett,Armarouge,1,1
Treecko,Dialga,Dialga,0,1
Skeledirge,Camerupt,Skeledirge,1,3
Glameow,Wattrel,Glameow,1,2
Haunter,Helioptile,Haunter,1,1
Chimecho,Regieleki,Chimecho,1,2
Clawitzer,Fennekin,Clawitzer,1,1
Umbreon,Heatran,Heatran,0,4
Shiinotic,Exeggutor,Exeggutor,0,2
Swinub,Shellder,Shellder,0,1
Wattrel,Larvesta,Wattrel,1,2
Cacturne,Coalossal,Coalossal,0,1
Kingler,Pidgeot,Kingler,1,3
Helioptile,Palpitoad,Palpitoad,0,1
Swampert,Wigglytuff,Swampert,1,3
Tinkaton,Iron-Valiant,Iron-Valiant,0,2
Charcadet,Boltund,Boltund,0,1
Crustle,Rayquaza,Rayquaza,0,2
Budew,Arctovish,Arctovish,0,1
Cryogonal,Urshifu-Single-Strike,Urshifu-Single-Strike,0,1
Riolu,Crocalor,Crocalor,0,1
Mr-Mime,Dragapult,Dragapult,0,1
Togedemaru,Starmie,Starmie,0,2
Dhelmise,Necrozma,Necrozma,0,2
Blaziken,Lotad,Blaziken,1,1
Kyurem,Aron,Kyurem,1,1
Aerodactyl,Luvdisc,Aerodactyl,1,1
Poliwhirl,Rhyperior,Poliwhirl,1,2
Bronzong,Sandslash,Sandslash,0,2
Sawk,Victreebel,Sawk,1,3
Nincada,Munkidori,Munkidori,0,1
Weavile,Blitzle,Weavile,1,1
Frogadier,Igglybuff,Frogadier,1,1
Gossifleur,Banette,Banette,0,1
Pheromosa,Hitmonlee,Pheromosa,1,1
Breloom,Dhelmise,Dhelmise,0,2
Magcargo,Inkay,Magcargo,1,2
Chien-Pao,Swellow,Chien-Pao,1,1
Varoom,Bramblin,Varoom,1,1
Dwebble,Druddigon,Druddigon,0,2
Eelektross,Cobalion,Cobalion,0,3
Typhlosion,Camerupt,Camerupt,0,2
Arbok,Inkay,Arbok,1,2
Prinplup,Barraskewda,Barraskewda,0,3
Chingling,Shroodle,Chingling,1,1
Porygon-Z,Tarountula,Porygon-Z,1,1
Regirock,Grimer,Regirock,1,2
Roselia,Graveler,Roselia,1,1
Drizzile,Crobat,Crobat,0,2
Numel,Cramorant,Cramorant,0,1
Accelgor,Houndoom,Houndoom,0,1
Riolu,Toxapex,Toxapex,0,2
Azelf,Boldore,Azelf,1,1
Gabite,Hawlucha,Hawlucha,0,1
Tsareena,Bagon,Tsareena,1,1
Gulpin,Throh,Throh,0,3
Blaziken,Servine,Blaziken,1,1
Rowlet,Budew,Budew,0,1
Vileplume,Golem,Vileplume,1,1
Klang,Porygon-Z,Klang,1,3
Tranquill,Eldegoss,Eldegoss,0,1
Munkidori,Purugly,Munkidori,1,2
Tandemaus,Deino,Tandemaus,1,2
Toedscruel,Roselia,Toedscruel,1,2
Turtwig,Joltik,Joltik,0,2
Blastoise,Nidoran-F,Blastoise,1,2
Krabby,Centiskorch,Centiskorch,0,1
Blitzle,Overqwil,Overqwil,0,1
Corviknight,Stonjourner,Corviknight,1,3
Morgrem,Weavile,Weavile,0,2
Gengar,Morelull,Gengar,1,1
Poltchageist,Palpitoad,Palpitoad,0,1
Froakie,Miraidon,Miraidon,0,1
Minun,Mothim,Minun,1,1
Wailord,Sharpedo,Wailord,1,2
Skorupi,Parasect,Skorupi,1,2
Zigzagoon,Grimmsnarl,Grimmsnarl,0,1
Latios,Azumarill,Latios,1,3
Hoppip,Zorua,Zorua,0,1
Snubbull,Fidough,Snubbull,1,2
Pachirisu,Xurkitree,Xurkitree,0,2
Xerneas,Snover,Xerneas,1,2
Steenee,Amaura,Amaura,0,1
Miltank,Boldore,Boldore,0,4
Honedge,Buzzwole,Buzzwole,0,4
Grotle,Weezing,Weezing,0,2
Toxapex,Fennekin,Toxapex,1,1
Seedot,Pangoro,Pangoro,0,1
Braixen,Slaking,Slaking,0,1
Electivire,Magmar,Electivire,1,2
Torkoal,Goldeen,Torkoal,1,2
Buneary,Geodude,Buneary,1,1
Aromatisse,Jigglypuff,Aromatisse,1,2
Swanna,Skiddo,Swanna,1,1
Heatmor,Tyrantrum,Tyrantrum,0,1
Iron-Leaves,Diancie,Iron-Leaves,1,2
Diggersby,Delphox,Delphox,0,2
Weavile,Gouging-Fire,Gouging-Fire,0,2
Tropius,Lechonk,Tropius,1,2
Eternatus,Ursaring,Eternatus,1,3
Stunky,Voltorb,Voltorb,0,2
Dialga,Zekrom,Dialga,1,2
Darkrai,Rhyperior,Darkrai,1,2
Ambipom,Barraskewda,Ambipom,1,2
Lugia,Cetoddle,Lugia,1,2
Yanmega,Chingling,Yanmega,1,1
Iron-Crown,Umbreon,Umbreon,0,3
Carbink,Steenee,Carbink,1,2
Shuckle,Trapinch,Trapinch,0,2
Drilbur,Litten,Drilbur,1,1
Teddiursa,Gorebyss,Gorebyss,0,2
Trubbish,Celebi,Celebi,0,1
Meowstic-Male,Oddish,Meowstic-Male,1,1
Omanyte,Cinccino,Omanyte,1,2
Tirtouga,Palpitoad,Palpitoad,0,2
Toedscool,Snover,Snover,0,1
Piplup,Starmie,Starmie,0,2
Minun,Fuecoco,Minun,1,2
Type-Null,Azumarill,Type-Null,1,4
Vanilluxe,Kingambit,Kingambit,0,1
Heracross,Magby,Heracross,1,1
Kirlia,Abomasnow,Abomasnow,0,1
Wooper,Murkrow,Murkrow,0,1
Shellder,Toxicroak,Toxicroak,0,2
Roserade,Skitty,Roserade,1,1
Rhyperior,Ho-Oh,Rhyperior,1,1
Kyogre,Ho-Oh,Kyogre,1,3
Chingling,Dolliv,Chingling,1,2
Sealeo,Tinkaton,Tinkaton,0,4
Espeon,Electivire,Electivire,0,2
Pineco,Mankey,Pineco,1,2
Machoke,Bounsweet,Machoke,1,1
Swampert,Breloom,Breloom,0,2
Wartortle,Solgaleo,Solgaleo,0,2
Bibarel,Diggersby,Bibarel,1,3
Perrserker,Yungoos,Perrserker,1,1
Rellor,Petilil,Rellor,1,1
Iron-Hands,Cramorant,Iron-Hands,1,2
Purugly,Venusaur,Venusaur,0,2
Scrafty,Starly,Scrafty,1,1
Politoed,Chewtle,Politoed,1,2
Stoutland,Sentret,Stoutland,1,1
Maushold-Family-Of-Four,Stantler,Maushold-Family-Of-Four,1,3
Palkia,Watchog,Palkia,1,2
Prinplup,Spidops,Prinplup,1,3
Cetoddle,Drowzee,Cetoddle,1,3
Blipbug,Inkay,Inkay,0,1
Alomomola,Seadra,Alomomola,1,4
Incineroar,Ludicolo,Ludicolo,0,2
Azurill,Palkia,Palkia,0,1
Drowzee,Leafeon,Leafeon,0,2
Bisharp,Alcremie,Bisharp,1,1
Gallade,Tentacool,Gallade,1,1
Genesect,Scovillain,Scovillain,0,1
Kyurem,Dialga,Dialga,0,2
Swalot,Silcoon,Swalot,1,2
Hippopotas,Zamazenta,Zamazenta,0,2
Cyndaquil,Natu,Cyndaquil,1,1
Ivysaur,Scatterbug,Ivysaur,1,1
Igglybuff,Yanma,Yanma,0,1
Heracross,Rookidee,Heracross,1,1
Dragonair,Nacli,Dragonair,1,2
Alomomola,Orthworm,Alomomola,1,4
Clamperl,Hariyama,Hariyama,0,1
Araquanid,Magnemite,Magnemite,0,2
Wigglytuff,Buizel,Wigglytuff,1,1
Nihilego,Decidueye,Nihilego,1,2
Volcarona,Archaludon,Volcarona,1,2
Regirock,Spheal,Regirock,1,1
Jynx,Archen,Jynx,1,1
Furfrou,Burmy,Furfrou,1,1
Articuno,Weezing,Articuno,1,3
Arbok,Bidoof,Arbok,1,1
Nidoqueen,Zacian,Zacian,0,3
Emolga,Volbeat,Emolga,1,2
Ariados,Goldeen,Ariados,1,2
Tepig,Elekid,Elekid,0,2
Snorlax,Sawsbuck,Snorlax,1,3
Obstagoon,Lileep,Obstagoon,1,3
Pyukumuku,Magby,Pyukumuku,1,2
Nidoran-M,Bidoof,Nidoran-M,1,2
Meowth,Corviknight,Corviknight,0,1
Archaludon,Palafin-Zero,Archaludon,1,3
Torracat,Quagsire,Quagsire,0,1
Blacephalon,Remoraid,Blacephalon,1,1
Obstagoon,Houndstone,Obstagoon,1,3
Charcadet,Cresselia,Cresselia,0,1
Mudbray,Aron,Mudbray,1,1
Pineco,Farfetchd,Farfetchd,0,1
Gorebyss,Mew,Mew,0,2
Beheeyem,Overqwil,Overqwil,0,2
Larvitar,Noivern,Noivern,0,1
Octillery,Trubbish,Octillery,1,2
Aurorus,Purugly,Aurorus,1,2
Roselia,Chimecho,Chimecho,0,1
Ponyta,Lapras,Lapras,0,1
Blaziken,Shroodle,Blaziken,1,1
Cosmoem,Heliolisk,Heliolisk,0,3
Morgrem,Hawlucha,Hawlucha,0,2
Slaking,Anorith,Slaking,1,2
Iron-Crown,Larvitar,Iron-Crown,1,1
Trapinch,Crocalor,Crocalor,0,1
Venipede,Duosion,Duosion,0,1
Meditite,Breloom,Breloom,0,1
Regice,Blacephalon,Blacephalon,0,3
Tangela,Tyranitar,Tyranitar,0,1
Vigoroth,Entei,Entei,0,2
Solosis,Flabebe,Flabebe,0,2
Crawdaunt,Carkol,Crawdaunt,1,1
Dreepy,Sandaconda,Sandaconda,0,1
Misdreavus,Palafin-Zero,Palafin-Zero,0,4
Togekiss,Garganacl,Garganacl,0,2
Loudred,Scraggy,Scraggy,0,1
Wailord,Serperior,Serperior,0,3
Marshadow,Vigoroth,Marshadow,1,2
Dubwool,Charcadet,Dubwool,1,1
Cubone,Frillish-Male,Frillish-Male,0,1
Ledyba,Clamperl,Clamperl,0,2
Elekid,Pachirisu,Pachirisu,0,3
Alcremie,Lilligant,Alcremie,1,2
Weezing,Mr-Mime,Mr-Mime,0,1
Veluza,Darkrai,Darkrai,0,1
Mantyke,Larvitar,Mantyke,1,1
Unown,Doublade,Doublade,0,1
Whismur,Muk,Muk,0,1
Ekans,Regice,Regice,0,1
Huntail,Swalot,Swalot,0,3
Shiinotic,Eelektross,Eelektross,0,2
Krokorok,Cosmog,Krokorok,1,1
Musharna,Masquerain,Musharna,1,2
Tarountula,Thundurus-Incarnate,Thundurus-Incarnate,0,1
Gourgeist-Average,Staravia,Gourgeist-Average,1,2
Fuecoco,Ducklett,Ducklett,0,2
Pawmot,Piloswine,Piloswine,0,1
Dunsparce,Makuhita,Dunsparce,1,2
Aurorus,Lopunny,Aurorus,1,3
Taillow,Litten,Litten,0,1
Morgrem,Passimian,Passimian,0,1
Hydreigon,Vanilluxe,Vanilluxe,0,2
Urshifu-Single-Strike,Maractus,Urshifu-Single-Strike,1,2
Mewtwo,Throh,Mewtwo,1,2
Deerling,Dondozo,Dondozo,0,2
Pinsir,Wynaut,Pinsir,1,1
Quilava,Cascoon,Quilava,1,1
Crocalor,Toucannon,Toucannon,0,3
Remoraid,Alomomola,Alomomola,0,1
Roselia,Hawlucha,Hawlucha,0,1
Polteageist,Ribombee,Ribombee,0,3
Mesprit,Gyarados,Gyarados,0,3
Clauncher,Gothitelle,Gothitelle,0,2
Tapu-Bulu,Tentacruel,Tentacruel,0,2
Ludicolo,Litten,Ludicolo,1,1
Corvisquire,Primeape,Primeape,0,2
Pawniard,Wormadam-Plant,Wormadam-Plant,0,2
Cacturne,Regieleki,Regieleki,0,2
Fezandipiti,Horsea,Fezandipiti,1,1
Duskull,Graveler,Graveler,0,1
Stufful,Jirachi,Jirachi,0,1
Lanturn,Mudbray,Lanturn,1,1
Ho-Oh,Bibarel,Ho-Oh,1,2
Iron-Thorns,Braviary,Iron-Thorns,1,2
Rhydon,Kabutops,Kabutops,0,1
Ceruledge,Bonsly,Ceruledge,1,2
Grimmsnarl,Scorbunny,Grimmsnarl,1,1
Nickit,Camerupt,Camerupt,0,1
Chi-Yu,Pawmi,Chi-Yu,1,1
Gabite,Togepi,Gabite,1,1
Cramorant,Pidgeot,Pidgeot,0,2
Decidueye,Ninjask,Decidueye,1,1
Cloyster,Kricketot,Cloyster,1,1
Aron,Tinkatuff,Aron,1,2
Gyarados,Roserade,Gyarados,1,1
Pyroar-Male,Gengar,Pyroar-Male,1,2
Lickilicky,Sceptile,Lickilicky,1,3
Volbeat,Capsakid,Volbeat,1,1
Stufful,Noibat,Stufful,1,1
Lickilicky,Zoroark,Lickilicky,1,2
Cascoon,Lapras,Lapras,0,1
Escavalier,Duraludon,Escavalier,1,4
Grubbin,Decidueye,Decidueye,0,1
Zacian,Tyranitar,Zacian,1,3
Sinistcha,Lumineon,Sinistcha,1,1
Arrokuda,Nymble,Arrokuda,1,1
Dewpider,Shelgon,Shelgon,0,2
Wattrel,Greninja,Greninja,0,1
Dhelmise,Iron-Crown,Iron-Crown,0,2
Stonjourner,Cetitan,Cetitan,0,2
Raticate,Lilligant,Lilligant,0,2
Octillery,Silicobra,Octillery,1,1
Herdier,Boldore,Boldore,0,2
Whimsicott,Bunnelby,Whimsicott,1,1
Alomomola,Lurantis,Lurantis,0,2
Sliggoo,Octillery,Sliggoo,1,3
Dondozo,Crabrawler,Dondozo,1,2
Porygon-Z,Skrelp,Porygon-Z,1,2
Chewtle,Klawf,Klawf,0,2
Xatu,Dachsbun,Xatu,1,2
Wooloo,Pyukumuku,Pyukumuku,0,3
Pidgey,Hatterene,Hatterene,0,1
Klink,Druddigon,Druddigon,0,3
Jellicent-Male,Finizen,Jellicent-Male,1,2
Wailord,Hakamo-O,Wailord,1,2
Cyclizar,Crawdaunt,Cyclizar,1,2
Houndour,Metapod,Houndour,1,1
Croagunk,Mandibuzz,Mandibuzz,0,1
Latios,Stakataka,Stakataka,0,2
Huntail,Dragapult,Dragapult,0,2
Minior-Red-Meteor,Gastrodon,Gastrodon,0,2
Fuecoco,Kingambit,Kingambit,0,2
Blacephalon,Simisear,Blacephalon,1,2
Nidoqueen,Munna,Nidoqueen,1,2
Tranquill,Iron-Hands,Iron-Hands,0,1
Tyrunt,Barraskewda,Barraskewda,0,2
Marill,Zorua,Marill,1,2
Virizion,Decidueye,Virizion,1,3
Horsea,Sawsbuck,Sawsbuck,0,1
Wyrdeer,Larvitar,Wyrdeer,1,1
Fearow,Servine,Fearow,1,2
Lucario,Polteageist,Lucario,1,2
Gogoat,Thundurus-Incarnate,Thundurus-Incarnate,0,2
Liepard,Shroodle,Liepard,1,1
Cherubi,Pineco,Pineco,0,1
Plusle,Typhlosion,Typhlosion,0,2
Sirfetchd,Thwackey,Sirfetchd,1,2
Meditite,Umbreon,Umbreon,0,2
Whismur,Volcarona,Volcarona,0,1
Diancie,Oinkologne-Male,Diancie,1,4
Minun,Rampardos,Rampardos,0,1
Woobat,Yanmega,Yanmega,0,1
Sandaconda,Hippopotas,Sandaconda,1,2
Primarina,Wailord,Primarina,1,3
Smeargle,Venonat,Venonat,0,2
Mothim,Wooloo,Mothim,1,1
Vaporeon,Revavroom,Vaporeon,1,2
Appletun,Pumpkaboo-Average,Appletun,1,1
Shellder,Cinderace,Cinderace,0,1
Raboot,Slugma,Raboot,1,2
Iron-Thorns,Kangaskhan,Iron-Thorns,1,3
Minccino,Silicobra,Minccino,1,2
Gigalith,Espathra,Gigalith,1,2
Kilowattrel,Palpitoad,Palpitoad,0,2
Cacnea,Regice,Regice,0,1
Probopass,Solrock,Probopass,1,3
Buneary,Piloswine,Piloswine,0,1
Swellow,Ralts,Swellow,1,1
Lumineon,Vespiquen,Lumineon,1,3
Fennekin,Shuckle,Fennekin,1,3
Phanpy,Metagross,Metagross,0,2
Bronzor,Volcarona,Volcarona,0,1
Magneton,Squirtle,Magneton,1,1
Pumpkaboo-Average,Dolliv,Dolliv,0,1
Mr-Mime,Watchog,Mr-Mime,1,2
Ribombee,Scorbunny,Ribombee,1,2
Landorus-Incarnate,Forretress,Forretress,0,2
Oshawott,Lotad,Oshawott,1,2
Cobalion,Poochyena,Cobalion,1,1
Houndoom,Burmy,Houndoom,1,1
Gholdengo,Tirtouga,Gholdengo,1,3
Flapple,Glalie,Glalie,0,1
Corphish,Calyrex,Calyrex,0,1
Cobalion,Dugtrio,Cobalion,1,1
Impidimp,Octillery,Octillery,0,1
Goldeen,Ambipom,Ambipom,0,2
Aerodactyl,Milotic,Milotic,0,2
Pinsir,Breloom,Pinsir,1,2
Zigzagoon,Inteleon,Inteleon,0,1
Magcargo,Skiddo,Magcargo,1,1
Cradily,Caterpie,Cradily,1,1
Iron-Crown,Minior-Red-Meteor,Iron-Crown,1,2
Larvesta,Electivire,Electivire,0,2
Shelmet,Spearow,Shelmet,1,1
Raikou,Metang,Raikou,1,2
Ho-Oh,Cherubi,Ho-Oh,1,1
Ariados,Vanillite,Ariados,1,1
Seel,Incineroar,Incineroar,0,2
Clefairy,Accelgor,Accelgor,0,3
Houndstone,Comfey,Houndstone,1,2
Volcarona,Stakataka,Stakataka,0,1
Espurr,Diglett,Espurr,1,1
Skiddo,Kubfu,Kubfu,0,2
Marshtomp,Azelf,Azelf,0,2
Drizzile,Sudowoodo,Drizzile,1,1
Magnemite,Carbink,Magnemite,1,2
Talonflame,Budew,Talonflame,1,1
Frogadier,Cosmoem,Frogadier,1,3
Clamperl,Mabosstiff,Mabosstiff,0,2
Zygarde-50,Lombre,Zygarde-50,1,2
Crobat,Kadabra,Crobat,1,1
Varoom,Fennekin,Fennekin,0,1
Mareanie,Cacnea,Mareanie,1,1
Lilligant,Magikarp,Lilligant,1,1
Dottler,Monferno,Monferno,0,2
Kommo-O,Drizzile,Kommo-O,1,2
Leafeon,Cyndaquil,Leafeon,1,1
Sandile,Golem,Golem,0,1
Tyrunt,Tsareena,Tsareena,0,2
Baltoy,Maushold-Family-Of-Four,Maushold-Family-Of-Four,0,2
Blissey,Luvdisc,Blissey,1,5
Diglett,Farfetchd,Farfetchd,0,1
Tauros,Kabutops,Kabutops,0,3
Abomasnow,Swablu,Abomasnow,1,1
Glastrier,Shroomish,Glastrier,1,2
Staravia,Sandslash,Sandslash,0,2
Crawdaunt,Poltchageist,Crawdaunt,1,1
Litten,Mesprit,Mesprit,0,1
Pheromosa,Garganacl,Pheromosa,1,2
Minccino,Dialga,Dialga,0,1
Roaring-Moon,Bellsprout,Roaring-Moon,1,1
Veluza,Deino,Veluza,1,2
Zangoose,Pikachu,Zangoose,1,1
Squirtle,Herdier,Herdier,0,2
Minun,Pawniard,Minun,1,1
Perrserker,Seel,Perrserker,1,2
Latias,Meditite,Latias,1,1
Phione,Kingdra,Kingdra,0,3
Spritzee,Dipplin,Spritzee,1,2
Oricorio-Baile,Spritzee,Oricorio-Baile,1,3
Tyrunt,Machop,Machop,0,2
Girafarig,Dunsparce,Girafarig,1,3
Doduo,Electrode,Electrode,0,1
Slugma,Dunsparce,Dunsparce,0,1
Dunsparce,Ludicolo,Ludicolo,0,3
Doduo,Slugma,Doduo,1,1
Pikipek,Electrike,Pikipek,1,1
Drampa,Chimecho,Chimecho,0,3
Conkeldurr,Guzzlord,Conkeldurr,1,2
Meowscarada,Pumpkaboo-Average,Meowscarada,1,1
Bounsweet,Stoutland,Stoutland,0,1
Clefairy,Pawmot,Pawmot,0,2
Slugma,Sawk,Sawk,0,1
Clefairy,Azelf,Azelf,0,2
Swablu,Ralts,Swablu,1,1
Ludicolo,Sharpedo,Ludicolo,1,1
Wo-Chien,Hoothoot,Wo-Chien,1,2
Sunflora,Aurorus,Aurorus,0,2
Genesect,Fidough,Genesect,1,1
Cubone,Fletchling,Fletchling,0,2
Quaxwell,Magcargo,Quaxwell,1,1
Spinarak,Poliwhirl,Poliwhirl,0,2
Vespiquen,Rufflet,Rufflet,0,2
Onix,Varoom,Onix,1,1
Basculegion-Male,Swirlix,Basculegion-Male,1,2
Gastly,Aron,Aron,0,1
Raikou,Pinsir,Raikou,1,2
Yanmega,Doublade,Yanmega,1,3
Frosmoth,Lickitung,Frosmoth,1,3
Cleffa,Snivy,Snivy,0,2
Cradily,Tyrunt,Cradily,1,1
Jirachi,Scolipede,Jirachi,1,1
Flabebe,Lycanroc-Midday,Lycanroc-Midday,0,1
Miraidon,Piloswine,Miraidon,1,2
Amoonguss,Meowstic-Male,Meowstic-Male,0,3
Arrokuda,Sharpedo,Sharpedo,0,1
Terapagos,Smoochum,Terapagos,1,1
Hitmonlee,Scyther,Scyther,0,1
Ninjask,Nidoran-F,Ninjask,1,2
Minccino,Crocalor,Crocalor,0,2
Claydol,Glalie,Glalie,0,2
Maschiff,Palpitoad,Palpitoad,0,2
Dottler,Lilligant,Lilligant,0,3
Glimmet,Suicune,Suicune,0,1
Iron-Crown,Goomy,Iron-Crown,1,1
Doduo,Primarina,Primarina,0,1
Swampert,Morgrem,Swampert,1,2
Zapdos,Carracosta,Zapdos,1,1
Pyroar-Male,Hitmontop,Hitmontop,0,2
Honchkrow,Rhydon,Rhydon,0,1
Kingambit,Tapu-Lele,Kingambit,1,1
Salamence,Butterfree,Salamence,1,1
Glaceon,Chansey,Glaceon,1,1
Emboar,Salazzle,Emboar,1,2
Skorupi,Toucannon,Toucannon,0,1
Vikavolt,Patrat,Vikavolt,1,1
Luvdisc,Regirock,Regirock,0,2
Girafarig,Luvdisc,Girafarig,1,2
Kartana,Elekid,Kartana,1,1
Kingdra,Unfezant,Kingdra,1,2
Electivire,Great-Tusk,Great-Tusk,0,1
Beartic,Maschiff,Beartic,1,1
Litwick,Frigibax,Litwick,1,2
Ditto,Bellossom,Bellossom,0,1
Tandemaus,Ducklett,Ducklett,0,2
Bayleef,Xurkitree,Xurkitree,0,1
Noctowl,Sneasler,Sneasler,0,2
Tatsugiri-Curly,Electivire,Tatsugiri-Curly,1,2
Clefable,Roserade,Clefable,1,2
Golurk,Cinderace,Golurk,1,2
Mareep,Bidoof,Mareep,1,2
Tentacool,Krabby,Krabby,0,1
Incineroar,Anorith,Anorith,0,2
Brionne,Crustle,Brionne,1,2
Azelf,Cyclizar,Azelf,1,2
Amoonguss,Politoed,Amoonguss,1,2
Sigilyph,Zacian,Zacian,0,3
Budew,Haxorus,Haxorus,0,1
Dodrio,Staravia,Dodrio,1,1
Cinderace,Alcremie,Cinderace,1,3
Tsareena,Jolteon,Jolteon,0,2
Turtonator,Parasect,Turtonator,1,1
Klinklang,Stoutland,Klinklang,1,3
Dewgong,Pawmi,Dewgong,1,1
Milotic,Xatu,Milotic,1,2
Houndstone,Toxicroak,Houndstone,1,3
Whismur,Unown,Unown,0,1
Entei,Florges,Entei,1,3
Minior-Red-Meteor,Weezing,Weezing,0,2
Mudkip,Xatu,Xatu,0,2
Enamorus-Incarnate,Heatmor,Enamorus-Incarnate,1,2
Inkay,Cursola,Cursola,0,2
Arbok,Blastoise,Blastoise,0,3
Magikarp,Wishiwashi-Solo,Wishiwashi-Solo,0,2
Bisharp,Gligar,Gligar,0,2
Clauncher,Gloom,Gloom,0,1
Slowbro,Calyrex,Calyrex,0,2
Frigibax,Jumpluff,Frigibax,1,2
Treecko,Cherubi,Treecko,1,2
Castform,Shaymin-Land,Shaymin-Land,0,2
Zamazenta,Poltchageist,Zamazenta,1,1
Comfey,Poliwrath,Comfey,1,2
Toxtricity-Amped,Iron-Crown,Iron-Crown,0,1
Crabrawler,Herdier,Crabrawler,1,2
Salamence,Swampert,Swampert,0,2
Leafeon,Oinkologne-Male,Oinkologne-Male,0,3
Skarmory,Granbull,Skarmory,1,2
Centiskorch,Farfetchd,Centiskorch,1,2
Amaura,Dottler,Amaura,1,2
Type-Null,Mismagius,Type-Null,1,4
Furret,Cramorant,Furret,1,2
Luvdisc,Grapploct,Grapploct,0,1
Hitmonlee,Grimer,Grimer,0,2
Xerneas,Nihilego,Nihilego,0,5
Shaymin-Land,Doublade,Shaymin-Land,1,3
Sirfetchd,Trevenant,Sirfetchd,1,3
Torchic,Porygon,Porygon,0,2
Sharpedo,Dialga,Dialga,0,1
Banette,Kakuna,Banette,1,1
Happiny,Sneasler,Sneasler,0,1
Whirlipede,Ludicolo,Ludicolo,0,2
Iron-Boulder,Kingler,Iron-Boulder,1,2
Ducklett,Caterpie,Ducklett,1,1
Arctovish,Ariados,Arctovish,1,3
Klefki,Celesteela,Celesteela,0,2
Rowlet,Manaphy,Manaphy,0,1
Emboar,Centiskorch,Emboar,1,4
Iron-Treads,Persian,Iron-Treads,1,2
Poliwag,Bouffalant,Bouffalant,0,1
Iron-Moth,Roserade,Iron-Moth,1,1
Toucannon,Musharna,Musharna,0,2
Crustle,Kakuna,Crustle,1,1
Honchkrow,Sandy-Shocks,Sandy-Shocks,0,1
Spectrier,Claydol,Spectrier,1,2
Xerneas,Ampharos,Xerneas,1,3
Necrozma,Vullaby,Necrozma,1,2
Okidogi,Wiglett,Okidogi,1,1
Slowbro,Eelektrik,Slowbro,1,2
Surskit,Riolu,Surskit,1,2
Surskit,Dottler,Dottler,0,2
Carvanha,Crabrawler,Crabrawler,0,1
Okidogi,Skarmory,Okidogi,1,3
Shedinja,Ambipom,Ambipom,0,1
Oricorio-Baile,Mightyena,Oricorio-Baile,1,2
Diancie,Forretress,Forretress,0,1
Caterpie,Combee,Combee,0,1
Heatmor,Feraligatr,Feraligatr,0,2
Banette,Oddish,Banette,1,1
Magneton,Houndstone,Houndstone,0,2
Liepard,Quaquaval,Quaquaval,0,1
Azurill,Vaporeon,Vaporeon,0,1
Zamazenta,Spheal,Zamazenta,1,1
Iron-Bundle,Vileplume,Vileplume,0,1
Noibat,Escavalier,Escavalier,0,1
Honedge,Clobbopus,Honedge,1,2
Buneary,Wugtrio,Wugtrio,0,2
Chi-Yu,Tyrantrum,Tyrantrum,0,1
Seismitoad,Jellicent-Male,Seismitoad,1,3
Gabite,Gimmighoul,Gimmighoul,0,1
Machop,Munchlax,Machop,1,2
Weepinbell,Feebas,Weepinbell,1,1
Braviary,Toucannon,Braviary,1,2
Dialga,Tsareena,Dialga,1,2
Slowking,Skuntank,Skuntank,0,3
Drednaw,Elgyem,Drednaw,1,2
Zubat,Heatran,Heatran,0,1
Parasect,Toxapex,Toxapex,0,2
Hoothoot,Raichu,Raichu,0,1
Morgrem,Exeggutor,Morgrem,1,2
Jellicent-Male,Vikavolt,Vikavolt,0,2
Dratini,Scraggy,Scraggy,0,2
Virizion,Psyduck,Virizion,1,1
Arcanine,Nincada,Arcanine,1,1
Wiglett,Swanna,Swanna,0,1
Sudowoodo,Ribombee,Sudowoodo,1,1
Grafaiai,Aromatisse,Grafaiai,1,2
Hoppip,Dubwool,Dubwool,0,1
Inteleon,Tatsugiri-Curly,Tatsugiri-Curly,0,2
Dratini,Raging-Bolt,Raging-Bolt,0,1
Beedrill,Rookidee,Beedrill,1,1
Ambipom,Zacian,Zacian,0,3
Ledian,Tapu-Bulu,Tapu-Bulu,0,2
Makuhita,Sobble,Sobble,0,2
Magmar,Skarmory,Magmar,1,1
Nincada,Blitzle,Blitzle,0,1
Koraidon,Regirock,Koraidon,1,3
Pyroar-Male,Gliscor,Pyroar-Male,1,1
Vaporeon,Blissey,Vaporeon,1,3
Cradily,Metagross,Metagross,0,2
Dreepy,Manectric,Manectric,0,1
Arctozolt,Grimer,Arctozolt,1,2
Meditite,Banette,Banette,0,1
Starmie,Armarouge,Starmie,1,2
Carkol,Iron-Bundle,Iron-Bundle,0,1
Machop,Wishiwashi-Solo,Machop,1,1
Victreebel,Iron-Thorns,Victreebel,1,2
Rattata,Inteleon,Inteleon,0,1
Urshifu-Single-Strike,Roserade,Urshifu-Single-Strike,1,2
Jolteon,Nosepass,Jolteon,1,2
Kricketot,Kleavor,Kleavor,0,1
Sunkern,Girafarig,Girafarig,0,1
Corsola,Blaziken,Blaziken,0,1
Jirachi,Seadra,Jirachi,1,2
Rhyhorn,Jigglypuff,Rhyhorn,1,2
Cranidos,Drapion,Drapion,0,2
Braviary,Bouffalant,Braviary,1,3
Entei,Zweilous,Entei,1,2
Dolliv,Floatzel,Floatzel,0,2
Raging-Bolt,Metagross,Raging-Bolt,1,3
Meowstic-Male,Skwovet,Meowstic-Male,1,2
Serperior,Glastrier,Glastrier,0,3
Sneasel,Dewpider,Sneasel,1,2
Duosion,Skeledirge,Skeledirge,0,1
Quaxwell,Wobbuffet,Wobbuffet,0,5
Lechonk,Smoliv,Lechonk,1,2
Corphish,Tirtouga,Corphish,1,2
Pelipper,Flutter-Mane,Flutter-Mane,0,2
Bellsprout,Raboot,Raboot,0,1
Brambleghast,Loudred,Brambleghast,1,2
Gardevoir,Dewpider,Gardevoir,1,1
Durant,Perrserker,Perrserker,0,5
Electivire,Yanmega,Electivire,1,1
Thievul,Psyduck,Thievul,1,2
Cleffa,Ceruledge,Ceruledge,0,1
Grimmsnarl,Trumbeak,Grimmsnarl,1,1
Quaxly,Cacturne,Cacturne,0,1
Wattrel,Sableye,Sableye,0,1
Skwovet,Melmetal,Melmetal,0,2
Grotle,Quilladin,Grotle,1,2
Gabite,Chingling,Chingling,0,1
Barboach,Axew,Barboach,1,2
Meditite,Joltik,Joltik,0,2
Necrozma,Gastrodon,Necrozma,1,3
Charcadet,Veluza,Veluza,0,1
Scizor,Reshiram,Reshiram,0,1
Weedle,Spectrier,Spectrier,0,1
Kirlia,Rhydon,Rhydon,0,1
Zoroark,Ivysaur,Zoroark,1,2
Tranquill,Grumpig,Grumpig,0,1
Sableye,Arceus,Arceus,0,2
Granbull,Nidoking,Nidoking,0,2
Clefable,Simisear,Simisear,0,4
Marowak,Exploud,Exploud,0,2
Okidogi,Zamazenta,Okidogi,1,4
Yveltal,Floragato,Yveltal,1,1
Grubbin,Shedinja,Grubbin,1,1
Absol,Cobalion,Cobalion,0,1
Ninetales,Infernape,Infernape,0,3
Fennekin,Gothitelle,Gothitelle,0,2
Clefairy,Zweilous,Clefairy,1,1
Haunter,Tentacool,Haunter,1,2
Rufflet,Porygon2,Porygon2,0,1
Scizor,Weepinbell,Scizor,1,2
Cranidos,Chimchar,Cranidos,1,1
Pincurchin,Pancham,Pincurchin,1,2
Uxie,Porygon-Z,Uxie,1,4
Magikarp,Arceus,Arceus,0,1
Pheromosa,Slugma,Pheromosa,1,1
Obstagoon,Spinarak,Obstagoon,1,1
Galvantula,Sinistea,Galvantula,1,1
Togepi,Garbodor,Garbodor,0,1
Solosis,Iron-Treads,Iron-Treads,0,1
Magikarp,Dottler,Dottler,0,1
Popplio,Patrat,Popplio,1,1
Golbat,Buzzwole,Golbat,1,2
Sawk,Serperior,Serperior,0,3
Turtonator,Finizen,Turtonator,1,2
Ambipom,Slowbro,Slowbro,0,2
Darumaka,Ting-Lu,Ting-Lu,0,1
Swablu,Kyogre,Kyogre,0,1
Nidoking,Keldeo-Ordinary,Keldeo-Ordinary,0,1
Patrat,Gastly,Gastly,0,2
Furret,Kadabra,Furret,1,1
Slaking,Shroodle,Slaking,1,1
Larvitar,Jirachi,Jirachi,0,1
Bruxish,Dubwool,Dubwool,0,3
Huntail,Magnezone,Magnezone,0,1
Togekiss,Vanillish,Togekiss,1,2
Purugly,Obstagoon,Obstagoon,0,3
Musharna,Toxapex,Musharna,1,2
Barboach,Carbink,Carbink,0,2
Musharna,Stakataka,Stakataka,0,4
Dugtrio,Swirlix,Dugtrio,1,2
Baxcalibur,Orbeetle,Baxcalibur,1,3
Dhelmise,Aggron,Aggron,0,3
Uxie,Perrserker,Perrserker,0,4
Unfezant,Salazzle,Salazzle,0,2
Chimecho,Umbreon,Umbreon,0,3
Piplup,Avalugg,Avalugg,0,2
Xatu,Seadra,Xatu,1,1
Rellor,Rockruff,Rockruff,0,1
Honchkrow,Appletun,Honchkrow,1,2
Beldum,Tentacool,Tentacool,0,2
Braixen,Absol,Absol,0,2
Kartana,Sewaddle,Kartana,1,1
Scatterbug,Diglett,Scatterbug,1,1
Leavanny,Dolliv,Leavanny,1,1
Kabutops,Lotad,Kabutops,1,1
Malamar,Skwovet,Malamar,1,2
Pyroar-Male,Dustox,Pyroar-Male,1,1
Minun,Sentret,Minun,1,1
Whiscash,Chinchou,Whiscash,1,1
Gengar,Carkol,Carkol,0,3
Tentacool,Joltik,Tentacool,1,2
Stakataka,Jangmo-O,Stakataka,1,1
Solrock,Dreepy,Solrock,1,1
Mightyena,Impidimp,Mightyena,1,1
Dwebble,Jolteon,Jolteon,0,1
Pichu,Torchic,Torchic,0,1
Electabuzz,Raichu,Raichu,0,3
Nidoqueen,Skarmory,Nidoqueen,1,4
Pikachu,Crustle,Crustle,0,1
Dugtrio,Pansage,Pansage,0,1
Grookey,Amaura,Amaura,0,1
Tynamo,Poltchageist,Poltchageist,0,1
Omanyte,Guzzlord,Guzzlord,0,1
Musharna,Grimmsnarl,Grimmsnarl,0,3
Mankey,Typhlosion,Typhlosion,0,1
Delcatty,Fennekin,Delcatty,1,2
Thwackey,Iron-Boulder,Iron-Boulder,0,2
Comfey,Tyranitar,Tyranitar,0,2
Pineco,Flygon,Flygon,0,1
Passimian,Cradily,Passimian,1,2
Grubbin,Numel,Numel,0,1
Finizen,Cyclizar,Cyclizar,0,2
Tsareena,Binacle,Tsareena,1,1
Passimian,Kleavor,Passimian,1,3
Articuno,Wigglytuff,Articuno,1,3
Tapu-Fini,Boldore,Tapu-Fini,1,1
Ho-Oh,Sinistcha,Ho-Oh,1,2
Floragato,Marshadow,Marshadow,0,2
Elgyem,Appletun,Appletun,0,2
Bounsweet,Diggersby,Diggersby,0,2
Yveltal,Ludicolo,Yveltal,1,1
Corvisquire,Chinchou,Chinchou,0,2
Golurk,Barraskewda,Golurk,1,2
Maschiff,Fidough,Fidough,0,2
Machop,Archaludon,Archaludon,0,1
Barbaracle,Rampardos,Barbaracle,1,2
Toucannon,Bellossom,Toucannon,1,2
Caterpie,Lickitung,Lickitung,0,1
Sealeo,Cryogonal,Sealeo,1,3
Pansear,Luvdisc,Luvdisc,0,2
Dunsparce,Drowzee,Dunsparce,1,2
Munchlax,Pheromosa,Pheromosa,0,1
Rolycoly,Thievul,Thievul,0,1
Barboach,Spectrier,Spectrier,0,1
Mime-Jr,Marshtomp,Marshtomp,0,1
Orthworm,Mienfoo,Orthworm,1,2
Stunfisk,Scolipede,Stunfisk,1,2
Rattata,Celebi,Celebi,0,1
Polteageist,Ekans,Polteageist,1,1
Primeape,Leafeon,Primeape,1,2
Crabrawler,Inkay,Crabrawler,1,2
Snover,Raichu,Raichu,0,3
Volcanion,Rapidash,Volcanion,1,1
Rolycoly,Swanna,Swanna,0,1
Mudkip,Skeledirge,Skeledirge,0,2
Hitmonchan,Ferrothorn,Hitmonchan,1,2
Latias,Weavile,Latias,1,3
Tranquill,Vanillish,Vanillish,0,1
Phantump,Archen,Archen,0,1
Swanna,Emboar,Swanna,1,2
Incineroar,Lickitung,Incineroar,1,4
Ambipom,Okidogi,Okidogi,0,1
Pineco,Reshiram,Reshiram,0,1
Qwilfish,Cloyster,Qwilfish,1,4
Anorith,Exeggutor,Anorith,1,1
Kingdra,Cranidos,Kingdra,1,1
Piloswine,Sprigatito,Piloswine,1,1
Hoothoot,Duraludon,Duraludon,0,1
Gorebyss,Honedge,Gorebyss,1,1
Mr-Rime,Nidoran-F,Mr-Rime,1,1
Amaura,Great-Tusk,Great-Tusk,0,1
Melmetal,Nidoran-M,Melmetal,1,1
Archen,Wugtrio,Archen,1,1
Iron-Leaves,Dwebble,Iron-Leaves,1,1
Glaceon,Remoraid,Glaceon,1,1
Sawk,Donphan,Donphan,0,2
Boldore,Helioptile,Boldore,1,1
Sinistcha,Palafin-Zero,Sinistcha,1,2
Graveler,Impidimp,Graveler,1,1
Pupitar,Ducklett,Pupitar,1,1
Lechonk,Spritzee,Spritzee,0,2
Togedemaru,Pikachu,Togedemaru,1,1
Timburr,Mudsdale,Mudsdale,0,2
Aggron,Cobalion,Cobalion,0,2
Tyrantrum,Florges,Florges,0,1
Vileplume,Scorbunny,Vileplume,1,1
Munkidori,Dewott,Munkidori,1,2
Staryu,Empoleon,Empoleon,0,2
Hatterene,Claydol,Hatterene,1,2
Garchomp,Stunfisk,Garchomp,1,2
Yamper,Chansey,Yamper,1,2
Zapdos,Gothitelle,Zapdos,1,3
Golisopod,Overqwil,Golisopod,1,3
Wormadam-Plant,Scorbunny,Scorbunny,0,2
Remoraid,Glalie,Glalie,0,1
Skeledirge,Archeops,Archeops,0,2
Aegislash-Shield,Nidorino,Aegislash-Shield,1,3
Magnezone,Crawdaunt,Magnezone,1,1
Golduck,Iron-Treads,Golduck,1,2
Floragato,Volcanion,Volcanion,0,1
Gumshoos,Falinks,Falinks,0,2
Chikorita,Swinub,Chikorita,1,1
Teddiursa,Toxel,Teddiursa,1,1
Marshadow,Quaquaval,Marshadow,1,3
Luxio,Heatran,Heatran,0,1
Thievul,Snorunt,Thievul,1,2
Raikou,Sceptile,Raikou,1,2
Arctibax,Eevee,Arctibax,1,1
Flareon,Shellos,Flareon,1,2
Ambipom,Regidrago,Regidrago,0,2
Munna,Samurott,Samurott,0,2
Raikou,Dragonite,Raikou,1,2
Slowking,Buizel,Slowking,1,1
Forretress,Palossand,Forretress,1,4
Miraidon,Vespiquen,Miraidon,1,2
Marill,Charizard,Charizard,0,2
Wailmer,Toxicroak,Toxicroak,0,2
Araquanid,Palafin-Zero,Araquanid,1,5
Beldum,Horsea,Beldum,1,1
Shellder,Luxray,Luxray,0,1
Togepi,Kabuto,Kabuto,0,2
Teddiursa,Ursaring,Ursaring,0,1
Tauros,Weavile,Weavile,0,2
Fraxure,Regigigas,Regigigas,0,2
Donphan,Flabebe,Donphan,1,1
Nidoqueen,Conkeldurr,Conkeldurr,0,4
Shuckle,Swalot,Swalot,0,4
Doduo,Dondozo,Dondozo,0,1
Fezandipiti,Bewear,Fezandipiti,1,3
Mr-Rime,Darmanitan-Standard,Darmanitan-Standard,0,3
Vanilluxe,Alakazam,Alakazam,0,2
Vigoroth,Vileplume,Vileplume,0,2
Crustle,Chansey,Crustle,1,1
Zangoose,Maushold-Family-Of-Four,Zangoose,1,2
Slowking,Torracat,Slowking,1,1
Porygon2,Bonsly,Porygon2,1,2
Golisopod,Watchog,Golisopod,1,2
Pawniard,Noivern,Noivern,0,2
Rayquaza,Fletchling,Rayquaza,1,1
Excadrill,Primarina,Excadrill,1,2
Hitmontop,Crobat,Crobat,0,1
Ting-Lu,Shellder,Ting-Lu,1,1
Ducklett,Pheromosa,Ducklett,1,1
Gorebyss,Moltres,Gorebyss,1,2
Uxie,Giratina-Altered,Giratina-Altered,0,2
Gumshoos,Greavard,Gumshoos,1,3
Meloetta-Aria,Slaking,Slaking,0,3
Dusknoir,Grafaiai,Dusknoir,1,3
Barraskewda,Volbeat,Volbeat,0,2
Shuckle,Krokorok,Krokorok,0,3
Sprigatito,Drampa,Drampa,0,1
Toxtricity-Amped,Munchlax,Toxtricity-Amped,1,3
Aggron,Mew,Mew,0,4
Magikarp,Wobbuffet,Wobbuffet,0,1
Volcanion,Bisharp,Volcanion,1,1
Mabosstiff,Pansage,Mabosstiff,1,2
Wobbuffet,Garchomp,Garchomp,0,4
Munna,Stunky,Stunky,0,2
Shuppet,Turtwig,Shuppet,1,2
Ampharos,Terrakion,Terrakion,0,3
Malamar,Komala,Malamar,1,3
Slowpoke,Minior-Red-Meteor,Slowpoke,1,3
Zorua,Crabominable,Crabominable,0,1
Chansey,Kadabra,Kadabra,0,3
Barbaracle,Lunatone,Lunatone,0,3
Drakloak,Hypno,Drakloak,1,2
Arboliva,Rolycoly,Arboliva,1,1
Toxapex,Clefable,Toxapex,1,3
Rellor,Dugtrio,Dugtrio,0,2
Loudred,Pawniard,Pawniard,0,2
Shroodle,Mareanie,Shroodle,1,2
Wooloo,Sandy-Shocks,Sandy-Shocks,0,1
Dialga,Magmar,Dialga,1,2
Silicobra,Whismur,Silicobra,1,1
Aegislash-Shield,Gardevoir,Aegislash-Shield,1,2
Gourgeist-Average,Omanyte,Gourgeist-Average,1,1
Morelull,Purrloin,Morelull,1,1
Mewtwo,Stakataka,Stakataka,0,3
Delcatty,Munkidori,Munkidori,0,2
Drowzee,Buneary,Buneary,0,2
Combee,Squirtle,Squirtle,0,1
Pidgey,Elgyem,Elgyem,0,1
Kyogre,Slugma,Kyogre,1,1
Reuniclus,Bellsprout,Reuniclus,1,1
Weepinbell,Palafin-Zero,Palafin-Zero,0,2
Mantine,Raikou,Raikou,0,2
Roaring-Moon,Quaxly,Roaring-Moon,1,2
Cryogonal,Crabominable,Crabominable,0,1
Farigiraf,Illumise,Farigiraf,1,2
Pupitar,Farfetchd,Pupitar,1,1
Budew,Ferroseed,Ferroseed,0,2
Abra,Beartic,Beartic,0,1
Sandslash,Magneton,Sandslash,1,1
Palossand,Cottonee,Palossand,1,1
Chikorita,Gloom,Gloom,0,1
Comfey,Lycanroc-Midday,Lycanroc-Midday,0,2
Magnezone,Toxel,Magnezone,1,1
Chinchou,Frillish-Male,Chinchou,1,2
Rapidash,Tandemaus,Rapidash,1,2
Ursaring,Wailord,Wailord,0,3
Toxicroak,Cubchoo,Toxicroak,1,1
Regidrago,Bibarel,Regidrago,1,2
Braixen,Yanmega,Yanmega,0,2
Floatzel,Articuno,Articuno,0,3
Scyther,Huntail,Huntail,0,2
Yamask,Krabby,Yamask,1,2
Burmy,Meganium,Meganium,0,2
Hitmonchan,Grookey,Hitmonchan,1,2
Breloom,Runerigus,Breloom,1,2
Gardevoir,Swadloon,Gardevoir,1,2
Dodrio,Nidoran-F,Dodrio,1,2
Articuno,Honedge,Articuno,1,2
Taillow,Shelmet,Shelmet,0,1
Lilligant,Iron-Treads,Iron-Treads,0,2
Dracozolt,Xerneas,Xerneas,0,1
Cinccino,Cutiefly,Cinccino,1,1
Nidoqueen,Iron-Bundle,Iron-Bundle,0,2
Stantler,Spoink,Stantler,1,1
Staravia,Ting-Lu,Ting-Lu,0,2
Heracross,Cubone,Heracross,1,2
Pawmot,Drifblim,Pawmot,1,3
Guzzlord,Grafaiai,Guzzlord,1,2
Wailmer,Overqwil,Overqwil,0,2
Clobbopus,Chansey,Clobbopus,1,1
Finneon,Vullaby,Finneon,1,3
Electivire,Hypno,Electivire,1,3
Arrokuda,Kilowattrel,Kilowattrel,0,1
Crustle,Roggenrola,Crustle,1,2
Meganium,Pidgeot,Pidgeot,0,2
Amaura,Tandemaus,Amaura,1,2
Vullaby,Vanillite,Vullaby,1,2
Scolipede,Misdreavus,Scolipede,1,3
Darumaka,Brambleghast,Brambleghast,0,2
Crobat,Chimchar,Crobat,1,1
Avalugg,Jirachi,Jirachi,0,2
Mandibuzz,Kadabra,Mandibuzz,1,1
Farigiraf,Dewgong,Farigiraf,1,4
Purugly,Rotom,Rotom,0,2
Toxapex,Sirfetchd,Sirfetchd,0,4
Lotad,Zamazenta,Zamazenta,0,1
Wattrel,Flaaffy,Flaaffy,0,1
Purugly,Gardevoir,Gardevoir,0,2
Eldegoss,Orthworm,Orthworm,0,3
Minior-Red-Meteor,Mesprit,Mesprit,0,2
Torterra,Azurill,Torterra,1,1
Phione,Squawkabilly-Green-Plumage,Phione,1,2
Avalugg,Golbat,Avalugg,1,3
Cresselia,Aerodactyl,Cresselia,1,3
Maschiff,Mankey,Mankey,0,1
Reuniclus,Cherrim,Reuniclus,1,2
Swablu,Cinccino,Cinccino,0,2
Tapu-Bulu,Dugtrio,Tapu-Bulu,1,1
Jigglypuff,Spiritomb,Spiritomb,0,2
Golurk,Audino,Golurk,1,3
Necrozma,Feebas,Necrozma,1,1
Lileep,Relicanth,Lileep,1,1
Gogoat,Metang,Metang,0,4
Volbeat,Lunatone,Volbeat,1,2
Entei,Gliscor,Entei,1,1
Lapras,Tadbulb,Lapras,1,2
Heracross,Krookodile,Heracross,1,2
Espathra,Lairon,Espathra,1,3
Toedscruel,Cubone,Toedscruel,1,1
Tadbulb,Bergmite,Tadbulb,1,2
Aegislash-Shield,Gossifleur,Aegislash-Shield,1,2
Pidgey,Spinda,Spinda,0,1
Chinchou,Sunflora,Sunflora,0,1
Flaaffy,Voltorb,Flaaffy,1,2
Iron-Moth,Chimecho,Iron-Moth,1,2
Aggron,Gible,Aggron,1,1
Bibarel,Scatterbug,Bibarel,1,1
Tyrogue,Crobat,Crobat,0,1
Alomomola,Solrock,Alomomola,1,3
Regidrago,Chesnaught,Regidrago,1,2
Machop,Toxtricity-Amped,Toxtricity-Amped,0,1
Zacian,Pichu,Zacian,1,1
Morelull,Mudkip,Morelull,1,1
Tynamo,Scorbunny,Scorbunny,0,2
Pyukumuku,Cryogonal,Pyukumuku,1,4
Coalossal,Zamazenta,Zamazenta,0,3
Hoothoot,Basculegion-Male,Basculegion-Male,0,1
Comfey,Iron-Hands,Iron-Hands,0,2
Misdreavus,Purrloin,Misdreavus,1,2
Dusclops,Keldeo-Ordinary,Keldeo-Ordinary,0,2
Roserade,Toxicroak,Toxicroak,0,2
Terapagos,Slowking,Slowking,0,3
Slurpuff,Jellicent-Male,Jellicent-Male,0,3
Glameow,Abomasnow,Abomasnow,0,1
Electrode,Darkrai,Darkrai,0,2
Mabosstiff,Applin,Mabosstiff,1,1
Espathra,Masquerain,Espathra,1,2
Treecko,Latias,Latias,0,1
Noivern,Munkidori,Munkidori,0,1
Kleavor,Emboar,Emboar,0,2
Garchomp,Simisear,Garchomp,1,1
Weedle,Woobat,Woobat,0,1
Krookodile,Roggenrola,Krookodile,1,1
Gogoat,Pecharunt,Pecharunt,0,2
Shroodle,Copperajah,Copperajah,0,1
Ogerpon,Primeape,Ogerpon,1,2
Throh,Geodude,Throh,1,1
Silvally,Cryogonal,Silvally,1,2
Florges,Sceptile,Florges,1,2
Smoliv,Abomasnow,Abomasnow,0,1
Baxcalibur,Sawk,Sawk,0,2
Tinkatink,Golduck,Golduck,0,2
Skeledirge,Exploud,Skeledirge,1,3
Carnivine,Spritzee,Carnivine,1,3
Nosepass,Stantler,Stantler,0,2
Flaaffy,Bergmite,Flaaffy,1,1
Hawlucha,Electrode,Electrode,0,2
Shinx,Aegislash-Shield,Aegislash-Shield,0,2
Scyther,Dewott,Scyther,1,2
Rabsca,Honedge,Rabsca,1,2
Ditto,Crawdaunt,Crawdaunt,0,1
Klinklang,Arceus,Arceus,0,5
Maschiff,Grovyle,Grovyle,0,2
Iron-Leaves,Sandy-Shocks,Iron-Leaves,1,2
Azumarill,Fennekin,Azumarill,1,1
Decidueye,Exeggutor,Decidueye,1,2
Chinchou,Mothim,Mothim,0,2
Milcery,Basculegion-Male,Basculegion-Male,0,1
Seaking,Venonat,Seaking,1,2
Seadra,Gardevoir,Gardevoir,0,1
Magearna,Octillery,Magearna,1,2
Krabby,Mienfoo,Mienfoo,0,2
Ducklett,Iron-Bundle,Iron-Bundle,0,1
Stunky,Clefairy,Stunky,1,2
Mime-Jr,Tranquill,Tranquill,0,1
Nosepass,Dracozolt,Dracozolt,0,2
Ledyba,Chikorita,Chikorita,0,2
Meltan,Ralts,Meltan,1,1
Togedemaru,Sneasel,Togedemaru,1,1
Whiscash,Dartrix,Whiscash,1,1
Porygon2,Marshtomp,Porygon2,1,3
Sigilyph,Emolga,Sigilyph,1,1
Hypno,Pheromosa,Pheromosa,0,1
Clodsire,Hawlucha,Hawlucha,0,4
Cetoddle,Cinderace,Cinderace,0,2
Carvanha,Yanma,Yanma,0,1
Abomasnow,Gastly,Abomasnow,1,1
Houndstone,Combusken,Houndstone,1,2
Toedscruel,Huntail,Toedscruel,1,1
Beldum,Dusknoir,Dusknoir,0,1
Ekans,Stonjourner,Stonjourner,0,1
Purugly,Gigalith,Gigalith,0,2
Urshifu-Single-Strike,Wailmer,Urshifu-Single-Strike,1,2
Iron-Moth,Magmortar,Iron-Moth,1,3
Emolga,Bayleef,Emolga,1,2
Azumarill,Mudsdale,Azumarill,1,3
Magneton,Spritzee,Magneton,1,2
Druddigon,Blastoise,Blastoise,0,3
Surskit,Abomasnow,Abomasnow,0,1
Sirfetchd,Electrike,Sirfetchd,1,1
Magneton,Pichu,Magneton,1,1
Glimmet,Noctowl,Noctowl,0,2
Pidgey,Rayquaza,Rayquaza,0,1
Shroomish,Grafaiai,Grafaiai,0,1
Terapagos,Porygon-Z,Porygon-Z,0,4
Impidimp,Azumarill,Azumarill,0,1
Sandslash,Girafarig,Girafarig,0,2
Granbull,Poipole,Poipole,0,2
Murkrow,Bronzor,Murkrow,1,2
Lapras,Mismagius,Lapras,1,3
Pignite,Iron-Bundle,Iron-Bundle,0,1
Accelgor,Hydreigon,Hydreigon,0,2
Pansear,Joltik,Pansear,1,1
Magneton,Sceptile,Magneton,1,2
Mienshao,Noctowl,Mienshao,1,2
Bayleef,Hattrem,Hattrem,0,2
Foongus,Espurr,Espurr,0,2
Quaxly,Deoxys-Normal,Deoxys-Normal,0,1
Scolipede,Staryu,Scolipede,1,1
Terrakion,Kadabra,Terrakion,1,1
Fidough,Quaxly,Quaxly,0,2
Xerneas,Espathra,Xerneas,1,2
Lumineon,Zubat,Lumineon,1,1
Goldeen,Noctowl,Noctowl,0,2
Thievul,Metapod,Thievul,1,1
Trapinch,Granbull,Granbull,0,1
Furret,Kangaskhan,Kangaskhan,0,3
Pidgeotto,Blissey,Pidgeotto,1,2
Corviknight,Hoothoot,Corviknight,1,1
Hariyama,Gothorita,Gothorita,0,3
Suicune,Revavroom,Suicune,1,3
Lucario,Wailord,Lucario,1,3
Sealeo,Mightyena,Sealeo,1,3
Poliwag,Gumshoos,Gumshoos,0,1
Bombirdier,Frillish-Male,Bombirdier,1,1
Minun,Chimchar,Minun,1,1
Sigilyph,Virizion,Virizion,0,2
Goomy,Nosepass,Goomy,1,2
Sylveon,Wooloo,Sylveon,1,1
Drifloon,Cottonee,Drifloon,1,1
Arctibax,Malamar,Malamar,0,4
Basculegion-Male,Camerupt,Basculegion-Male,1,1
Archaludon,Fraxure,Archaludon,1,1
Pelipper,Emolga,Emolga,0,1
Psyduck,Poipole,Poipole,0,2
Froslass,Ralts,Froslass,1,1
Vanilluxe,Gorebyss,Vanilluxe,1,3
Elekid,Shuppet,Elekid,1,1
Mawile,Gligar,Gligar,0,2
Goodra,Drampa,Goodra,1,2
Haxorus,Swellow,Haxorus,1,2
Finizen,Oranguru,Oranguru,0,2
Seismitoad,Poliwrath,Seismitoad,1,4
Amoonguss,Guzzlord,Guzzlord,0,3
Virizion,Zebstrika,Virizion,1,3
Piplup,Roggenrola,Piplup,1,1
Nidoking,Durant,Durant,0,3
Shelgon,Eiscue-Ice,Eiscue-Ice,0,2
Ceruledge,Toedscruel,Toedscruel,0,2
Gothita,Sentret,Gothita,1,2
Staraptor,Arcanine,Arcanine,0,2
Scizor,Shaymin-Land,Scizor,1,2
Flutter-Mane,Pignite,Flutter-Mane,1,2
Poltchageist,Incineroar,Incineroar,0,1
Cinderace,Raboot,Cinderace,1,3
Dracozolt,Bidoof,Dracozolt,1,2
Beartic,Skorupi,Beartic,1,2
Happiny,Noivern,Noivern,0,1
Zigzagoon,Darkrai,Darkrai,0,1
Inteleon,Keldeo-Ordinary,Keldeo-Ordinary,0,3
Zapdos,Munkidori,Munkidori,0,2
Gastrodon,Charjabug,Gastrodon,1,2
Cosmoem,Sunkern,Cosmoem,1,1
Ferroseed,Diglett,Ferroseed,1,1
Azelf,Illumise,Azelf,1,2
Iron-Thorns,Kangaskhan,Iron-Thorns,1,3
Arrokuda,Marill,Marill,0,3
Espeon,Sprigatito,Espeon,1,1
Goodra,Tapu-Lele,Tapu-Lele,0,2
Burmy,Pecharunt,Pecharunt,0,1
Horsea,Marill,Marill,0,2
Sudowoodo,Decidueye,Decidueye,0,1
Nymble,Seedot,Nymble,1,1
Exeggcute,Reuniclus,Reuniclus,0,1
Barraskewda,Boldore,Barraskewda,1,1
Pancham,Squirtle,Pancham,1,2
Treecko,Mareep,Treecko,1,2
Sobble,Brionne,Brionne,0,2
Boltund,Pikipek,Boltund,1,1
Pidove,Gogoat,Gogoat,0,1
Tadbulb,Buzzwole,Buzzwole,0,1
Karrablast,Dewott,Dewott,0,2
Sandslash,Helioptile,Sandslash,1,1
Breloom,Lanturn,Lanturn,0,2
Polteageist,Electrike,Polteageist,1,1
Heatmor,Klawf,Klawf,0,2
Sandshrew,Psyduck,Psyduck,0,1
Pawmi,Aerodactyl,Aerodactyl,0,1
Lycanroc-Midday,Chewtle,Lycanroc-Midday,1,1
Sandy-Shocks,Grubbin,Sandy-Shocks,1,1
Uxie,Spiritomb,Spiritomb,0,2
Wingull,Togedemaru,Togedemaru,0,1
Tentacruel,Cobalion,Cobalion,0,4
Durant,Lunatone,Durant,1,2
Regice,Charizard,Charizard,0,3
Kartana,Overqwil,Kartana,1,2
Parasect,Pachirisu,Parasect,1,2
Scraggy,Oranguru,Oranguru,0,3
Absol,Solrock,Absol,1,2
Flapple,Basculegion-Male,Basculegion-Male,0,1
Muk,Gulpin,Muk,1,3
Clawitzer,Chandelure,Clawitzer,1,1
Mawile,Zorua,Mawile,1,1
Klinklang,Gengar,Klinklang,1,2
Spinarak,Duraludon,Duraludon,0,1
Inteleon,Staravia,Inteleon,1,1
Sunkern,Huntail,Huntail,0,1
Scyther,Greavard,Scyther,1,2
Pyroar-Male,Squirtle,Pyroar-Male,1,2
Pignite,Victreebel,Victreebel,0,2
Tapu-Koko,Ducklett,Tapu-Koko,1,1
Leavanny,Kabuto,Leavanny,1,1
Araquanid,Ledyba,Araquanid,1,2
Minun,Hitmontop,Hitmontop,0,2
Cacturne,Charizard,Charizard,0,1
Klang,Flabebe,Klang,1,1
Silvally,Flabebe,Silvally,1,1
Skarmory,Swirlix,Skarmory,1,1
Pachirisu,Aron,Pachirisu,1,2
Bayleef,Magnezone,Magnezone,0,2
Psyduck,Flutter-Mane,Flutter-Mane,0,1
Clamperl,Carvanha,Clamperl,1,1
Palossand,Glimmet,Palossand,1,1
Regigigas,Liepard,Regigigas,1,1
Yungoos,Gothita,Gothita,0,2
Chinchou,Rhyperior,Rhyperior,0,1
Regidrago,Lickitung,Regidrago,1,3
Electrike,Venusaur,Venusaur,0,1
Primeape,Dondozo,Dondozo,0,3
Tyrantrum,Eiscue-Ice,Tyrantrum,1,2
Eevee,Marshadow,Marshadow,0,1
Tyrantrum,Glalie,Glalie,0,2
Tentacruel,Taillow,Tentacruel,1,1
Diggersby,Metapod,Diggersby,1,2
Ting-Lu,Wingull,Ting-Lu,1,1
Bounsweet,Dugtrio,Dugtrio,0,1
Eelektross,Shedinja,Eelektross,1,1
Lycanroc-Midday,Cobalion,Cobalion,0,2
Omanyte,Stunfisk,Stunfisk,0,1
Roaring-Moon,Beedrill,Roaring-Moon,1,2
Quaxly,Scorbunny,Quaxly,1,1
Electrike,Wigglytuff,Wigglytuff,0,1
Heliolisk,Stonjourner,Heliolisk,1,1
Amaura,Scolipede,Scolipede,0,2
Mantyke,Dottler,Mantyke,1,3
Toedscruel,Terrakion,Terrakion,0,2
Swellow,Cutiefly,Swellow,1,1
Toedscruel,Brionne,Toedscruel,1,2
Azurill,Whimsicott,Whimsicott,0,1
Solosis,Charjabug,Charjabug,0,1
Spoink,Inteleon,Inteleon,0,2
Crabrawler,Gligar,Gligar,0,1
Marowak,Glimmora,Marowak,1,1
Bayleef,Gengar,Gengar,0,2
Spinarak,Poltchageist,Poltchageist,0,2
Pichu,Marshtomp,Marshtomp,0,1
Shedinja,Veluza,Veluza,0,1
Fezandipiti,Sentret,Fezandipiti,1,1
Typhlosion,Tapu-Bulu,Typhlosion,1,2
Lugia,Growlithe,Lugia,1,2
Registeel,Hawlucha,Registeel,1,2
Spiritomb,Gothorita,Spiritomb,1,1
Tyrogue,Reshiram,Reshiram,0,1
Charizard,Dachsbun,Charizard,1,2
Sentret,Chewtle,Chewtle,0,2
Iron-Hands,Pawmo,Iron-Hands,1,1
Delibird,Frosmoth,Frosmoth,0,1
Magmortar,Thundurus-Incarnate,Thundurus-Incarnate,0,2
Nidorina,Kabutops,Kabutops,0,2
Clodsire,Torracat,Clodsire,1,1
Diancie,Smoochum,Diancie,1,1
Snivy,Carracosta,Carracosta,0,1
Tsareena,Kabutops,Tsareena,1,1
Baxcalibur,Marill,Baxcalibur,1,2
Crawdaunt,Larvesta,Crawdaunt,1,1
Spearow,Graveler,Graveler,0,1
Dedenne,Tyranitar,Tyranitar,0,2
Munkidori,Raticate,Munkidori,1,2
Tentacruel,Breloom,Tentacruel,1,2
Primarina,Honchkrow,Primarina,1,1
Binacle,Flaaffy,Flaaffy,0,1
Tyranitar,Wailord,Wailord,0,3
Walrein,Okidogi,Okidogi,0,2
Chimchar,Brute-Bonnet,Brute-Bonnet,0,1
Dartrix,Drifloon,Drifloon,0,2
Serperior,Seedot,Serperior,1,1
Silicobra,Dewgong,Dewgong,0,1
Miltank,Rhyhorn,Miltank,1,2
Salamence,Zigzagoon,Salamence,1,1
Kleavor,Geodude,Kleavor,1,1
Bronzong,Ribombee,Bronzong,1,1
Fezandipiti,Pignite,Fezandipiti,1,3
Runerigus,Oshawott,Oshawott,0,2
Surskit,Azelf,Azelf,0,1
Sandygast,Wattrel,Sandygast,1,1
Inkay,Sewaddle,Sewaddle,0,1
Dunsparce,Chingling,Dunsparce,1,2
Caterpie,Runerigus,Runerigus,0,1
Kyurem,Sobble,Kyurem,1,1
Arbok,Finneon,Arbok,1,2
Muk,Iron-Hands,Iron-Hands,0,4
Duosion,Gastly,Duosion,1,1
Purugly,Arctibax,Arctibax,0,2
Monferno,Shellder,Monferno,1,1
Numel,Eelektrik,Eelektrik,0,2
Liepard,Bellossom,Bellossom,0,2
Overqwil,Silicobra,Overqwil,1,2
Tapu-Koko,Rotom,Tapu-Koko,1,2
Espurr,Porygon-Z,Porygon-Z,0,2
Eldegoss,Annihilape,Annihilape,0,2
Bounsweet,Crawdaunt,Crawdaunt,0,1
Gimmighoul,Lairon,Lairon,0,2
Toxel,Groudon,Groudon,0,1
Zebstrika,Yanmega,Zebstrika,1,2
Zapdos,Exeggcute,Zapdos,1,1
Torracat,Golett,Golett,0,1
Spheal,Mismagius,Mismagius,0,3
Cramorant,Jolteon,Jolteon,0,1
Hattrem,Lilligant,Lilligant,0,2
Golett,Goodra,Goodra,0,1
Gothitelle,Nosepass,Gothitelle,1,2
Floatzel,Mandibuzz,Mandibuzz,0,3
Braviary,Hoppip,Braviary,1,1
Rillaboom,Buneary,Rillaboom,1,2
Petilil,Slaking,Slaking,0,1
Girafarig,Pineco,Girafarig,1,1
Staraptor,Wailord,Wailord,0,2
Kabutops,Aegislash-Shield,Kabutops,1,5
Rattata,Tentacool,Tentacool,0,1
Manectric,Greedent,Greedent,0,2
Poipole,Spinarak,Poipole,1,2
Palafin-Zero,Sunkern,Palafin-Zero,1,1
Ambipom,Sandile,Ambipom,1,1
Munna,Pincurchin,Pincurchin,0,2
Raikou,Combee,Raikou,1,1
Tinkatuff,Dusclops,Dusclops,0,3
Flapple,Poltchageist,Flapple,1,1
Klawf,Gengar,Gengar,0,2
Helioptile,Lurantis,Lurantis,0,1
Glaceon,Hakamo-O,Glaceon,1,1
Garbodor,Thundurus-Incarnate,Thundurus-Incarnate,0,3
Poochyena,Glameow,Glameow,0,1
Foongus,Psyduck,Foongus,1,1
Cetitan,Talonflame,Talonflame,0,3
Magearna,Ivysaur,Magearna,1,2
Beheeyem,Purugly,Beheeyem,1,2
Granbull,Wobbuffet,Granbull,1,6
Steelix,Shiinotic,Steelix,1,2
Forretress,Silcoon,Forretress,1,2
Decidueye,Mesprit,Decidueye,1,2
Dragapult,Zorua,Dragapult,1,1
Munkidori,Lucario,Munkidori,1,2
Palkia,Hawlucha,Palkia,1,1
Yveltal,Miraidon,Miraidon,0,2
Lillipup,Onix,Onix,0,2
Ho-Oh,Vanillite,Ho-Oh,1,1
Gurdurr,Parasect,Gurdurr,1,3
Blaziken,Basculegion-Male,Basculegion-Male,0,2
Iron-Crown,Alcremie,Iron-Crown,1,2
Mantyke,Fraxure,Fraxure,0,2
Froslass,Phanpy,Froslass,1,1
Mimikyu-Disguised,Koraidon,Mimikyu-Disguised,1,2
Basculin-Red-Striped,Bastiodon,Basculin-Red-Striped,1,2
Luvdisc,Milotic,Milotic,0,3
Dartrix,Ducklett,Ducklett,0,2
Kartana,Glaceon,Kartana,1,1
Carbink,Chesnaught,Chesnaught,0,2
Igglybuff,Vespiquen,Vespiquen,0,1
Hitmontop,Cetitan,Cetitan,0,3
Articuno,Bellibolt,Bellibolt,0,3
Cubone,Vanillite,Vanillite,0,1
Timburr,Abra,Abra,0,1
Klefki,Pawmot,Pawmot,0,2
Slither-Wing,Toxapex,Slither-Wing,1,4
Druddigon,Aggron,Aggron,0,3
Hattrem,Iron-Bundle,Iron-Bundle,0,2
Wattrel,Venusaur,Venusaur,0,1
Sirfetchd,Golisopod,Golisopod,0,3
Budew,Typhlosion,Typhlosion,0,1
Luvdisc,Alakazam,Alakazam,0,1
Chimchar,Swirlix,Chimchar,1,3
Gabite,Baltoy,Gabite,1,1
Darmanitan-Standard,Remoraid,Darmanitan-Standard,1,1
Dipplin,Swellow,Dipplin,1,1
Sandile,Thievul,Thievul,0,1
Zweilous,Farfetchd,Zweilous,1,2
Froslass,Silcoon,Froslass,1,1
Rotom,Marshtomp,Marshtomp,0,1
Slowpoke,Froslass,Froslass,0,2
Seismitoad,Lilligant,Lilligant,0,1
Mudsdale,Whiscash,Whiscash,0,3
Conkeldurr,Cufant,Conkeldurr,1,1
Aerodactyl,Silicobra,Aerodactyl,1,2
Cubchoo,Salazzle,Salazzle,0,1
Crawdaunt,Xatu,Crawdaunt,1,2
Marowak,Piloswine,Piloswine,0,2
Tyrunt,Riolu,Riolu,0,2
Spiritomb,Grapploct,Spiritomb,1,4
Nidorino,Spearow,Nidorino,1,1
Cursola,Corphish,Cursola,1,2
Grafaiai,Emolga,Grafaiai,1,2
Archen,Buizel,Buizel,0,1
Froakie,Meowstic-Male,Meowstic-Male,0,1
Kingdra,Hoopa,Hoopa,0,2
Bulbasaur,Torterra,Torterra,0,1
Phantump,Bagon,Phantump,1,1
Sylveon,Brionne,Sylveon,1,2
Pyroar-Male,Hippopotas,Pyroar-Male,1,1
Bulbasaur,Whimsicott,Whimsicott,0,2
Nuzleaf,Zygarde-50,Zygarde-50,0,2
Jumpluff,Aggron,Aggron,0,1
Miltank,Drednaw,Drednaw,0,4
Simisear,Inkay,Simisear,1,1
Abomasnow,Snivy,Abomasnow,1,1
Hariyama,Pineco,Hariyama,1,3
Hawlucha,Quaxwell,Hawlucha,1,2
Blastoise,Glameow,Blastoise,1,1
Nidorino,Purrloin,Nidorino,1,1
Onix,Piplup,Piplup,0,1
Beautifly,Burmy,Beautifly,1,1
Seel,Lombre,Lombre,0,2
Lotad,Gyarados,Gyarados,0,1
Arrokuda,Wo-Chien,Wo-Chien,0,1
Buzzwole,Goomy,Buzzwole,1,1
Shuppet,Serperior,Serperior,0,1
Magmar,Luxio,Magmar,1,2
Musharna,Mudsdale,Musharna,1,3
Munchlax,Overqwil,Overqwil,0,2
Tangrowth,Obstagoon,Obstagoon,0,3
Ninjask,Sealeo,Sealeo,0,1
Pignite,Lunala,Lunala,0,1
Ledian,Toucannon,Toucannon,0,1
Lickitung,Urshifu-Single-Strike,Urshifu-Single-Strike,0,1
Hydrapple,Klinklang,Klinklang,0,2
Electabuzz,Capsakid,Electabuzz,1,1
Emolga,Pawmi,Emolga,1,1
Chatot,Krokorok,Chatot,1,1
Snorlax,Unfezant,Snorlax,1,2
Swampert,Mimikyu-Disguised,Swampert,1,2
Duraludon,Grubbin,Duraludon,1,1
Raging-Bolt,Glaceon,Raging-Bolt,1,2
Flabebe,Coalossal,Coalossal,0,1
Bruxish,Wo-Chien,Wo-Chien,0,1
Quaquaval,Azumarill,Azumarill,0,3
Kleavor,Urshifu-Single-Strike,Urshifu-Single-Strike,0,2
Nuzleaf,Exeggutor,Exeggutor,0,1
Klink,Gigalith,Gigalith,0,2
Necrozma,Flaaffy,Necrozma,1,2
Caterpie,Nosepass,Nosepass,0,1
Furfrou,Cloyster,Cloyster,0,2
Machamp,Electrode,Machamp,1,2
Blacephalon,Raboot,Blacephalon,1,2
Chimchar,Phantump,Chimchar,1,1
Lugia,Clefable,Lugia,1,3
Mew,Armarouge,Armarouge,0,4
Sandile,Munkidori,Munkidori,0,1
Cyclizar,Spewpa,Cyclizar,1,1
Thundurus-Incarnate,Lunala,Lunala,0,2
Type-Null,Starmie,Type-Null,1,2
Staraptor,Clauncher,Staraptor,1,1
Mudkip,Gardevoir,Gardevoir,0,1
Fidough,Annihilape,Annihilape,0,1
Tapu-Koko,Duraludon,Tapu-Koko,1,2
Nidorina,Chimecho,Chimecho,0,1
Ribombee,Tandemaus,Ribombee,1,2
Swirlix,Hitmonlee,Swirlix,1,2
Bidoof,Magnemite,Magnemite,0,1
Armarouge,Scraggy,Armarouge,1,2
Barraskewda,Eiscue-Ice,Eiscue-Ice,0,3
Bastiodon,Totodile,Bastiodon,1,3
Umbreon,Torracat,Umbreon,1,3
Fuecoco,Cinderace,Cinderace,0,3
Okidogi,Whismur,Okidogi,1,1
Muk,Kangaskhan,Muk,1,3
Rhyhorn,Swablu,Rhyhorn,1,1
Pineco,Shinx,Pineco,1,1
Yanma,Farfetchd,Farfetchd,0,1
Inteleon,Paras,Inteleon,1,1
Mantine,Loudred,Mantine,1,2
Watchog,Exeggcute,Watchog,1,2
Drowzee,Ho-Oh,Ho-Oh,0,1
Mesprit,Croagunk,Mesprit,1,1
Machop,Crabrawler,Crabrawler,0,2
Murkrow,Koffing,Murkrow,1,1
Dusknoir,Smeargle,Dusknoir,1,2
Genesect,Rayquaza,Genesect,1,2
Tynamo,Carbink,Carbink,0,2
Loudred,Carbink,Carbink,0,3
Metang,Celebi,Celebi,0,4
Landorus-Incarnate,Gastrodon,Gastrodon,0,2
Tauros,Crabrawler,Tauros,1,2
Whimsicott,Lechonk,Whimsicott,1,2
Pancham,Stantler,Stantler,0,2
Pansear,Nincada,Pansear,1,1
Clauncher,Rillaboom,Rillaboom,0,2
Delcatty,Bruxish,Delcatty,1,3
Naganadel,Groudon,Groudon,0,1
Shuckle,Shiftry,Shiftry,0,2
Komala,Sneasler,Sneasler,0,1
Prinplup,Liepard,Prinplup,1,2
Krookodile,Brute-Bonnet,Brute-Bonnet,0,2
Honedge,Chandelure,Chandelure,0,1
Clefable,Palafin-Zero,Clefable,1,3
Charmeleon,Lunatone,Lunatone,0,2
Dondozo,Rhydon,Dondozo,1,1
Houndoom,Cubone,Houndoom,1,1
Zebstrika,Baltoy,Zebstrika,1,2
Fearow,Meltan,Fearow,1,3
Quaxwell,Throh,Throh,0,2
Koffing,Tranquill,Tranquill,0,2
Tornadus-Incarnate,Mamoswine,Mamoswine,0,2
Steenee,Diancie,Diancie,0,1
Dodrio,Barraskewda,Barraskewda,0,2
Stantler,Chatot,Stantler,1,2
Sinistea,Yanmega,Yanmega,0,1
Barbaracle,Boltund,Boltund,0,2
Scizor,Flareon,Flareon,0,1
Poliwag,Minun,Minun,0,1
Reuniclus,Grubbin,Reuniclus,1,1
Natu,Comfey,Comfey,0,1
Quaxly,Haxorus,Haxorus,0,1
Nymble,Barraskewda,Barraskewda,0,1
Ampharos,Teddiursa,Ampharos,1,2
Giratina-Altered,Sneasler,Giratina-Altered,1,2
Torterra,Floatzel,Floatzel,0,2
Kingler,Krookodile,Krookodile,0,2
Zeraora,Dudunsparce-Two-Segment,Dudunsparce-Two-Segment,0,3
Dragapult,Hawlucha,Dragapult,1,2
Emolga,Machop,Emolga,1,1
Grookey,Skiddo,Skiddo,0,1
Pelipper,Ferrothorn,Ferrothorn,0,3
Dunsparce,Pumpkaboo-Average,Dunsparce,1,2
Leafeon,Flygon,Flygon,0,2
Lickitung,Skuntank,Skuntank,0,3
Hippowdon,Larvitar,Hippowdon,1,1
Gastly,Froakie,Froakie,0,1
Tympole,Rhyperior,Rhyperior,0,1
Dracozolt,Cofagrigus,Dracozolt,1,3
Rampardos,Nidorino,Rampardos,1,1
Garchomp,Vigoroth,Garchomp,1,2
Ducklett,Electabuzz,Electabuzz,0,1
Donphan,Vanilluxe,Vanilluxe,0,1
Hatterene,Manectric,Hatterene,1,2
Patrat,Poliwag,Poliwag,0,2
Beheeyem,Salazzle,Beheeyem,1,1
Magmar,Mesprit,Mesprit,0,3
Barbaracle,Azurill,Barbaracle,1,1
Mandibuzz,Falinks,Mandibuzz,1,2
Clefairy,Granbull,Granbull,0,2
Fletchling,Eelektross,Eelektross,0,1
Gothitelle,Impidimp,Gothitelle,1,2
Nymble,Kyogre,Kyogre,0,1
Meowstic-Male,Vibrava,Meowstic-Male,1,1
Zamazenta,Darumaka,Zamazenta,1,2
Phanpy,Trubbish,Phanpy,1,1
Magearna,Mew,Magearna,1,3
Porygon2,Druddigon,Porygon2,1,2
Squawkabilly-Green-Plumage,Emolga,Emolga,0,2
Omanyte,Loudred,Omanyte,1,2
Blaziken,Naganadel,Naganadel,0,2
Runerigus,Flygon,Runerigus,1,2
Cranidos,Marill,Cranidos,1,2
Dragapult,Galvantula,Dragapult,1,2
Krokorok,Makuhita,Krokorok,1,1
Boltund,Brute-Bonnet,Brute-Bonnet,0,2
Naganadel,Decidueye,Naganadel,1,2
Polteageist,Slugma,Polteageist,1,1
Nidoran-F,Shinx,Nidoran-F,1,2
Lombre,Nidorina,Nidorina,0,2
Mudsdale,Dracozolt,Mudsdale,1,2
Bagon,Froakie,Froakie,0,1
Mime-Jr,Chimecho,Chimecho,0,2
Wartortle,Morgrem,Morgrem,0,3
Type-Null,Grookey,Type-Null,1,1
Liepard,Shedinja,Liepard,1,1
Loudred,Krokorok,Krokorok,0,2
Swablu,Tinkaton,Tinkaton,0,2
Lokix,Steelix,Steelix,0,3
Lombre,Mudsdale,Mudsdale,0,2
Mawile,Pawmi,Mawile,1,1
Dustox,Pincurchin,Pincurchin,0,3
Darmanitan-Standard,Simisage,Darmanitan-Standard,1,2
Polteageist,Lucario,Lucario,0,2
Naganadel,Darmanitan-Standard,Naganadel,1,2
Jigglypuff,Dratini,Jigglypuff,1,1
Gyarados,Arbok,Gyarados,1,2
Foongus,Ceruledge,Ceruledge,0,1
Pawmo,Slurpuff,Slurpuff,0,1
Ducklett,Florges,Florges,0,2
Trevenant,Solrock,Trevenant,1,2
Poltchageist,Braviary,Braviary,0,1
Mienshao,Bidoof,Mienshao,1,1
Sawk,Dragonair,Sawk,1,2
Spiritomb,Ninjask,Spiritomb,1,2
Corvisquire,Kingambit,Kingambit,0,2
Dartrix,Iron-Bundle,Iron-Bundle,0,1
Basculegion-Male,Impidimp,Basculegion-Male,1,1
Dedenne,Shaymin-Land,Shaymin-Land,0,2
Wo-Chien,Shelmet,Wo-Chien,1,2
Deerling,Tyrantrum,Tyrantrum,0,1
Teddiursa,Cherubi,Teddiursa,1,2
Bounsweet,Growlithe,Growlithe,0,1
Victreebel,Dipplin,Victreebel,1,1
Arctibax,Bagon,Arctibax,1,1
Frosmoth,Slugma,Slugma,0,1
Celebi,Magcargo,Celebi,1,2
Staravia,Magnemite,Magnemite,0,1
Togetic,Bibarel,Bibarel,0,3
Meloetta-Aria,Sigilyph,Meloetta-Aria,1,2
Arctozolt,Anorith,Anorith,0,2
Hypno,Barbaracle,Barbaracle,0,3
Orbeetle,Kecleon,Kecleon,0,3
Wormadam-Plant,Dragonair,Wormadam-Plant,1,2
Solrock,Zarude,Zarude,0,2
Charjabug,Duskull,Charjabug,1,2
Grubbin,Bibarel,Bibarel,0,2
Exeggcute,Skiploom,Exeggcute,1,1
Aron,Mesprit,Mesprit,0,2
Skarmory,Shroodle,Skarmory,1,1
Houndstone,Sneasler,Houndstone,1,3
Gulpin,Kakuna,Gulpin,1,2
Exeggcute,Dragonair,Dragonair,0,2
Helioptile,Regice,Regice,0,1
Eiscue-Ice,Parasect,Eiscue-Ice,1,2
Xurkitree,Mewtwo,Mewtwo,0,2
Grotle,Pawmo,Grotle,1,2
Charcadet,Skwovet,Charcadet,1,2
Manaphy,Lampent,Manaphy,1,1
Sunflora,Porygon-Z,Porygon-Z,0,2
Togepi,Espathra,Espathra,0,1
Toxtricity-Amped,Meganium,Toxtricity-Amped,1,2
Shuckle,Kyurem,Kyurem,0,2
Florges,Sceptile,Florges,1,2
Shedinja,Snom,Shedinja,1,1
Whismur,Raging-Bolt,Raging-Bolt,0,1
Aron,Lumineon,Lumineon,0,1
Gigalith,Pichu,Gigalith,1,1
Latias,Gabite,Latias,1,1
Rabsca,Ferrothorn,Ferrothorn,0,3
Capsakid,Arctovish,Arctovish,0,1
Yanmega,Roselia,Yanmega,1,1
Swalot,Obstagoon,Obstagoon,0,4
Pincurchin,Tapu-Koko,Tapu-Koko,0,2
Pyroar-Male,Quilava,Pyroar-Male,1,2
Lugia,Beldum,Lugia,1,3
Vileplume,Fearow,Fearow,0,2
Joltik,Pancham,Pancham,0,2
Larvitar,Ribombee,Ribombee,0,1
Alakazam,Phione,Alakazam,1,2
Galvantula,Sealeo,Galvantula,1,2
Croconaw,Naganadel,Naganadel,0,2
Trevenant,Clefairy,Trevenant,1,2
Petilil,Paras,Petilil,1,1
Exeggcute,Regieleki,Regieleki,0,1
Pansear,Koraidon,Koraidon,0,1
Persian,Lurantis,Persian,1,3
Marowak,Carracosta,Carracosta,0,2
Oricorio-Baile,Togepi,Oricorio-Baile,1,1
Hitmontop,Brambleghast,Brambleghast,0,2
Tropius,Gligar,Tropius,1,1
Goldeen,Chesnaught,Chesnaught,0,1
Baxcalibur,Cloyster,Baxcalibur,1,2
Yamask,Meganium,Meganium,0,2
Gothita,Fletchling,Gothita,1,1
Delibird,Glameow,Glameow,0,2
Fuecoco,Blacephalon,Blacephalon,0,2
Budew,Lanturn,Lanturn,0,2
Vanilluxe,Salamence,Vanilluxe,1,1
Coalossal,Geodude,Coalossal,1,1
Gholdengo,Enamorus-Incarnate,Gholdengo,1,2
Primarina,Cherrim,Cherrim,0,2
Slugma,Barbaracle,Barbaracle,0,1
Abomasnow,Weezing,Abomasnow,1,2
Tyrantrum,Kyurem,Kyurem,0,1
Numel,Sliggoo,Sliggoo,0,2
Kabuto,Iron-Crown,Iron-Crown,0,1
Emboar,Regice,Emboar,1,2
Glastrier,Electivire,Glastrier,1,3
Wormadam-Plant,Phantump,Wormadam-Plant,1,2
Pidove,Heatmor,Heatmor,0,1
Palafin-Zero,Spewpa,Palafin-Zero,1,2
Fraxure,Beautifly,Fraxure,1,2
Torchic,Latias,Latias,0,1
Petilil,Golurk,Golurk,0,1
Golett,Vanillite,Vanillite,0,1
Wingull,Magmortar,Magmortar,0,1
Hoppip,Drednaw,Drednaw,0,1
Volbeat,Whirlipede,Volbeat,1,3
Boldore,Thwackey,Thwackey,0,2
Seviper,Litten,Seviper,1,1
Beldum,Shieldon,Beldum,1,3
Growlithe,Orbeetle,Orbeetle,0,2
Camerupt,Victreebel,Camerupt,1,2
Greninja,Solosis,Greninja,1,1
Ekans,Sinistea,Sinistea,0,2
Maschiff,Emolga,Emolga,0,2
Oricorio-Baile,Slurpuff,Oricorio-Baile,1,3
Thievul,Chien-Pao,Chien-Pao,0,1
Cursola,Spinda,Cursola,1,2
Bastiodon,Tapu-Bulu,Bastiodon,1,3
Escavalier,Florges,Escavalier,1,1
Wailmer,Galvantula,Galvantula,0,1
Trevenant,Heatran,Heatran,0,1
Musharna,Rufflet,Musharna,1,2
Beedrill,Empoleon,Empoleon,0,2
Chansey,Tangrowth,Tangrowth,0,1
Charcadet,Maushold-Family-Of-Four,Maushold-Family-Of-Four,0,1
Machop,Torterra,Torterra,0,2
Chien-Pao,Doublade,Chien-Pao,1,1
Tyrunt,Ponyta,Tyrunt,1,1
Klink,Zangoose,Zangoose,0,2
Meltan,Barboach,Barboach,0,2
Arctibax,Slowking,Slowking,0,3
Ducklett,Pyukumuku,Pyukumuku,0,4
Quaxwell,Darumaka,Quaxwell,1,2
Unfezant,Carbink,Carbink,0,3
Porygon,Tandemaus,Porygon,1,2
Great-Tusk,Machop,Great-Tusk,1,2
Rhyperior,Bisharp,Rhyperior,1,1
Wartortle,Shieldon,Wartortle,1,1
Dhelmise,Solosis,Dhelmise,1,1
Jellicent-Male,Clawitzer,Jellicent-Male,1,5
Latias,Popplio,Latias,1,2
Flittle,Mienshao,Mienshao,0,1
Dugtrio,Treecko,Dugtrio,1,1
Dracovish,Muk,Muk,0,4
Hydreigon,Regigigas,Regigigas,0,3
Arctibax,Swanna,Swanna,0,3
Tyranitar,Great-Tusk,Great-Tusk,0,1
Roserade,Venomoth,Venomoth,0,2
Beldum,Karrablast,Karrablast,0,2
Inkay,Chewtle,Inkay,1,2
Sableye,Blissey,Blissey,0,3
Bellibolt,Minccino,Bellibolt,1,1
Solgaleo,Virizion,Solgaleo,1,2
Dracovish,Latios,Latios,0,2
Gurdurr,Corvisquire,Corvisquire,0,3
Nincada,Golem,Golem,0,1
Garganacl,Wailord,Wailord,0,2
Hypno,Deerling,Hypno,1,2
Bronzong,Diglett,Bronzong,1,1
Tapu-Fini,Meloetta-Aria,Meloetta-Aria,0,3
Wooper,Espeon,Espeon,0,1
Medicham,Flareon,Flareon,0,2
Slaking,Altaria,Slaking,1,2
Lapras,Lunatone,Lapras,1,2
Hakamo-O,Qwilfish,Qwilfish,0,2
Lombre,Zarude,Zarude,0,2
Altaria,Klawf,Klawf,0,2
Masquerain,Phanpy,Masquerain,1,2
Cascoon,Mightyena,Mightyena,0,1
Tyranitar,Burmy,Tyranitar,1,1
Corphish,Tapu-Bulu,Tapu-Bulu,0,1
Volbeat,Bouffalant,Bouffalant,0,2
Enamorus-Incarnate,Rhyhorn,Enamorus-Incarnate,1,1
Swinub,Kommo-O,Kommo-O,0,1
Wattrel,Bastiodon,Bastiodon,0,1
Elgyem,Silvally,Silvally,0,2
Vanilluxe,Salamence,Vanilluxe,1,1
Gholdengo,Blissey,Gholdengo,1,2
Cetitan,Sobble,Cetitan,1,2
Scraggy,Jolteon,Jolteon,0,2
Perrserker,Marill,Perrserker,1,2
Groudon,Spewpa,Groudon,1,1
Type-Null,Espathra,Type-Null,1,3
Nosepass,Rapidash,Rapidash,0,2
Cresselia,Primeape,Cresselia,1,2
Deoxys-Normal,Sealeo,Deoxys-Normal,1,2
Great-Tusk,Tangela,Great-Tusk,1,2
Copperajah,Tirtouga,Copperajah,1,2
Skarmory,Stakataka,Stakataka,0,3
Crabrawler,Exploud,Exploud,0,2
Phantump,Illumise,Illumise,0,2
Oddish,Duosion,Duosion,0,1
Hitmonchan,Celebi,Celebi,0,1
Nuzleaf,Grumpig,Grumpig,0,2
Charjabug,Trapinch,Charjabug,1,2
Electabuzz,Carbink,Carbink,0,3
Electivire,Chimchar,Electivire,1,1
Litleo,Corviknight,Corviknight,0,2
Chikorita,Yveltal,Yveltal,0,1
Rayquaza,Grimer,Rayquaza,1,2
Octillery,Morgrem,Octillery,1,2
Celebi,Nidoqueen,Celebi,1,2
Hoppip,Stakataka,Stakataka,0,1
Poltchageist,Gardevoir,Gardevoir,0,1
Larvesta,Mareanie,Mareanie,0,2
Blacephalon,Meditite,Blacephalon,1,1
Terrakion,Glaceon,Terrakion,1,2
Dracovish,Cursola,Cursola,0,3
Wugtrio,Hitmonlee,Hitmonlee,0,1
Veluza,Snorunt,Veluza,1,2
Registeel,Noibat,Registeel,1,1
Meloetta-Aria,Nosepass,Meloetta-Aria,1,1
Mew,Lairon,Mew,1,3
Nosepass,Blissey,Blissey,0,3
Hoopa,Gulpin,Hoopa,1,1
Lampent,Centiskorch,Centiskorch,0,4
Regigigas,Wurmple,Regigigas,1,1
Munna,Venusaur,Venusaur,0,2
Timburr,Skeledirge,Skeledirge,0,2
Celesteela,Crawdaunt,Celesteela,1,3
Barraskewda,Marowak,Barraskewda,1,2
Copperajah,Skwovet,Copperajah,1,2
Dudunsparce-Two-Segment,Exploud,Dudunsparce-Two-Segment,1,3
Simipour,Mothim,Simipour,1,2
Barraskewda,Rhyperior,Barraskewda,1,2
Coalossal,Tsareena,Coalossal,1,2
Skitty,Swanna,Swanna,0,1
Lurantis,Chi-Yu,Chi-Yu,0,1
Metapod,Nacli,Nacli,0,1
Urshifu-Single-Strike,Magmar,Urshifu-Single-Strike,1,2
Carkol,Sunkern,Carkol,1,1
Teddiursa,Palafin-Zero,Palafin-Zero,0,3
Rellor,Sandile,Rellor,1,1
Wormadam-Plant,Togetic,Togetic,0,2
Marowak,Manaphy,Manaphy,0,1
Grookey,Machop,Machop,0,2
Gouging-Fire,Snivy,Gouging-Fire,1,1
Greninja,Weepinbell,Greninja,1,1
Sudowoodo,Kakuna,Sudowoodo,1,1
Joltik,Moltres,Moltres,0,1
Nymble,Starly,Starly,0,1
Kingler,Qwilfish,Qwilfish,0,3
Mightyena,Nidorina,Mightyena,1,3
Togepi,Numel,Numel,0,2
Quaxly,Nymble,Quaxly,1,1
Typhlosion,Helioptile,Typhlosion,1,1
Tyranitar,Illumise,Tyranitar,1,1
Inteleon,Illumise,Inteleon,1,2
Brambleghast,Lombre,Brambleghast,1,1
Celesteela,Snivy,Celesteela,1,1
Dolliv,Turtwig,Dolliv,1,2
Darkrai,Dustox,Darkrai,1,2
Mudkip,Cobalion,Cobalion,0,2
Gossifleur,Electabuzz,Electabuzz,0,1
Roaring-Moon,Pikachu,Roaring-Moon,1,1
Miltank,Chingling,Miltank,1,2
Weedle,Dracozolt,Dracozolt,0,1
Cloyster,Jumpluff,Jumpluff,0,1
Cutiefly,Tangrowth,Tangrowth,0,1
Magearna,Cyclizar,Magearna,1,1
Onix,Masquerain,Masquerain,0,1
Kleavor,Torchic,Kleavor,1,1
Reshiram,Annihilape,Reshiram,1,3
Espathra,Leafeon,Espathra,1,2
Spheal,Raikou,Raikou,0,1
Drednaw,Kyogre,Kyogre,0,2
Guzzlord,Lopunny,Guzzlord,1,3
Darumaka,Dugtrio,Dugtrio,0,1
Oinkologne-Male,Arrokuda,Oinkologne-Male,1,1
Copperajah,Magcargo,Magcargo,0,2
Morpeko-Full-Belly,Lillipup,Morpeko-Full-Belly,1,2
Armaldo,Rattata,Armaldo,1,1
Clauncher,Dedenne,Dedenne,0,1
Hitmontop,Pichu,Hitmontop,1,1
Jynx,Tentacruel,Tentacruel,0,2
Entei,Dewgong,Dewgong,0,3
Aerodactyl,Iron-Moth,Aerodactyl,1,1
Delphox,Cloyster,Delphox,1,1
Palkia,Wooper,Palkia,1,1
Lumineon,Gothitelle,Gothitelle,0,3
Solgaleo,Karrablast,Solgaleo,1,1
Kommo-O,Dubwool,Kommo-O,1,2
Squawkabilly-Green-Plumage,Magmortar,Magmortar,0,1
Poliwrath,Krabby,Poliwrath,1,1
Empoleon,Tangrowth,Empoleon,1,2
Weedle,Azurill,Weedle,1,2
Pecharunt,Cherrim,Pecharunt,1,2
Woobat,Grafaiai,Grafaiai,0,1
Bastiodon,Breloom,Breloom,0,1
Okidogi,Shellder,Okidogi,1,1
Shellder,Glameow,Glameow,0,2
Shiftry,Torkoal,Torkoal,0,2
Comfey,Trubbish,Trubbish,0,2
Lombre,Goomy,Lombre,1,2
Vulpix,Simipour,Simipour,0,1
Snorlax,Articuno,Articuno,0,4
Crobat,Chatot,Crobat,1,2
Pheromosa,Horsea,Pheromosa,1,1
Orthworm,Fletchling,Orthworm,1,1
Clauncher,Arceus,Arceus,0,1
Shedinja,Magmortar,Magmortar,0,1
Teddiursa,Audino,Audino,0,2
Arbok,Gabite,Gabite,0,1
Aggron,Brute-Bonnet,Brute-Bonnet,0,3
Yveltal,Rellor,Yveltal,1,1
Minun,Grimmsnarl,Grimmsnarl,0,2
Clefable,Morgrem,Clefable,1,1
Stunky,Iron-Valiant,Iron-Valiant,0,1
Gourgeist-Average,Karrablast,Gourgeist-Average,1,1
Blitzle,Wimpod,Blitzle,1,1
Liepard,Melmetal,Melmetal,0,1
Magcargo,Magby,Magcargo,1,1
Glimmora,Vanilluxe,Glimmora,1,3
Overqwil,Armarouge,Armarouge,0,2
Chinchou,Wooloo,Chinchou,1,2
Litten,Munchlax,Munchlax,0,1
Dragalge,Kabutops,Kabutops,0,2
Slowpoke,Crocalor,Slowpoke,1,3
Aron,Wugtrio,Wugtrio,0,1
Tranquill,Porygon2,Porygon2,0,1
Furfrou,Chesnaught,Chesnaught,0,1
Yanmega,Roserade,Yanmega,1,2
Fearow,Tangela,Fearow,1,2
Porygon2,Murkrow,Porygon2,1,1
Shellos,Froslass,Froslass,0,2
Kirlia,Oricorio-Baile,Oricorio-Baile,0,1
Omastar,Skwovet,Omastar,1,1
Psyduck,Raboot,Raboot,0,2
Phantump,Flutter-Mane,Flutter-Mane,0,1
Butterfree,Zekrom,Zekrom,0,1
Iron-Thorns,Hariyama,Hariyama,0,2
Stoutland,Toedscruel,Stoutland,1,2
Dreepy,Piplup,Piplup,0,1
Salazzle,Bewear,Bewear,0,2
Poliwhirl,Iron-Crown,Iron-Crown,0,2
Brionne,Riolu,Brionne,1,1
Elgyem,Polteageist,Polteageist,0,1
Scorbunny,Tarountula,Scorbunny,1,1
Necrozma,Dubwool,Necrozma,1,3
Conkeldurr,Gliscor,Conkeldurr,1,2
Bombirdier,Staravia,Bombirdier,1,2
Frigibax,Cinccino,Cinccino,0,2
Jangmo-O,Turtonator,Turtonator,0,1
Krookodile,Servine,Krookodile,1,2
Kabuto,Pawmot,Pawmot,0,1
Arctozolt,Kakuna,Arctozolt,1,1
Registeel,Kakuna,Registeel,1,1
Vullaby,Thievul,Thievul,0,2
Drampa,Espeon,Espeon,0,2
Victini,Parasect,Victini,1,1
Baxcalibur,Cetoddle,Baxcalibur,1,1
Jynx,Phanpy,Jynx,1,1
Koffing,Drapion,Drapion,0,2
Luvdisc,Wigglytuff,Wigglytuff,0,2
Fidough,Eelektross,Eelektross,0,1
Sawsbuck,Quaxly,Sawsbuck,1,1
Cresselia,Vespiquen,Cresselia,1,3
Ralts,Scizor,Scizor,0,1
Duraludon,Charjabug,Duraludon,1,2
Omanyte,Ferrothorn,Ferrothorn,0,1
Piplup,Blastoise,Blastoise,0,2
Kingdra,Armaldo,Kingdra,1,2
Arceus,Cofagrigus,Arceus,1,3
Shuckle,Guzzlord,Guzzlord,0,2
Hitmonchan,Minccino,Hitmonchan,1,1
Carnivine,Flapple,Carnivine,1,1
Whirlipede,Noctowl,Noctowl,0,2
Tympole,Glalie,Glalie,0,2
Caterpie,Ariados,Ariados,0,1
Nihilego,Tranquill,Nihilego,1,1
Mudkip,Mareanie,Mareanie,0,2
Ralts,Hoopa,Hoopa,0,1
Vespiquen,Samurott,Samurott,0,2
Ho-Oh,Paras,Ho-Oh,1,1
Dragapult,Darmanitan-Standard,Dragapult,1,2
Hoopa,Trubbish,Hoopa,1,1
Grumpig,Karrablast,Grumpig,1,1
Wailmer,Poipole,Poipole,0,3
Liepard,Dunsparce,Dunsparce,0,2
Nymble,Latias,Latias,0,1
Loudred,Chansey,Loudred,1,1
Unfezant,Feebas,Unfezant,1,1
Virizion,Palossand,Virizion,1,2
Runerigus,Vullaby,Vullaby,0,3
Type-Null,Chi-Yu,Type-Null,1,2
Panpour,Timburr,Panpour,1,2
Kangaskhan,Hitmontop,Kangaskhan,1,2
Drampa,Rhydon,Drampa,1,2
Nihilego,Espathra,Espathra,0,3
Perrserker,Excadrill,Excadrill,0,1
Sunflora,Lileep,Sunflora,1,2
Happiny,Scizor,Scizor,0,1
Azurill,Krookodile,Krookodile,0,1
Lycanroc-Midday,Manectric,Lycanroc-Midday,1,2
Kangaskhan,Wigglytuff,Kangaskhan,1,3
Absol,Hydrapple,Absol,1,2
Frosmoth,Pupitar,Frosmoth,1,1
Rhyperior,Florges,Florges,0,2
Nidoking,Iron-Jugulis,Iron-Jugulis,0,2
Glimmet,Moltres,Moltres,0,2
Cascoon,Machoke,Machoke,0,2
Klinklang,Gengar,Klinklang,1,2
Drakloak,Iron-Crown,Iron-Crown,0,1
Raikou,Togedemaru,Raikou,1,4
Deino,Xatu,Xatu,0,1
Minior-Red-Meteor,Sobble,Sobble,0,2
Tyrogue,Garchomp,Garchomp,0,1
Eelektross,Zubat,Eelektross,1,1
Electrode,Swablu,Electrode,1,1
Cinderace,Mesprit,Mesprit,0,3
Musharna,Nacli,Musharna,1,1
Shaymin-Land,Ting-Lu,Shaymin-Land,1,3
Silcoon,Liepard,Liepard,0,1
Serperior,Ribombee,Ribombee,0,3
Froakie,Vullaby,Vullaby,0,2
Whismur,Tapu-Fini,Tapu-Fini,0,1
Liepard,Geodude,Liepard,1,1
Walrein,Amoonguss,Walrein,1,2
Litleo,Sprigatito,Litleo,1,1
Vibrava,Finneon,Finneon,0,1
Infernape,Spiritomb,Infernape,1,3
Kricketune,Nidorino,Nidorino,0,3
Skiploom,Hippowdon,Hippowdon,0,1
Solosis,Scorbunny,Solosis,1,1
Garbodor,Floragato,Garbodor,1,1
Arbok,Skitty,Arbok,1,1
Guzzlord,Spinda,Guzzlord,1,2
Yanmega,Hippopotas,Yanmega,1,1
Aggron,Fraxure,Aggron,1,2
Basculegion-Male,Beartic,Basculegion-Male,1,3
Hippowdon,Zekrom,Zekrom,0,2
Vanillite,Dragonite,Dragonite,0,1
Whirlipede,Golurk,Golurk,0,2
Trubbish,Koraidon,Koraidon,0,2
Tentacruel,Chewtle,Tentacruel,1,2
Sandile,Charjabug,Charjabug,0,1
Blastoise,Walking-Wake,Walking-Wake,0,3
Monferno,Shaymin-Land,Shaymin-Land,0,3
Heliolisk,Scatterbug,Heliolisk,1,1
Honchkrow,Litten,Honchkrow,1,1
Dodrio,Sandshrew,Dodrio,1,1
Pyukumuku,Misdreavus,Misdreavus,0,5
Bonsly,Wooper,Wooper,0,2
Carbink,Swablu,Carbink,1,2
Crocalor,Absol,Crocalor,1,2
Beldum,Togepi,Beldum,1,1
Lunatone,Sigilyph,Lunatone,1,2
Shiftry,Dondozo,Shiftry,1,3
Totodile,Eelektrik,Eelektrik,0,1
Stantler,Toedscool,Stantler,1,1
Arceus,Glaceon,Arceus,1,3
Krokorok,Basculin-Red-Striped,Basculin-Red-Striped,0,1
Infernape,Scizor,Infernape,1,1
Carnivine,Grapploct,Grapploct,0,2
Marill,Brute-Bonnet,Brute-Bonnet,0,1
Patrat,Zweilous,Zweilous,0,2
Centiskorch,Kricketot,Centiskorch,1,1
Weepinbell,Arctibax,Arctibax,0,2
Empoleon,Litleo,Empoleon,1,1
Slowking,Regirock,Slowking,1,2
Diglett,Zangoose,Zangoose,0,1
Timburr,Meowth,Timburr,1,1
Lampent,Lairon,Lairon,0,1
Helioptile,Emolga,Emolga,0,2
Toxtricity-Amped,Tinkaton,Toxtricity-Amped,1,4
Silicobra,Uxie,Uxie,0,2
Lycanroc-Midday,Zacian,Zacian,0,3
Stonjourner,Weezing,Weezing,0,2
Heatmor,Sandygast,Heatmor,1,1
Kingambit,Wailord,Wailord,0,4
Toucannon,Purugly,Toucannon,1,2
Rookidee,Zekrom,Zekrom,0,1
Whismur,Woobat,Woobat,0,1
Wooloo,Solrock,Solrock,0,1
Veluza,Excadrill,Excadrill,0,2
Swablu,Volcanion,Volcanion,0,1
Silcoon,Cubchoo,Cubchoo,0,1
Thundurus-Incarnate,Cetitan,Thundurus-Incarnate,1,3
Turtonator,Tinkaton,Turtonator,1,2
Groudon,Tropius,Groudon,1,2
Lanturn,Kadabra,Lanturn,1,2
Pyroar-Male,Blacephalon,Blacephalon,0,3
Metang,Poipole,Metang,1,2
Wugtrio,Chingling,Wugtrio,1,2
Simipour,Carnivine,Simipour,1,2
Nymble,Poliwhirl,Poliwhirl,0,1
Solrock,Panpour,Solrock,1,1
Ogerpon,Charizard,Charizard,0,2
Shinx,Blissey,Blissey,0,2
Vulpix,Tinkatink,Vulpix,1,2
Sunkern,Koffing,Koffing,0,1
Zubat,Cyclizar,Cyclizar,0,1
Cinccino,Vulpix,Cinccino,1,1
Latios,Gligar,Latios,1,1
Golisopod,Purrloin,Golisopod,1,1
Rhydon,Misdreavus,Misdreavus,0,2
Beheeyem,Marowak,Beheeyem,1,2
Politoed,Toucannon,Politoed,1,2
Munchlax,Mew,Mew,0,4
Sableye,Munkidori,Munkidori,0,2
Blipbug,Wobbuffet,Wobbuffet,0,1
Trumbeak,Golem,Golem,0,1
Totodile,Finneon,Totodile,1,3
Buzzwole,Machamp,Buzzwole,1,3
Togekiss,Volcarona,Volcarona,0,3
Clawitzer,Lurantis,Clawitzer,1,2
Gumshoos,Muk,Muk,0,3
Mienshao,Durant,Durant,0,2
Clefairy,Dubwool,Dubwool,0,2
Monferno,Grumpig,Grumpig,0,1
Tinkatink,Turtwig,Tinkatink,1,3
Drifblim,Slowking,Drifblim,1,2
Granbull,Forretress,Forretress,0,2
Sunkern,Frosmoth,Frosmoth,0,1
Slurpuff,Darmanitan-Standard,Darmanitan-Standard,0,3
Staravia,Infernape,Infernape,0,1
Impidimp,Sandygast,Impidimp,1,1
Poochyena,Wattrel,Wattrel,0,1
Igglybuff,Garbodor,Garbodor,0,1
Lunatone,Ursaluna,Ursaluna,0,1
Urshifu-Single-Strike,Iron-Bundle,Urshifu-Single-Strike,1,1
Geodude,Cyclizar,Cyclizar,0,1
Kingler,Lillipup,Kingler,1,1
Eevee,Prinplup,Prinplup,0,2
Drilbur,Infernape,Infernape,0,1
Thwackey,Nidorino,Nidorino,0,2
Xatu,Hypno,Hypno,0,2
Chewtle,Grovyle,Grovyle,0,1
Squawkabilly-Green-Plumage,Pichu,Squawkabilly-Green-Plumage,1,1
Sealeo,Scolipede,Scolipede,0,3
Lairon,Overqwil,Overqwil,0,2
Wartortle,Spritzee,Spritzee,0,3
Articuno,Timburr,Articuno,1,1
Regice,Clefable,Regice,1,4
Croagunk,Beautifly,Beautifly,0,1
Aegislash-Shield,Purugly,Aegislash-Shield,1,4
Houndoom,Meowscarada,Houndoom,1,1
Machoke,Torracat,Machoke,1,2
Cradily,Sceptile,Cradily,1,2
Typhlosion,Flabebe,Typhlosion,1,2
Xatu,Delcatty,Xatu,1,2
Snubbull,Slither-Wing,Slither-Wing,0,2
Golisopod,Thievul,Golisopod,1,1
Kabutops,Impidimp,Kabutops,1,1
Fomantis,Orbeetle,Orbeetle,0,1
Mantine,Tinkatuff,Mantine,1,3
Roselia,Arctozolt,Arctozolt,0,1
Girafarig,Pansage,Girafarig,1,1
Raichu,Sizzlipede,Raichu,1,2
Chewtle,Vanillite,Chewtle,1,2
Gourgeist-Average,Shieldon,Gourgeist-Average,1,2
Sandy-Shocks,Bombirdier,Sandy-Shocks,1,1
Nosepass,Elgyem,Elgyem,0,2
Crabrawler,Incineroar,Crabrawler,1,2
Mienshao,Bronzor,Mienshao,1,2
Chi-Yu,Iron-Crown,Chi-Yu,1,2
Yungoos,Ceruledge,Ceruledge,0,1
Golisopod,Maschiff,Golisopod,1,1
Gorebyss,Pawmi,Gorebyss,1,1
Palpitoad,Chandelure,Chandelure,0,2
Teddiursa,Golisopod,Golisopod,0,2
Whirlipede,Metagross,Metagross,0,1
Staravia,Raboot,Raboot,0,2
Iron-Moth,Kommo-O,Iron-Moth,1,2
Brionne,Jynx,Jynx,0,2
Excadrill,Keldeo-Ordinary,Keldeo-Ordinary,0,2
Zorua,Komala,Komala,0,1
Slurpuff,Lotad,Slurpuff,1,1
Victreebel,Marshadow,Marshadow,0,2
Magmortar,Jirachi,Magmortar,1,2
Gastrodon,Quaxwell,Gastrodon,1,3
Kingambit,Rampardos,Kingambit,1,1
Toxel,Banette,Banette,0,1
Pinsir,Crabominable,Crabominable,0,3
Kricketot,Flaaffy,Flaaffy,0,1
Sudowoodo,Altaria,Sudowoodo,1,2
Mareep,Bronzor,Mareep,1,3
Wiglett,Masquerain,Masquerain,0,1
Darkrai,Shiinotic,Darkrai,1,2
Keldeo-Ordinary,Skarmory,Keldeo-Ordinary,1,2
Delcatty,Luvdisc,Delcatty,1,2
Vigoroth,Maschiff,Vigoroth,1,2
Marshtomp,Meloetta-Aria,Meloetta-Aria,0,2
Charjabug,Mienfoo,Charjabug,1,2
Eevee,Absol,Absol,0,2
Aggron,Cobalion,Cobalion,0,2
Linoone,Tympole,Linoone,1,2
Stonjourner,Starmie,Starmie,0,1
Nickit,Cherrim,Cherrim,0,1
Wurmple,Slowbro,Slowbro,0,1
Armarouge,Pyroar-Male,Armarouge,1,2
Escavalier,Mothim,Escavalier,1,2
Spritzee,Blaziken,Blaziken,0,2
Quilava,Politoed,Politoed,0,1
Kleavor,Igglybuff,Kleavor,1,1
Sizzlipede,Machoke,Machoke,0,2
Jolteon,Iron-Boulder,Iron-Boulder,0,2
Klefki,Lilligant,Klefki,1,3
Crawdaunt,Swinub,Crawdaunt,1,1
Ninetales,Komala,Komala,0,2
Quagsire,Orthworm,Quagsire,1,3
Eiscue-Ice,Necrozma,Necrozma,0,3
Granbull,Squirtle,Granbull,1,2
Taillow,Dreepy,Taillow,1,1
Binacle,Uxie,Uxie,0,2
Clefairy,Nincada,Clefairy,1,1
Pincurchin,Venomoth,Venomoth,0,3
Lokix,Druddigon,Lokix,1,3
Glastrier,Nidorina,Glastrier,1,3
Glimmet,Morgrem,Morgrem,0,2
Liepard,Budew,Liepard,1,1
Aipom,Rattata,Aipom,1,1
Lumineon,Deerling,Lumineon,1,2
Electabuzz,Phantump,Electabuzz,1,1
Terapagos,Swinub,Terapagos,1,2
Cascoon,Entei,Entei,0,1
Magearna,Blipbug,Magearna,1,1
Raticate,Dhelmise,Dhelmise,0,2
Darkrai,Toedscruel,Darkrai,1,1
Jangmo-O,Joltik,Joltik,0,2
Graveler,Rayquaza,Rayquaza,0,1
Litten,Iron-Valiant,Iron-Valiant,0,1
Quagsire,Cherrim,Cherrim,0,1
Kricketot,Eiscue-Ice,Eiscue-Ice,0,1
Wobbuffet,Feebas,Wobbuffet,1,1
Cursola,Pangoro,Pangoro,0,3
Mimikyu-Disguised,Heracross,Mimikyu-Disguised,1,3
Smoochum,Fennekin,Fennekin,0,1
Bellibolt,Ivysaur,Bellibolt,1,2
Boltund,Annihilape,Annihilape,0,2
Staraptor,Leafeon,Staraptor,1,2
Tinkaton,Ogerpon,Tinkaton,1,4
Brute-Bonnet,Vanillish,Brute-Bonnet,1,2
Tapu-Fini,Manectric,Manectric,0,2
Tornadus-Incarnate,Serperior,Tornadus-Incarnate,1,2
Primeape,Electabuzz,Electabuzz,0,2
Chandelure,Victini,Victini,0,3
Escavalier,Swadloon,Escavalier,1,1
Dedenne,Magby,Dedenne,1,2
Leafeon,Venomoth,Venomoth,0,2
Pheromosa,Zygarde-50,Pheromosa,1,2
Altaria,Pawmot,Pawmot,0,2
Latios,Accelgor,Accelgor,0,2
Heatran,Machop,Heatran,1,1
Pyroar-Male,Ferroseed,Pyroar-Male,1,1
Copperajah,Iron-Moth,Iron-Moth,0,2
Huntail,Nickit,Huntail,1,1
Voltorb,Jynx,Jynx,0,1
Skitty,Boltund,Boltund,0,1
Dialga,Eevee,Dialga,1,1
Inteleon,Registeel,Inteleon,1,4
Mudbray,Yveltal,Yveltal,0,1
Bastiodon,Octillery,Octillery,0,2
Palkia,Giratina-Altered,Palkia,1,3
Helioptile,Makuhita,Makuhita,0,1
Mareep,Cobalion,Cobalion,0,2
Eelektrik,Hypno,Hypno,0,3
Passimian,Petilil,Passimian,1,1
Ledian,Kyogre,Kyogre,0,2
Ambipom,Wormadam-Plant,Ambipom,1,2
Glimmet,Slither-Wing,Slither-Wing,0,1
Porygon-Z,Gimmighoul,Porygon-Z,1,2
Magikarp,Kubfu,Kubfu,0,1
Serperior,Aegislash-Shield,Aegislash-Shield,0,4
Enamorus-Incarnate,Beartic,Beartic,0,2
Krabby,Solrock,Solrock,0,1
Hitmonlee,Barbaracle,Hitmonlee,1,2
Poltchageist,Azelf,Azelf,0,1
Jigglypuff,Xerneas,Xerneas,0,1
Whimsicott,Kleavor,Kleavor,0,2
Wattrel,Feebas,Wattrel,1,1
Liepard,Leavanny,Leavanny,0,1
Thwackey,Grumpig,Grumpig,0,2
Salamence,Rowlet,Salamence,1,1
Rhyperior,Pumpkaboo-Average,Rhyperior,1,1
Grimmsnarl,Pyroar-Male,Pyroar-Male,0,3
Polteageist,Kabutops,Kabutops,0,2
Venonat,Rotom,Rotom,0,2
Skorupi,Skuntank,Skuntank,0,2
Blastoise,Skwovet,Blastoise,1,2
Zamazenta,Whismur,Zamazenta,1,1
Enamorus-Incarnate,Incineroar,Enamorus-Incarnate,1,3
Kyurem,Oinkologne-Male,Kyurem,1,2
Escavalier,Hitmonchan,Escavalier,1,2
Cherubi,Toxtricity-Amped,Toxtricity-Amped,0,1
Gastly,Tentacool,Tentacool,0,1
Torterra,Grotle,Torterra,1,3
Venonat,Duosion,Duosion,0,1
Aron,Keldeo-Ordinary,Keldeo-Ordinary,0,1
Ralts,Bidoof,Bidoof,0,1
Patrat,Pincurchin,Pincurchin,0,1
Psyduck,Lokix,Lokix,0,1
Poochyena,Glalie,Glalie,0,1
Wimpod,Silcoon,Silcoon,0,2
Slowbro,Poliwrath,Slowbro,1,2
Bibarel,Starmie,Starmie,0,2
Gothorita,Volcanion,Volcanion,0,2
Cofagrigus,Ledyba,Cofagrigus,1,1
Volbeat,Mr-Rime,Volbeat,1,2
Sliggoo,Granbull,Granbull,0,2
Krokorok,Goldeen,Krokorok,1,2
Shieldon,Bellibolt,Bellibolt,0,2
Seel,Carvanha,Seel,1,2
Fearow,Shelgon,Fearow,1,2
Swellow,Floragato,Swellow,1,1
Landorus-Incarnate,Sandile,Landorus-Incarnate,1,1
Unfezant,Masquerain,Unfezant,1,1
Swalot,Purugly,Swalot,1,3
Natu,Pangoro,Pangoro,0,1
Ekans,Sudowoodo,Sudowoodo,0,1
Lugia,Tynamo,Lugia,1,1
Phanpy,Minun,Phanpy,1,1
Machamp,Silvally,Machamp,1,2
Feraligatr,Wooloo,Feraligatr,1,1
Quilava,Okidogi,Okidogi,0,2
Klinklang,Fennekin,Klinklang,1,1
Chingling,Ampharos,Ampharos,0,1
Combusken,Braixen,Combusken,1,2
Mimikyu-Disguised,Sirfetchd,Mimikyu-Disguised,1,2
Giratina-Altered,Shelmet,Giratina-Altered,1,2
Toucannon,Chinchou,Toucannon,1,1
Klang,Scrafty,Scrafty,0,2
Espeon,Froakie,Espeon,1,1
Unown,Charjabug,Charjabug,0,1
Venonat,Lokix,Lokix,0,2
Skorupi,Mew,Mew,0,1
Munchlax,Frillish-Male,Frillish-Male,0,7
Fezandipiti,Cascoon,Fezandipiti,1,1
Guzzlord,Grotle,Guzzlord,1,2
Galvantula,Breloom,Galvantula,1,2
Kecleon,Mandibuzz,Mandibuzz,0,3
Nidoran-F,Woobat,Woobat,0,1
Trubbish,Floette,Trubbish,1,1
Jangmo-O,Whismur,Jangmo-O,1,2
Duosion,Morpeko-Full-Belly,Morpeko-Full-Belly,0,2
Whiscash,Skitty,Whiscash,1,1
Huntail,Medicham,Huntail,1,2
Vulpix,Blitzle,Blitzle,0,2
Ampharos,Durant,Ampharos,1,1
Morpeko-Full-Belly,Shiinotic,Shiinotic,0,1
Castform,Cranidos,Castform,1,2
Ursaluna,Decidueye,Decidueye,0,3
Oinkologne-Male,Marshadow,Marshadow,0,2
Hippowdon,Azumarill,Azumarill,0,3
Prinplup,Happiny,Prinplup,1,1
Greninja,Natu,Greninja,1,1
Maushold-Family-Of-Four,Pelipper,Pelipper,0,3
Tirtouga,Breloom,Breloom,0,1
Tympole,Qwilfish,Qwilfish,0,1
Deino,Linoone,Linoone,0,2
Swablu,Cosmoem,Cosmoem,0,4
Dragalge,Binacle,Dragalge,1,2
Audino,Malamar,Audino,1,5
Electivire,Togepi,Electivire,1,1
Togekiss,Combee,Togekiss,1,1
Prinplup,Mankey,Prinplup,1,1
Garganacl,Regice,Garganacl,1,2
Shuckle,Annihilape,Annihilape,0,2
Dachsbun,Minccino,Dachsbun,1,2
Magby,Escavalier,Escavalier,0,1
Minun,Oricorio-Baile,Minun,1,2
Boltund,Starmie,Boltund,1,2
Corphish,Wishiwashi-Solo,Corphish,1,1
Phanpy,Meowscarada,Meowscarada,0,1
Zeraora,Rockruff,Zeraora,1,1
Naclstack,Whimsicott,Whimsicott,0,1
Bayleef,Seismitoad,Seismitoad,0,2
Grimer,Ho-Oh,Ho-Oh,0,2
Wartortle,Comfey,Comfey,0,3
Oshawott,Bombirdier,Bombirdier,0,1
Raging-Bolt,Kricketot,Raging-Bolt,1,1
Gloom,Cyndaquil,Cyndaquil,0,2
Porygon,Murkrow,Porygon,1,1
Swalot,Seismitoad,Seismitoad,0,2
Yanmega,Roaring-Moon,Yanmega,1,2
Giratina-Altered,Wiglett,Giratina-Altered,1,1
Vulpix,Sprigatito,Vulpix,1,1
Vanillish,Calyrex,Calyrex,0,2
Hoppip,Croconaw,Croconaw,0,1
Avalugg,Bayleef,Bayleef,0,3
Dragonite,Ursaring,Ursaring,0,2
Dugtrio,Dartrix,Dartrix,0,1
Sliggoo,Absol,Absol,0,2
Mandibuzz,Krabby,Mandibuzz,1,1
Vileplume,Inteleon,Vileplume,1,1
Wooper,Treecko,Treecko,0,1
Lileep,Wobbuffet,Wobbuffet,0,5
Talonflame,Clefairy,Talonflame,1,2
Raikou,Zamazenta,Zamazenta,0,3
Starly,Amaura,Amaura,0,1
Appletun,Carnivine,Carnivine,0,2
Iron-Treads,Skorupi,Iron-Treads,1,2
Machamp,Alcremie,Alcremie,0,2
Brionne,Aipom,Brionne,1,2
Wyrdeer,Ursaring,Wyrdeer,1,3
Wishiwashi-Solo,Glimmora,Glimmora,0,1
Silicobra,Corviknight,Corviknight,0,2
Glimmet,Doublade,Doublade,0,1
Poliwrath,Yveltal,Yveltal,0,2
Gogoat,Salamence,Salamence,0,2
Vullaby,Voltorb,Voltorb,0,2
Arctovish,Shedinja,Arctovish,1,1
Phione,Blaziken,Phione,1,2
Charjabug,Remoraid,Charjabug,1,1
Spheal,Remoraid,Spheal,1,2
Skorupi,Iron-Boulder,Iron-Boulder,0,1
Latios,Zorua,Latios,1,1
Dragalge,Klawf,Dragalge,1,2
Trubbish,Excadrill,Excadrill,0,1
Spiritomb,Bramblin,Spiritomb,1,1
Numel,Rayquaza,Rayquaza,0,1
Growlithe,Greedent,Greedent,0,1
Lanturn,Grapploct,Grapploct,0,3
Tympole,Dusknoir,Dusknoir,0,1
Drilbur,Scraggy,Drilbur,1,2
Swellow,Drifloon,Swellow,1,2
Chandelure,Grookey,Chandelure,1,1
Bronzong,Bellossom,Bronzong,1,3
Nuzleaf,Volbeat,Volbeat,0,1
Arctozolt,Glaceon,Arctozolt,1,3
Houndstone,Nidoran-M,Houndstone,1,1
Sawsbuck,Combusken,Sawsbuck,1,2
Pidgey,Vaporeon,Vaporeon,0,1
Flareon,Shiftry,Flareon,1,2
Raboot,Cramorant,Cramorant,0,1
Happiny,Drednaw,Drednaw,0,1
Nidoqueen,Nidoking,Nidoking,0,2
Mareep,Necrozma,Necrozma,0,1
Xurkitree,Hippopotas,Xurkitree,1,1
Morgrem,Wimpod,Morgrem,1,1
Chespin,Reuniclus,Reuniclus,0,1
Steelix,Corvisquire,Steelix,1,2
Grumpig,Torchic,Grumpig,1,1
Eevee,Watchog,Watchog,0,2
Ariados,Togekiss,Togekiss,0,2
Elgyem,Eelektross,Eelektross,0,2
Diggersby,Gligar,Diggersby,1,2
Volcanion,Salazzle,Volcanion,1,1
Flamigo,Wailord,Wailord,0,2
Garchomp,Iron-Boulder,Iron-Boulder,0,2
Psyduck,Druddigon,Druddigon,0,2
Guzzlord,Hitmonchan,Hitmonchan,0,3
Durant,Thwackey,Durant,1,1
Stunfisk,Nidoran-M,Stunfisk,1,1
Ivysaur,Cobalion,Cobalion,0,2
Glastrier,Bouffalant,Glastrier,1,2
Clamperl,Lunala,Lunala,0,1
Kricketot,Unfezant,Unfezant,0,1
Igglybuff,Whirlipede,Whirlipede,0,1
Flittle,Chespin,Chespin,0,1
Pidove,Nidoqueen,Nidoqueen,0,1
Corvisquire,Aggron,Aggron,0,1
Noivern,Quilladin,Noivern,1,2
Orthworm,Uxie,Uxie,0,4
Gallade,Wo-Chien,Gallade,1,2
Grimer,Toxel,Grimer,1,1
Frosmoth,Heatmor,Heatmor,0,1
Monferno,Gimmighoul,Monferno,1,2
Moltres,Cranidos,Moltres,1,1
Araquanid,Braviary,Braviary,0,1
Growlithe,Haxorus,Haxorus,0,2
Dartrix,Azurill,Dartrix,1,1
Cutiefly,Pikipek,Cutiefly,1,1
Slaking,Shieldon,Slaking,1,4
Torkoal,Whiscash,Whiscash,0,2
Walrein,Shedinja,Walrein,1,1
Sprigatito,Blaziken,Blaziken,0,1
Thwackey,Buneary,Thwackey,1,2
Blissey,Lairon,Lairon,0,2
Muk,Tinkatuff,Muk,1,5
Piplup,Slurpuff,Slurpuff,0,2
Quaxwell,Stoutland,Stoutland,0,2
Arbok,Claydol,Claydol,0,2
Kyurem,Camerupt,Kyurem,1,2
Tranquill,Lopunny,Lopunny,0,2
Shroomish,Tornadus-Incarnate,Tornadus-Incarnate,0,1
Tapu-Lele,Jigglypuff,Tapu-Lele,1,1
Mantine,Shiinotic,Mantine,1,3
Clefairy,Linoone,Linoone,0,2
Deoxys-Normal,Articuno,Articuno,0,2
Porygon2,Floette,Porygon2,1,2
Krookodile,Bellibolt,Krookodile,1,2
Pichu,Uxie,Uxie,0,1
Spinarak,Gulpin,Gulpin,0,3
Magmar,Galvantula,Magmar,1,1
Wormadam-Plant,Rabsca,Rabsca,0,2
Komala,Golisopod,Golisopod,0,2
Drizzile,Klawf,Drizzile,1,1
Tentacruel,Marshadow,Marshadow,0,2
Rhyperior,Whirlipede,Rhyperior,1,1
Helioptile,Vullaby,Helioptile,1,2
Morpeko-Full-Belly,Grumpig,Morpeko-Full-Belly,1,3
Chikorita,Tirtouga,Chikorita,1,1
Accelgor,Lilligant,Accelgor,1,2
Kingdra,Smoliv,Kingdra,1,1
Glimmet,Ursaluna,Ursaluna,0,1
Purugly,Electivire,Electivire,0,2
Magneton,Zarude,Zarude,0,2
Zamazenta,Frillish-Male,Zamazenta,1,7
Throh,Flabebe,Throh,1,1
Emolga,Hydrapple,Hydrapple,0,1
Flabebe,Scizor,Scizor,0,1
Wynaut,Servine,Servine,0,4
Pidgeot,Scatterbug,Pidgeot,1,1
Metagross,Azelf,Metagross,1,2
Grubbin,Beedrill,Beedrill,0,2
Bronzor,Hitmonchan,Hitmonchan,0,2
Krookodile,Zacian,Zacian,0,2
Girafarig,Tauros,Tauros,0,2
Togetic,Sylveon,Sylveon,0,2
Wormadam-Plant,Arboliva,Arboliva,0,2
Spinda,Hippowdon,Hippowdon,0,2
Dunsparce,Vanillite,Dunsparce,1,2
Krabby,Flapple,Flapple,0,1
Meganium,Zeraora,Zeraora,0,3
Regice,Blissey,Regice,1,2
Overqwil,Machoke,Overqwil,1,2
Vanilluxe,Kingambit,Kingambit,0,1
Quilladin,Klang,Klang,0,2
Ursaluna,Paras,Ursaluna,1,1
Meowscarada,Lugia,Lugia,0,2
Lopunny,Gourgeist-Average,Lopunny,1,3
Chansey,Swadloon,Swadloon,0,1
Azurill,Donphan,Donphan,0,1
Pidove,Rayquaza,Rayquaza,0,1
Nidoran-M,Shelgon,Shelgon,0,2
Blaziken,Ninjask,Blaziken,1,1
Zigzagoon,Poliwag,Poliwag,0,2
Silicobra,Happiny,Silicobra,1,1
Beartic,Floragato,Beartic,1,2
Sandslash,Ledian,Sandslash,1,2
Kadabra,Oricorio-Baile,Oricorio-Baile,0,1
Leavanny,Eelektrik,Leavanny,1,2
Cramorant,Hattrem,Cramorant,1,2
Thundurus-Incarnate,Ralts,Thundurus-Incarnate,1,1
Flaaffy,Wugtrio,Flaaffy,1,1
Mabosstiff,Cacnea,Mabosstiff,1,1
Piloswine,Type-Null,Piloswine,1,3
Quaxly,Hariyama,Hariyama,0,1
Togekiss,Enamorus-Incarnate,Togekiss,1,2
Delphox,Crabominable,Delphox,1,2
Golduck,Celesteela,Celesteela,0,3
Exploud,Heatran,Heatran,0,3
Primarina,Vanillite,Primarina,1,1
Sinistea,Watchog,Watchog,0,3
Gimmighoul,Naclstack,Naclstack,0,2
Drizzile,Zekrom,Zekrom,0,1
Tarountula,Poipole,Poipole,0,1
Latios,Diggersby,Latios,1,2
Ambipom,Sneasler,Sneasler,0,1
Swellow,Tornadus-Incarnate,Tornadus-Incarnate,0,1
Gulpin,Farigiraf,Farigiraf,0,1
Venusaur,Lairon,Venusaur,1,2
Gimmighoul,Wormadam-Plant,Wormadam-Plant,0,2
Dartrix,Poochyena,Dartrix,1,1
Wynaut,Type-Null,Type-Null,0,3
Bidoof,Wooper,Bidoof,1,3
Bellsprout,Diancie,Diancie,0,1
Eelektrik,Horsea,Eelektrik,1,1
Weavile,Raikou,Raikou,0,2
Ekans,Pichu,Ekans,1,1
Shelmet,Purrloin,Shelmet,1,1
Cubchoo,Ninetales,Ninetales,0,1
Charmander,Magnezone,Magnezone,0,1
Furret,Metagross,Metagross,0,2
Grookey,Mime-Jr,Grookey,1,1
Fidough,Flamigo,Flamigo,0,1
Maschiff,Xerneas,Xerneas,0,1
Smoliv,Regidrago,Regidrago,0,1
Dudunsparce-Two-Segment,Pyroar-Male,Dudunsparce-Two-Segment,1,3
Stoutland,Arctozolt,Stoutland,1,3
Krokorok,Cherrim,Cherrim,0,1
Weepinbell,Slowbro,Slowbro,0,1
Garganacl,Hattrem,Garganacl,1,2
Steelix,Tentacruel,Tentacruel,0,2
Froakie,Iron-Jugulis,Iron-Jugulis,0,1
Gulpin,Shelmet,Gulpin,1,4
Wattrel,Leavanny,Leavanny,0,1
Sigilyph,Lugia,Lugia,0,2
Lairon,Arbok,Lairon,1,2
Scizor,Poochyena,Scizor,1,1
Oshawott,Weezing,Weezing,0,2
Golett,Piplup,Piplup,0,1
Silvally,Totodile,Silvally,1,2
Ariados,Yamper,Ariados,1,2
Tapu-Koko,Sobble,Tapu-Koko,1,1
Magcargo,Lotad,Magcargo,1,1
Falinks,Volbeat,Falinks,1,3
Bombirdier,Litten,Bombirdier,1,1
Omastar,Uxie,Uxie,0,3
Hitmontop,Jynx,Jynx,0,1
Dodrio,Xurkitree,Xurkitree,0,1
Ivysaur,Zoroark,Zoroark,0,2
Silicobra,Azumarill,Azumarill,0,1
Galvantula,Spectrier,Spectrier,0,2
Meowstic-Male,Binacle,Meowstic-Male,1,2
Kyogre,Feebas,Kyogre,1,1
Roserade,Cleffa,Roserade,1,1
Oshawott,Gigalith,Gigalith,0,1
Tyrogue,Cobalion,Cobalion,0,1
Maushold-Family-Of-Four,Buizel,Maushold-Family-Of-Four,1,2
Plusle,Chinchou,Plusle,1,2
Pidgeotto,Morpeko-Full-Belly,Morpeko-Full-Belly,0,1
Flutter-Mane,Machop,Flutter-Mane,1,1
Lampent,Rabsca,Lampent,1,2
Mantine,Sewaddle,Mantine,1,1
Pyukumuku,Gardevoir,Gardevoir,0,3
Lickilicky,Mimikyu-Disguised,Lickilicky,1,5
Pawniard,Archen,Pawniard,1,1
Scyther,Slaking,Slaking,0,2
Dusknoir,Anorith,Dusknoir,1,1
Applin,Dewpider,Dewpider,0,1
Staryu,Chandelure,Chandelure,0,1
Tangrowth,Natu,Tangrowth,1,1
Braixen,Tapu-Fini,Tapu-Fini,0,1
Hatterene,Serperior,Hatterene,1,2
Ting-Lu,Ribombee,Ting-Lu,1,2
Mantine,Duskull,Mantine,1,1
Wurmple,Sigilyph,Sigilyph,0,1
Froslass,Blastoise,Blastoise,0,3
Golisopod,Raikou,Raikou,0,2
Eevee,Helioptile,Eevee,1,1
Maushold-Family-Of-Four,Helioptile,Maushold-Family-Of-Four,1,1
Gumshoos,Boldore,Boldore,0,2
Klink,Muk,Muk,0,4
Victini,Tsareena,Victini,1,2
Barbaracle,Bellsprout,Barbaracle,1,1
Armarouge,Roselia,Armarouge,1,1
Beldum,Ursaluna,Ursaluna,0,1
Toedscruel,Corsola,Toedscruel,1,1
Togedemaru,Goomy,Togedemaru,1,1
Indeedee-Male,Palpitoad,Indeedee-Male,1,2
Riolu,Swellow,Swellow,0,1
Nihilego,Golbat,Nihilego,1,2
Wailord,Arctozolt,Arctozolt,0,2
Paras,Qwilfish,Qwilfish,0,1
Armarouge,Flaaffy,Armarouge,1,2
Magmortar,Salamence,Magmortar,1,1
Shiftry,Sunkern,Shiftry,1,1
Bayleef,Meloetta-Aria,Meloetta-Aria,0,2
Scrafty,Dipplin,Scrafty,1,2
Unown,Servine,Servine,0,2
Sawk,Glameow,Sawk,1,1
Empoleon,Seedot,Empoleon,1,1
Eldegoss,Virizion,Virizion,0,3
Clefairy,Vikavolt,Vikavolt,0,2
Nymble,Sandslash,Sandslash,0,1
Archaludon,Magnemite,Archaludon,1,1
Totodile,Clefable,Clefable,0,1
Popplio,Lickitung,Lickitung,0,2
Weezing,Brambleghast,Weezing,1,2
Poliwhirl,Frogadier,Poliwhirl,1,3
Barraskewda,Audino,Audino,0,3
Joltik,Cryogonal,Cryogonal,0,2
Chingling,Cofagrigus,Cofagrigus,0,1
Golett,Weavile,Weavile,0,2
Pyukumuku,Sizzlipede,Pyukumuku,1,2
Skuntank,Grotle,Skuntank,1,2
Sandslash,Hippowdon,Hippowdon,0,2
Yungoos,Cottonee,Cottonee,0,2
Meltan,Arctibax,Arctibax,0,1
Swanna,Dudunsparce-Two-Segment,Dudunsparce-Two-Segment,0,2
Drapion,Deerling,Drapion,1,1
Rhyperior,Bastiodon,Rhyperior,1,1
Ursaring,Tapu-Fini,Tapu-Fini,0,3
Dunsparce,Tinkatuff,Tinkatuff,0,5
Klinklang,Rayquaza,Klinklang,1,2
Muk,Baltoy,Muk,1,2
Butterfree,Bellsprout,Butterfree,1,1
Squawkabilly-Green-Plumage,Chikorita,Squawkabilly-Green-Plumage,1,1
Milotic,Rockruff,Milotic,1,1
Azurill,Natu,Natu,0,2
Braviary,Minior-Red-Meteor,Braviary,1,3
Alomomola,Karrablast,Alomomola,1,2
Exeggcute,Zubat,Exeggcute,1,1
Pyroar-Male,Tinkaton,Pyroar-Male,1,2
Skuntank,Articuno,Articuno,0,3
Wishiwashi-Solo,Swirlix,Swirlix,0,1
Archeops,Mr-Mime,Archeops,1,1
Rookidee,Tauros,Tauros,0,1
Chatot,Krokorok,Chatot,1,1
Aerodactyl,Scyther,Aerodactyl,1,1
Zigzagoon,Bombirdier,Bombirdier,0,1
Surskit,Corviknight,Corviknight,0,1
Cinderace,Hippowdon,Hippowdon,0,2
Huntail,Gligar,Huntail,1,1
Bonsly,Lucario,Lucario,0,1
Dottler,Simipour,Simipour,0,2
Mudkip,Dhelmise,Dhelmise,0,1
Perrserker,Lairon,Perrserker,1,3
Crabrawler,Bergmite,Crabrawler,1,2
Torkoal,Farfetchd,Torkoal,1,2
Milcery,Amoonguss,Amoonguss,0,1
Shuppet,Darmanitan-Standard,Darmanitan-Standard,0,2
Houndour,Sinistea,Houndour,1,1
Whirlipede,Fraxure,Fraxure,0,3
Rillaboom,Beheeyem,Beheeyem,0,2
Marshtomp,Whiscash,Whiscash,0,3
Doduo,Carbink,Carbink,0,1
Frosmoth,Quilladin,Frosmoth,1,1
Dusclops,Phione,Phione,0,3
Pheromosa,Sawk,Pheromosa,1,2
Vikavolt,Toxapex,Vikavolt,1,1
Luvdisc,Darmanitan-Standard,Darmanitan-Standard,0,1
Alakazam,Raboot,Alakazam,1,2
Cinderace,Komala,Cinderace,1,3
Nickit,Kricketot,Kricketot,0,1
Maractus,Miltank,Miltank,0,3
Bidoof,Electabuzz,Electabuzz,0,2
Guzzlord,Beautifly,Guzzlord,1,1
Marill,Alakazam,Alakazam,0,2
Loudred,Gengar,Gengar,0,2
Vivillon,Palafin-Zero,Palafin-Zero,0,3
Bombirdier,Meltan,Bombirdier,1,2
Sigilyph,Farigiraf,Farigiraf,0,2
Cacnea,Zygarde-50,Zygarde-50,0,1
Watchog,Incineroar,Incineroar,0,3
Wooloo,Joltik,Joltik,0,2
Simisear,Seadra,Seadra,0,1
Timburr,Flittle,Flittle,0,1
Lugia,Corphish,Lugia,1,1
Vulpix,Floette,Floette,0,3
Grovyle,Pachirisu,Pachirisu,0,2
Snom,Armaldo,Armaldo,0,1
Roaring-Moon,Kyurem,Kyurem,0,2
Zebstrika,Polteageist,Polteageist,0,3
Calyrex,Monferno,Calyrex,1,1
Togetic,Zorua,Togetic,1,1
Starly,Shelgon,Shelgon,0,1
Kleavor,Grimmsnarl,Kleavor,1,2
Herdier,Walking-Wake,Walking-Wake,0,2
Sizzlipede,Seel,Seel,0,2
Solrock,Kingler,Solrock,1,2
Ninjask,Ducklett,Ninjask,1,2
Dartrix,Tsareena,Tsareena,0,2
Barboach,Raging-Bolt,Raging-Bolt,0,1
Cubchoo,Iron-Leaves,Iron-Leaves,0,2
Dragonite,Paras,Dragonite,1,1
Chi-Yu,Corvisquire,Chi-Yu,1,1
Yanma,Pachirisu,Pachirisu,0,2
Glaceon,Quagsire,Glaceon,1,3
Galvantula,Treecko,Galvantula,1,1
Medicham,Empoleon,Empoleon,0,2
Mudbray,Vullaby,Vullaby,0,3
Galvantula,Eelektross,Eelektross,0,3
Milcery,Piplup,Piplup,0,2
Tapu-Koko,Terrakion,Tapu-Koko,1,2
Klink,Pignite,Pignite,0,1
Tympole,Garganacl,Garganacl,0,1
Psyduck,Cyndaquil,Psyduck,1,1
Plusle,Hakamo-O,Plusle,1,2
Stoutland,Pancham,Stoutland,1,2
Helioptile,Lycanroc-Midday,Lycanroc-Midday,0,1
Litleo,Roaring-Moon,Roaring-Moon,0,2
Rowlet,Moltres,Moltres,0,1
Oddish,Simisage,Simisage,0,1
Araquanid,Yanma,Yanma,0,2
Squirtle,Terapagos,Terapagos,0,2
Calyrex,Urshifu-Single-Strike,Urshifu-Single-Strike,0,3
Heatran,Kyurem,Kyurem,0,3
Wo-Chien,Purugly,Wo-Chien,1,2
Froslass,Latios,Latios,0,2
Butterfree,Primeape,Primeape,0,2
Jangmo-O,Iron-Moth,Iron-Moth,0,1
Azumarill,Pyroar-Male,Azumarill,1,2
Klink,Klefki,Klefki,0,3
Sandygast,Tympole,Tympole,0,1
Houndoom,Larvitar,Houndoom,1,1
Throh,Dragalge,Throh,1,4
Skiploom,Hariyama,Hariyama,0,2
Mantyke,Luvdisc,Mantyke,1,4
Flygon,Raging-Bolt,Raging-Bolt,0,1
Honchkrow,Uxie,Uxie,0,2
Mr-Rime,Pignite,Mr-Rime,1,1
Clodsire,Farfetchd,Clodsire,1,2
Farfetchd,Baxcalibur,Baxcalibur,0,1
Tyrantrum,Carkol,Tyrantrum,1,2
Shroomish,Haxorus,Haxorus,0,2
Rhydon,Gumshoos,Rhydon,1,2
Bellsprout,Skorupi,Skorupi,0,2
Pecharunt,Kartana,Pecharunt,1,2
Genesect,Mienfoo,Genesect,1,1
Bulbasaur,Gumshoos,Gumshoos,0,1
Nidorina,Trumbeak,Nidorina,1,2
Zygarde-50,Grubbin,Zygarde-50,1,2
Scyther,Eelektrik,Scyther,1,2
Rowlet,Tatsugiri-Curly,Tatsugiri-Curly,0,1
Spinarak,Wobbuffet,Wobbuffet,0,1
Applin,Spiritomb,Spiritomb,0,1
Snom,Squawkabilly-Green-Plumage,Squawkabilly-Green-Plumage,0,1
Iron-Jugulis,Bayleef,Iron-Jugulis,1,2
Combee,Tyrantrum,Tyrantrum,0,1
Snom,Axew,Axew,0,1
Seedot,Eelektrik,Eelektrik,0,1
Nincada,Sizzlipede,Sizzlipede,0,1
Hakamo-O,Celesteela,Celesteela,0,1
Seedot,Croagunk,Croagunk,0,1
Lombre,Muk,Muk,0,1
Turtwig,Iron-Valiant,Iron-Valiant,0,1
Cyndaquil,Anorith,Anorith,0,1
Larvitar,Pidove,Larvitar,1,1
Oranguru,Muk,Oranguru,1,3
Dusclops,Tyrogue,Dusclops,1,1
Tyrunt,Monferno,Monferno,0,2
Delphox,Chatot,Delphox,1,1
Simipour,Yamper,Simipour,1,2
Mareep,Bounsweet,Mareep,1,1
Torterra,Pachirisu,Torterra,1,1
Gumshoos,Venusaur,Venusaur,0,3
Bombirdier,Oranguru,Oranguru,0,2
Grumpig,Ferrothorn,Ferrothorn,0,3
Hawlucha,Cryogonal,Hawlucha,1,1
Rhyperior,Marill,Rhyperior,1,1
Blastoise,Xerneas,Xerneas,0,3
Elgyem,Pangoro,Pangoro,0,1
Taillow,Nosepass,Nosepass,0,1
Torkoal,Porygon2,Torkoal,1,4
Exeggcute,Maractus,Maractus,0,1
Torkoal,Houndstone,Houndstone,0,4
Smoliv,Sandslash,Sandslash,0,2
Ditto,Mothim,Mothim,0,2
Cinderace,Heracross,Heracross,0,2
Swinub,Rolycoly,Swinub,1,1
Espathra,Sharpedo,Sharpedo,0,2
Blissey,Cosmoem,Blissey,1,5
Genesect,Hatenna,Genesect,1,1
Skeledirge,Magearna,Skeledirge,1,2
Quaquaval,Stunfisk,Stunfisk,0,2
Sudowoodo,Eevee,Sudowoodo,1,2
Wo-Chien,Caterpie,Wo-Chien,1,1
Kirlia,Cosmoem,Cosmoem,0,3
Mawile,Roggenrola,Mawile,1,1
Clodsire,Milcery,Clodsire,1,1
Tentacool,Tropius,Tropius,0,1
Vaporeon,Magnemite,Vaporeon,1,1
Slaking,Mareep,Slaking,1,1
Delcatty,Impidimp,Delcatty,1,1
Luxray,Barbaracle,Luxray,1,2
Durant,Impidimp,Durant,1,1
Jellicent-Male,Serperior,Serperior,0,3
Fennekin,Dialga,Dialga,0,1
Latias,Haunter,Latias,1,1
Grotle,Minior-Red-Meteor,Minior-Red-Meteor,0,3
Chandelure,Sharpedo,Sharpedo,0,2
Ariados,Scraggy,Ariados,1,2
Sunkern,Corvisquire,Corvisquire,0,1
Greedent,Lillipup,Greedent,1,1
Pawmot,Tauros,Tauros,0,2
Probopass,Klefki,Klefki,0,4
Turtonator,Lairon,Lairon,0,2
Paras,Shiftry,Shiftry,0,1
Lurantis,Hatterene,Hatterene,0,2
Braviary,Honedge,Braviary,1,3
Exploud,Koffing,Exploud,1,2
Sandygast,Incineroar,Incineroar,0,1
Whirlipede,Glimmet,Glimmet,0,2
Floragato,Archeops,Archeops,0,1
Skwovet,Mime-Jr,Skwovet,1,1
Talonflame,Uxie,Uxie,0,3
Duosion,Munkidori,Munkidori,0,2
Cherrim,Grubbin,Cherrim,1,2
Klefki,Boldore,Klefki,1,2
Roggenrola,Weedle,Roggenrola,1,1
Tentacool,Monferno,Monferno,0,2
Gastly,Breloom,Breloom,0,1
Iron-Moth,Gothitelle,Gothitelle,0,2
Jirachi,Mabosstiff,Jirachi,1,3
Pansage,Blitzle,Blitzle,0,2
Houndoom,Seismitoad,Seismitoad,0,1
Florges,Gengar,Gengar,0,2
Celebi,Solrock,Celebi,1,2
Gothorita,Timburr,Gothorita,1,1
Archaludon,Carracosta,Archaludon,1,2
Conkeldurr,Ditto,Conkeldurr,1,1
Pidgeot,Sunflora,Pidgeot,1,2
Pinsir,Helioptile,Pinsir,1,1
Gible,Mareanie,Mareanie,0,1
Delphox,Shedinja,Delphox,1,1
Xurkitree,Grubbin,Xurkitree,1,1
Chimecho,Swablu,Chimecho,1,2
Fomantis,Houndstone,Houndstone,0,1
Walking-Wake,Bombirdier,Walking-Wake,1,2
Kangaskhan,Dewgong,Kangaskhan,1,3
Tauros,Grovyle,Tauros,1,1
Farigiraf,Spinarak,Farigiraf,1,1
Nidoran-M,Gabite,Gabite,0,1
Bisharp,Dracovish,Dracovish,0,3
Finizen,Morpeko-Full-Belly,Morpeko-Full-Belly,0,1
Tynamo,Rayquaza,Rayquaza,0,1
Mamoswine,Riolu,Mamoswine,1,1
Heliolisk,Dialga,Dialga,0,2
Finneon,Brionne,Brionne,0,3
Voltorb,Meowscarada,Meowscarada,0,2
Drednaw,Ferrothorn,Ferrothorn,0,2
Wingull,Necrozma,Necrozma,0,1
Phanpy,Cubone,Phanpy,1,2
Seel,Slowpoke,Slowpoke,0,4
Jangmo-O,Brute-Bonnet,Brute-Bonnet,0,1
Gyarados,Kirlia,Gyarados,1,1
Arrokuda,Silvally,Silvally,0,1
Frosmoth,Shieldon,Frosmoth,1,1
Squawkabilly-Green-Plumage,Cubone,Squawkabilly-Green-Plumage,1,2
Misdreavus,Sigilyph,Sigilyph,0,2
Wattrel,Baltoy,Wattrel,1,2
Lombre,Leafeon,Leafeon,0,2
Iron-Hands,Loudred,Iron-Hands,1,1
Reuniclus,Machop,Reuniclus,1,1
Glimmet,Scorbunny,Glimmet,1,2
Swinub,Archaludon,Archaludon,0,1
Smoliv,Araquanid,Araquanid,0,1
Hakamo-O,Golem,Golem,0,2
Cleffa,Glastrier,Glastrier,0,1
Turtwig,Mudkip,Mudkip,0,2
Muk,Toucannon,Toucannon,0,3
Starmie,Thwackey,Starmie,1,2
Gothitelle,Yveltal,Yveltal,0,2
Skarmory,Phione,Phione,0,3
Whirlipede,Porygon2,Porygon2,0,2
Rillaboom,Larvitar,Rillaboom,1,1
Spidops,Slowking,Spidops,1,2
Passimian,Dracovish,Passimian,1,4
Hoothoot,Accelgor,Accelgor,0,1
Larvesta,Klawf,Klawf,0,1
Wo-Chien,Mudbray,Wo-Chien,1,1
Pawmo,Stufful,Pawmo,1,1
Grimer,Aegislash-Shield,Aegislash-Shield,0,4
Hypno,Chikorita,Hypno,1,2
Lileep,Tentacool,Lileep,1,2
Maractus,Throh,Throh,0,3
Rookidee,Terrakion,Terrakion,0,1
Blissey,Dudunsparce-Two-Segment,Dudunsparce-Two-Segment,0,2
Eldegoss,Houndstone,Houndstone,0,3
Poliwag,Nymble,Poliwag,1,1
Jynx,Alomomola,Alomomola,0,2
Kricketune,Espurr,Kricketune,1,1
Araquanid,Cursola,Cursola,0,3
Dedenne,Capsakid,Dedenne,1,1
Pawmi,Bisharp,Bisharp,0,1
Gholdengo,Fuecoco,Gholdengo,1,3
Frogadier,Koffing,Frogadier,1,1
Krookodile,Beedrill,Krookodile,1,1
Kyurem,Dhelmise,Kyurem,1,2
Meloetta-Aria,Bounsweet,Meloetta-Aria,1,1
Zapdos,Scatterbug,Zapdos,1,1
Solosis,Eevee,Eevee,0,2
Sudowoodo,Kleavor,Sudowoodo,1,2
Mew,Smoochum,Mew,1,1
Aggron,Cosmog,Aggron,1,1
Mothim,Bibarel,Bibarel,0,2
Guzzlord,Moltres,Moltres,0,3
Mareep,Magmortar,Magmortar,0,1
Meowstic-Male,Aurorus,Aurorus,0,3
Taillow,Seel,Seel,0,1
Malamar,Arboliva,Arboliva,0,3
Decidueye,Froslass,Decidueye,1,1
Umbreon,Barbaracle,Barbaracle,0,4
Samurott,Cinccino,Samurott,1,2
Dragonair,Lileep,Lileep,0,2
Eternatus,Deoxys-Normal,Eternatus,1,1
Darkrai,Gothita,Darkrai,1,1
Weezing,Audino,Weezing,1,4
Munna,Panpour,Munna,1,2
Yamper,Weavile,Weavile,0,2
Purrloin,Carvanha,Carvanha,0,1
Roselia,Deerling,Roselia,1,1
Weezing,Wo-Chien,Wo-Chien,0,2
Brambleghast,Helioptile,Brambleghast,1,1
Spiritomb,Solosis,Spiritomb,1,1
Croagunk,Tapu-Fini,Tapu-Fini,0,1
Squirtle,Pyukumuku,Pyukumuku,0,3
Barbaracle,Bulbasaur,Barbaracle,1,1
Bellibolt,Crabrawler,Bellibolt,1,1
Lumineon,Goodra,Goodra,0,3
Amoonguss,Varoom,Amoonguss,1,3
Gurdurr,Wailord,Wailord,0,2
Floette,Bellossom,Bellossom,0,2
Pansage,Caterpie,Pansage,1,2
Sandile,Milotic,Milotic,0,1
Dottler,Wyrdeer,Wyrdeer,0,2
Hitmonchan,Gyarados,Gyarados,0,1
Lapras,Lunatone,Lapras,1,2
Tentacruel,Timburr,Tentacruel,1,2
Heatran,Relicanth,Relicanth,0,4
Tranquill,Flutter-Mane,Flutter-Mane,0,1
Glimmora,Ludicolo,Ludicolo,0,2
Charcadet,Gloom,Gloom,0,2
Grookey,Accelgor,Accelgor,0,1
Lopunny,Braviary,Braviary,0,2
Scraggy,Huntail,Huntail,0,2
Azelf,Gligar,Azelf,1,1
Corphish,Jellicent-Male,Jellicent-Male,0,2
Greedent,Monferno,Greedent,1,2
Glaceon,Marshadow,Marshadow,0,2
Polteageist,Sizzlipede,Polteageist,1,2
Archaludon,Horsea,Archaludon,1,1
Rattata,Avalugg,Avalugg,0,1
Pyroar-Male,Wugtrio,Pyroar-Male,1,1
Arrokuda,Toxapex,Toxapex,0,2
Articuno,Frosmoth,Articuno,1,1
Dolliv,Flabebe,Flabebe,0,2
Marshtomp,Dreepy,Marshtomp,1,1
Magby,Pinsir,Pinsir,0,1
Dewpider,Magnemite,Magnemite,0,1
Yamper,Scizor,Scizor,0,1
Ditto,Munna,Munna,0,2
Dudunsparce-Two-Segment,Azumarill,Dudunsparce-Two-Segment,1,4
Fletchling,Magnemite,Magnemite,0,1
Slaking,Komala,Slaking,1,2
Rowlet,Glimmet,Glimmet,0,1
Magcargo,Mimikyu-Disguised,Magcargo,1,3
Cottonee,Psyduck,Psyduck,0,1
Pignite,Venonat,Pignite,1,1
Latias,Eelektrik,Latias,1,2
Bidoof,Pichu,Bidoof,1,1
Quaxly,Cramorant,Cramorant,0,2
Clauncher,Sealeo,Sealeo,0,3
Pawmot,Dondozo,Pawmot,1,3
Furfrou,Spinda,Furfrou,1,2
Dustox,Baltoy,Dustox,1,1
Patrat,Spearow,Patrat,1,1
Maushold-Family-Of-Four,Solrock,Solrock,0,3
Chinchou,Quaxwell,Chinchou,1,2
Clauncher,Hakamo-O,Hakamo-O,0,2
Kartana,Nidoran-F,Kartana,1,1
Dewpider,Ceruledge,Ceruledge,0,1
Mienfoo,Zamazenta,Zamazenta,0,1
Iron-Hands,Iron-Bundle,Iron-Hands,1,1
Wingull,Aromatisse,Aromatisse,0,1
Melmetal,Orbeetle,Melmetal,1,2
Fletchling,Shedinja,Fletchling,1,1
Skarmory,Alcremie,Skarmory,1,2
Zubat,Corsola,Corsola,0,1
Sandaconda,Alakazam,Alakazam,0,2
Drampa,Wurmple,Drampa,1,1
Kommo-O,Corviknight,Corviknight,0,2
Yungoos,Musharna,Musharna,0,1
Skarmory,Victreebel,Skarmory,1,2
Wobbuffet,Cetoddle,Wobbuffet,1,5
Rapidash,Wattrel,Rapidash,1,1
Tentacruel,Oranguru,Oranguru,0,3
Charizard,Fletchling,Charizard,1,1
Xatu,Volcanion,Volcanion,0,2
Thundurus-Incarnate,Braixen,Thundurus-Incarnate,1,2
Nidorino,Venonat,Nidorino,1,3
Tropius,Forretress,Forretress,0,3
Wiglett,Armaldo,Armaldo,0,1
Corphish,Tapu-Fini,Tapu-Fini,0,1
Varoom,Jynx,Jynx,0,1
Goodra,Omanyte,Goodra,1,1
Xurkitree,Carnivine,Xurkitree,1,1
Masquerain,Darmanitan-Standard,Darmanitan-Standard,0,2
