name,type1,type2,hp,attack,defense,sp_atk,sp_def,speed,sprite_url
Bulbasaur,grass,poison,45,49,49,65,65,45,https://raw.githubusercontent.com/PokeAPI/sprites/master/sprites/pokemon/1.png
Ivysaur,grass,poison,60,62,63,80,80,60,https://raw.githubusercontent.com/PokeAPI/sprites/master/sprites/pokemon/2.png
Venusaur,grass,poison,80,82,83,100,100,80,https://raw.githubusercontent.com/PokeAPI/sprites/master/sprites/pokemon/3.png
Charmander,fire,,39,52,43,60,50,65,https://raw.githubusercontent.com/PokeAPI/sprites/master/sprites/pokemon/4.png
Charmeleon,fire,,58,64,58,80,65,80,https://raw.githubusercontent.com/PokeAPI/sprites/master/sprites/pokemon/5.png
Charizard,fire,flying,78,84,78,109,85,100,https://raw.githubusercontent.com/PokeAPI/sprites/master/sprites/pokemon/6.png
Squirtle,water,,44,48,65,50,64,43,https://raw.githubusercontent.com/PokeAPI/sprites/master/sprites/pokemon/7.png
Wartortle,water,,59,63,80,65,80,58,https://raw.githubusercontent.com/PokeAPI/sprites/master/sprites/pokemon/8.png
Blastoise,water,,79,83,100,85,105,78,https://raw.githubusercontent.com/PokeAPI/sprites/master/sprites/pokemon/9.png
Caterpie,bug,,45,30,35,20,20,45,https://raw.githubusercontent.com/PokeAPI/sprites/master/sprites/pokemon/10.png
Metapod,bug,,50,20,55,25,25,30,https://raw.githubusercontent.com/PokeAPI/sprites/master/sprites/pokemon/11.png
Butterfree,bug,flying,60,45,50,90,80,70,https://raw.githubusercontent.com/PokeAPI/sprites/master/sprites/pokemon/12.png
Weedle,bug,poison,40,35,30,20,20,50,https://raw.githubusercontent.com/PokeAPI/sprites/master/sprites/pokemon/13.png
Kakuna,bug,poison,45,25,50,25,25,35,https://raw.githubusercontent.com/PokeAPI/sprites/master/sprites/pokemon/14.png
Beedrill,bug,poison,65,90,40,45,80,75,https://raw.githubusercontent.com/PokeAPI/sprites/master/sprites/pokemon/15.png
Pidgey,normal,flying,40,45,40,35,35,56,https://raw.githubusercontent.com/PokeAPI/sprites/master/sprites/pokemon/16.png
Pidgeotto,normal,flying,63,60,55,50,50,71,https://raw.githubusercontent.com/PokeAPI/sprites/master/sprites/pokemon/17.png
Pidgeot,normal,flying,83,80,75,70,70,101,https://raw.githubusercontent.com/PokeAPI/sprites/master/sprites/pokemon/18.png
Rattata,normal,,30,56,35,25,35,72,https://raw.githubusercontent.com/PokeAPI/sprites/master/sprites/pokemon/19.png
Raticate,normal,,55,81,60,50,70,97,https://raw.githubusercontent.com/PokeAPI/sprites/master/sprites/pokemon/20.png
Spearow,normal,flying,40,60,30,31,31,70,https://raw.githubusercontent.com/PokeAPI/sprites/master/sprites/pokemon/21.png
Fearow,normal,flying,65,90,65,61,61,100,https://raw.githubusercontent.com/PokeAPI/sprites/master/sprites/pokemon/22.png
Ekans,poison,,35,60,44,40,54,55,https://raw.githubusercontent.com/PokeAPI/sprites/master/sprites/pokemon/23.png
Arbok,poison,,60,95,69,65,79,80,https://raw.githubusercontent.com/PokeAPI/sprites/master/sprites/pokemon/24.png
Pikachu,electric,,35,55,40,50,50,90,https://raw.githubusercontent.com/PokeAPI/sprites/master/sprites/pokemon/25.png
Raichu,electric,,60,90,55,90,80,110,https://raw.githubusercontent.com/PokeAPI/sprites/master/sprites/pokemon/26.png
Sandshrew,ground,,50,75,85,20,30,40,https://raw.githubusercontent.com/PokeAPI/sprites/master/sprites/pokemon/27.png
Sandslash,ground,,75,100,110,45,55,65,https://raw.githubusercontent.com/PokeAPI/sprites/master/sprites/pokemon/28.png
Nidoran-F,poison,,55,47,52,40,40,41,https://raw.githubusercontent.com/PokeAPI/sprites/master/sprites/pokemon/29.png
Nidorina,poison,,70,62,67,55,55,56,https://raw.githubusercontent.com/PokeAPI/sprites/master/sprites/pokemon/30.png
Nidoqueen,poison,ground,90,92,87,75,85,76,https://raw.githubusercontent.com/PokeAPI/sprites/master/sprites/pokemon/31.png
Nidoran-M,poison,,46,57,40,40,40,50,https://raw.githubusercontent.com/PokeAPI/sprites/master/sprites/pokemon/32.png
Nidorino,poison,,61,72,57,55,55,65,https://raw.githubusercontent.com/PokeAPI/sprites/master/sprites/pokemon/33.png
Nidoking,poison,ground,81,102,77,85,75,85,https://raw.githubusercontent.com/PokeAPI/sprites/master/sprites/pokemon/34.png
Clefairy,fairy,,70,45,48,60,65,35,https://raw.githubusercontent.com/PokeAPI/sprites/master/sprites/pokemon/35.png
Clefable,fairy,,95,70,73,95,90,60,https://raw.githubusercontent.com/PokeAPI/sprites/master/sprites/pokemon/36.png
Vulpix,fire,,38,41,40,50,65,65,https://raw.githubusercontent.com/PokeAPI/sprites/master/sprites/pokemon/37.png
Ninetales,fire,,73,76,75,81,100,100,https://raw.githubusercontent.com/PokeAPI/sprites/master/sprites/pokemon/38.png
Jigglypuff,normal,fairy,115,45,20,45,25,20,https://raw.githubusercontent.com/PokeAPI/sprites/master/sprites/pokemon/39.png
Wigglytuff,normal,fairy,140,70,45,85,50,45,https://raw.githubusercontent.com/PokeAPI/sprites/master/sprites/pokemon/40.png
Zubat,poison,flying,40,45,35,30,40,55,https://raw.githubusercontent.com/PokeAPI/sprites/master/sprites/pokemon/41.png
Golbat,poison,flying,75,80,70,65,75,90,https://raw.githubusercontent.com/PokeAPI/sprites/master/sprites/pokemon/42.png
Oddish,grass,poison,45,50,55,75,65,30,https://raw.githubusercontent.com/PokeAPI/sprites/master/sprites/pokemon/43.png
Gloom,grass,poison,60,65,70,85,75,40,https://raw.githubusercontent.com/PokeAPI/sprites/master/sprites/pokemon/44.png
Vileplume,grass,poison,75,80,85,110,90,50,https://raw.githubusercontent.com/PokeAPI/sprites/master/sprites/pokemon/45.png
Paras,bug,grass,35,70,55,45,55,25,https://raw.githubusercontent.com/PokeAPI/sprites/master/sprites/pokemon/46.png
Parasect,bug,grass,60,95,80,60,80,30,https://raw.githubusercontent.com/PokeAPI/sprites/master/sprites/pokemon/47.png
Venonat,bug,poison,60,55,50,40,55,45,https://raw.githubusercontent.com/PokeAPI/sprites/master/sprites/pokemon/48.png
Venomoth,bug,poison,70,65,60,90,75,90,https://raw.githubusercontent.com/PokeAPI/sprites/master/sprites/pokemon/49.png
Diglett,ground,,10,55,25,35,45,95,https://raw.githubusercontent.com/PokeAPI/sprites/master/sprites/pokemon/50.png
Dugtrio,ground,,35,100,50,50,70,120,https://raw.githubusercontent.com/PokeAPI/sprites/master/sprites/pokemon/51.png
Meowth,normal,,40,45,35,40,40,90,https://raw.githubusercontent.com/PokeAPI/sprites/master/sprites/pokemon/52.png
Persian,normal,,65,70,60,65,65,115,https://raw.githubusercontent.com/PokeAPI/sprites/master/sprites/pokemon/53.png
Psyduck,water,,50,52,48,65,50,55,https://raw.githubusercontent.com/PokeAPI/sprites/master/sprites/pokemon/54.png
Golduck,water,,80,82,78,95,80,85,https://raw.githubusercontent.com/PokeAPI/sprites/master/sprites/pokemon/55.png
Mankey,fighting,,40,80,35,35,45,70,https://raw.githubusercontent.com/PokeAPI/sprites/master/sprites/pokemon/56.png
Primeape,fighting,,65,105,60,60,70,95,https://raw.githubusercontent.com/PokeAPI/sprites/master/sprites/pokemon/57.png
Growlithe,fire,,55,70,45,70,50,60,https://raw.githubusercontent.com/PokeAPI/sprites/master/sprites/pokemon/58.png
Arcanine,fire,,90,110,80,100,80,95,https://raw.githubusercontent.com/PokeAPI/sprites/master/sprites/pokemon/59.png
Poliwag,water,,40,50,40,40,40,90,https://raw.githubusercontent.com/PokeAPI/sprites/master/sprites/pokemon/60.png
Poliwhirl,water,,65,65,65,50,50,90,https://raw.githubusercontent.com/PokeAPI/sprites/master/sprites/pokemon/61.png
Poliwrath,water,fighting,90,95,95,70,90,70,https://raw.githubusercontent.com/PokeAPI/sprites/master/sprites/pokemon/62.png
Abra,psychic,,25,20,15,105,55,90,https://raw.githubusercontent.com/PokeAPI/sprites/master/sprites/pokemon/63.png
Kadabra,psychic,,40,35,30,120,70,105,https://raw.githubusercontent.com/PokeAPI/sprites/master/sprites/pokemon/64.png
Alakazam,psychic,,55,50,45,135,95,120,https://raw.githubusercontent.com/PokeAPI/sprites/master/sprites/pokemon/65.png
Machop,fighting,,70,80,50,35,35,35,https://raw.githubusercontent.com/PokeAPI/sprites/master/sprites/pokemon/66.png
Machoke,fighting,,80,100,70,50,60,45,https://raw.githubusercontent.com/PokeAPI/sprites/master/sprites/pokemon/67.png
Machamp,fighting,,90,130,80,65,85,55,https://raw.githubusercontent.com/PokeAPI/sprites/master/sprites/pokemon/68.png
Bellsprout,grass,poison,50,75,35,70,30,40,https://raw.githubusercontent.com/PokeAPI/sprites/master/sprites/pokemon/69.png
Weepinbell,grass,poison,65,90,50,85,45,55,https://raw.githubusercontent.com/PokeAPI/sprites/master/sprites/pokemon/70.png
Victreebel,grass,poison,80,105,65,100,70,70,https://raw.githubusercontent.com/PokeAPI/sprites/master/sprites/pokemon/71.png
Tentacool,water,poison,40,40,35,50,100,70,https://raw.githubusercontent.com/PokeAPI/sprites/master/sprites/pokemon/72.png
Tentacruel,water,poison,80,70,65,80,120,100,https://raw.githubusercontent.com/PokeAPI/sprites/master/sprites/pokemon/73.png
Geodude,rock,ground,40,80,100,30,30,20,https://raw.githubusercontent.com/PokeAPI/sprites/master/sprites/pokemon/74.png
Graveler,rock,ground,55,95,115,45,45,35,https://raw.githubusercontent.com/PokeAPI/sprites/master/sprites/pokemon/75.png
Golem,rock,ground,80,120,130,55,65,45,https://raw.githubusercontent.com/PokeAPI/sprites/master/sprites/pokemon/76.png
Ponyta,fire,,50,85,55,65,65,90,https://raw.githubusercontent.com/PokeAPI/sprites/master/sprites/pokemon/77.png
Rapidash,fire,,65,100,70,80,80,105,https://raw.githubusercontent.com/PokeAPI/sprites/master/sprites/pokemon/78.png
Slowpoke,water,psychic,90,65,65,40,40,15,https://raw.githubusercontent.com/PokeAPI/sprites/master/sprites/pokemon/79.png
Slowbro,water,psychic,95,75,110,100,80,30,https://raw.githubusercontent.com/PokeAPI/sprites/master/sprites/pokemon/80.png
Magnemite,electric,steel,25,35,70,95,55,45,https://raw.githubusercontent.com/PokeAPI/sprites/master/sprites/pokemon/81.png
Magneton,electric,steel,50,60,95,120,70,70,https://raw.githubusercontent.com/PokeAPI/sprites/master/sprites/pokemon/82.png
Farfetchd,normal,flying,52,90,55,58,62,60,https://raw.githubusercontent.com/PokeAPI/sprites/master/sprites/pokemon/83.png
Doduo,normal,flying,35,85,45,35,35,75,https://raw.githubusercontent.com/PokeAPI/sprites/master/sprites/pokemon/84.png
Dodrio,normal,flying,60,110,70,60,60,110,https://raw.githubusercontent.com/PokeAPI/sprites/master/sprites/pokemon/85.png
Seel,water,,65,45,55,45,70,45,https://raw.githubusercontent.com/PokeAPI/sprites/master/sprites/pokemon/86.png
Dewgong,water,ice,90,70,80,70,95,70,https://raw.githubusercontent.com/PokeAPI/sprites/master/sprites/pokemon/87.png
Grimer,poison,,80,80,50,40,50,25,https://raw.githubusercontent.com/PokeAPI/sprites/master/sprites/pokemon/88.png
Muk,poison,,105,105,75,65,100,50,https://raw.githubusercontent.com/PokeAPI/sprites/master/sprites/pokemon/89.png
Shellder,water,,30,65,100,45,25,40,https://raw.githubusercontent.com/PokeAPI/sprites/master/sprites/pokemon/90.png
Cloyster,water,ice,50,95,180,85,45,70,https://raw.githubusercontent.com/PokeAPI/sprites/master/sprites/pokemon/91.png
Gastly,ghost,poison,30,35,30,100,35,80,https://raw.githubusercontent.com/PokeAPI/sprites/master/sprites/pokemon/92.png
Haunter,ghost,poison,45,50,45,115,55,95,https://raw.githubusercontent.com/PokeAPI/sprites/master/sprites/pokemon/93.png
Gengar,ghost,poison,60,65,60,130,75,110,https://raw.githubusercontent.com/PokeAPI/sprites/master/sprites/pokemon/94.png
Onix,rock,ground,35,45,160,30,45,70,https://raw.githubusercontent.com/PokeAPI/sprites/master/sprites/pokemon/95.png
Drowzee,psychic,,60,48,45,43,90,42,https://raw.githubusercontent.com/PokeAPI/sprites/master/sprites/pokemon/96.png
Hypno,psychic,,85,73,70,73,115,67,https://raw.githubusercontent.com/PokeAPI/sprites/master/sprites/pokemon/97.png
Krabby,water,,30,105,90,25,25,50,https://raw.githubusercontent.com/PokeAPI/sprites/master/sprites/pokemon/98.png
Kingler,water,,55,130,115,50,50,75,https://raw.githubusercontent.com/PokeAPI/sprites/master/sprites/pokemon/99.png
Voltorb,electric,,40,30,50,55,55,100,https://raw.githubusercontent.com/PokeAPI/sprites/master/sprites/pokemon/100.png
Electrode,electric,,60,50,70,80,80,150,https://raw.githubusercontent.com/PokeAPI/sprites/master/sprites/pokemon/101.png
Exeggcute,grass,psychic,60,40,80,60,45,40,https://raw.githubusercontent.com/PokeAPI/sprites/master/sprites/pokemon/102.png
Exeggutor,grass,psychic,95,95,85,125,75,55,https://raw.githubusercontent.com/PokeAPI/sprites/master/sprites/pokemon/103.png
Cubone,ground,,50,50,95,40,50,35,https://raw.githubusercontent.com/PokeAPI/sprites/master/sprites/pokemon/104.png
Marowak,ground,,60,80,110,50,80,45,https://raw.githubusercontent.com/PokeAPI/sprites/master/sprites/pokemon/105.png
Hitmonlee,fighting,,50,120,53,35,110,87,https://raw.githubusercontent.com/PokeAPI/sprites/master/sprites/pokemon/106.png
Hitmonchan,fighting,,50,105,79,35,110,76,https://raw.githubusercontent.com/PokeAPI/sprites/master/sprites/pokemon/107.png
Lickitung,normal,,90,55,75,60,75,30,https://raw.githubusercontent.com/PokeAPI/sprites/master/sprites/pokemon/108.png
Koffing,poison,,40,65,95,60,45,35,https://raw.githubusercontent.com/PokeAPI/sprites/master/sprites/pokemon/109.png
Weezing,poison,,65,90,120,85,70,60,https://raw.githubusercontent.com/PokeAPI/sprites/master/sprites/pokemon/110.png
Rhyhorn,ground,rock,80,85,95,30,30,25,https://raw.githubusercontent.com/PokeAPI/sprites/master/sprites/pokemon/111.png
Rhydon,ground,rock,105,130,120,45,45,40,https://raw.githubusercontent.com/PokeAPI/sprites/master/sprites/pokemon/112.png
Chansey,normal,,250,5,5,35,105,50,https://raw.githubusercontent.com/PokeAPI/sprites/master/sprites/pokemon/113.png
Tangela,grass,,65,55,115,100,40,60,https://raw.githubusercontent.com/PokeAPI/sprites/master/sprites/pokemon/114.png
Kangaskhan,normal,,105,95,80,40,80,90,https://raw.githubusercontent.com/PokeAPI/sprites/master/sprites/pokemon/115.png
Horsea,water,,30,40,70,70,25,60,https://raw.githubusercontent.com/PokeAPI/sprites/master/sprites/pokemon/116.png
Seadra,water,,55,65,95,95,45,85,https://raw.githubusercontent.com/PokeAPI/sprites/master/sprites/pokemon/117.png
Goldeen,water,,45,67,60,35,50,63,https://raw.githubusercontent.com/PokeAPI/sprites/master/sprites/pokemon/118.png
Seaking,water,,80,92,65,65,80,68,https://raw.githubusercontent.com/PokeAPI/sprites/master/sprites/pokemon/119.png
Staryu,water,,30,45,55,70,55,85,https://raw.githubusercontent.com/PokeAPI/sprites/master/sprites/pokemon/120.png
Starmie,water,psychic,60,75,85,100,85,115,https://raw.githubusercontent.com/PokeAPI/sprites/master/sprites/pokemon/121.png
Mr-Mime,psychic,fairy,40,45,65,100,120,90,https://raw.githubusercontent.com/PokeAPI/sprites/master/sprites/pokemon/122.png
Scyther,bug,flying,70,110,80,55,80,105,https://raw.githubusercontent.com/PokeAPI/sprites/master/sprites/pokemon/123.png
Jynx,ice,psychic,65,50,35,115,95,95,https://raw.githubusercontent.com/PokeAPI/sprites/master/sprites/pokemon/124.png
Electabuzz,electric,,65,83,57,95,85,105,https://raw.githubusercontent.com/PokeAPI/sprites/master/sprites/pokemon/125.png
Magmar,fire,,65,95,57,100,85,93,https://raw.githubusercontent.com/PokeAPI/sprites/master/sprites/pokemon/126.png
Pinsir,bug,,65,125,100,55,70,85,https://raw.githubusercontent.com/PokeAPI/sprites/master/sprites/pokemon/127.png
Tauros,normal,,75,100,95,40,70,110,https://raw.githubusercontent.com/PokeAPI/sprites/master/sprites/pokemon/128.png
Magikarp,water,,20,10,55,15,20,80,https://raw.githubusercontent.com/PokeAPI/sprites/master/sprites/pokemon/129.png
Gyarados,water,flying,95,125,79,60,100,81,https://raw.githubusercontent.com/PokeAPI/sprites/master/sprites/pokemon/130.png
Lapras,water,ice,130,85,80,85,95,60,https://raw.githubusercontent.com/PokeAPI/sprites/master/sprites/pokemon/131.png
Ditto,normal,,48,48,48,48,48,48,https://raw.githubusercontent.com/PokeAPI/sprites/master/sprites/pokemon/132.png
Eevee,normal,,55,55,50,45,65,55,https://raw.githubusercontent.com/PokeAPI/sprites/master/sprites/pokemon/133.png
Vaporeon,water,,130,65,60,110,95,65,https://raw.githubusercontent.com/PokeAPI/sprites/master/sprites/pokemon/134.png
Jolteon,electric,,65,65,60,110,95,130,https://raw.githubusercontent.com/PokeAPI/sprites/master/sprites/pokemon/135.png
Flareon,fire,,65,130,60,95,110,65,https://raw.githubusercontent.com/PokeAPI/sprites/master/sprites/pokemon/136.png
Porygon,normal,,65,60,70,85,75,40,https://raw.githubusercontent.com/PokeAPI/sprites/master/sprites/pokemon/137.png
Omanyte,rock,water,35,40,100,90,55,35,https://raw.githubusercontent.com/PokeAPI/sprites/master/sprites/pokemon/138.png
Omastar,rock,water,70,60,125,115,70,55,https://raw.githubusercontent.com/PokeAPI/sprites/master/sprites/pokemon/139.png
Kabuto,rock,water,30,80,90,55,45,55,https://raw.githubusercontent.com/PokeAPI/sprites/master/sprites/pokemon/140.png
Kabutops,rock,water,60,115,105,65,70,80,https://raw.githubusercontent.com/PokeAPI/sprites/master/sprites/pokemon/141.png
Aerodactyl,rock,flying,80,105,65,60,75,130,https://raw.githubusercontent.com/PokeAPI/sprites/master/sprites/pokemon/142.png
Snorlax,normal,,160,110,65,65,110,30,https://raw.githubusercontent.com/PokeAPI/sprites/master/sprites/pokemon/143.png
Articuno,ice,flying,90,85,100,95,125,85,https://raw.githubusercontent.com/PokeAPI/sprites/master/sprites/pokemon/144.png
Zapdos,electric,flying,90,90,85,125,90,100,https://raw.githubusercontent.com/PokeAPI/sprites/master/sprites/pokemon/145.png
Moltres,fire,flying,90,100,90,125,85,90,https://raw.githubusercontent.com/PokeAPI/sprites/master/sprites/pokemon/146.png
Dratini,dragon,,41,64,45,50,50,50,https://raw.githubusercontent.com/PokeAPI/sprites/master/sprites/pokemon/147.png
Dragonair,dragon,,61,84,65,70,70,70,https://raw.githubusercontent.com/PokeAPI/sprites/master/sprites/pokemon/148.png
Dragonite,dragon,flying,91,134,95,100,100,80,https://raw.githubusercontent.com/PokeAPI/sprites/master/sprites/pokemon/149.png
Mewtwo,psychic,,106,110,90,154,90,130,https://raw.githubusercontent.com/PokeAPI/sprites/master/sprites/pokemon/150.png
Mew,psychic,,100,100,100,100,100,100,https://raw.githubusercontent.com/PokeAPI/sprites/master/sprites/pokemon/151.png
Chikorita,grass,,45,49,65,49,65,45,https://raw.githubusercontent.com/PokeAPI/sprites/master/sprites/pokemon/152.png
Bayleef,grass,,60,62,80,63,80,60,https://raw.githubusercontent.com/PokeAPI/sprites/master/sprites/pokemon/153.png
Meganium,grass,,80,82,100,83,100,80,https://raw.githubusercontent.com/PokeAPI/sprites/master/sprites/pokemon/154.png
Cyndaquil,fire,,39,52,43,60,50,65,https://raw.githubusercontent.com/PokeAPI/sprites/master/sprites/pokemon/155.png
Quilava,fire,,58,64,58,80,65,80,https://raw.githubusercontent.com/PokeAPI/sprites/master/sprites/pokemon/156.png
Typhlosion,fire,,78,84,78,109,85,100,https://raw.githubusercontent.com/PokeAPI/sprites/master/sprites/pokemon/157.png
Totodile,water,,50,65,64,44,48,43,https://raw.githubusercontent.com/PokeAPI/sprites/master/sprites/pokemon/158.png
Croconaw,water,,65,80,80,59,63,58,https://raw.githubusercontent.com/PokeAPI/sprites/master/sprites/pokemon/159.png
Feraligatr,water,,85,105,100,79,83,78,https://raw.githubusercontent.com/PokeAPI/sprites/master/sprites/pokemon/160.png
Sentret,normal,,35,46,34,35,45,20,https://raw.githubusercontent.com/PokeAPI/sprites/master/sprites/pokemon/161.png
Furret,normal,,85,76,64,45,55,90,https://raw.githubusercontent.com/PokeAPI/sprites/master/sprites/pokemon/162.png
Hoothoot,normal,flying,60,30,30,36,56,50,https://raw.githubusercontent.com/PokeAPI/sprites/master/sprites/pokemon/163.png
Noctowl,normal,flying,100,50,50,86,96,70,https://raw.githubusercontent.com/PokeAPI/sprites/master/sprites/pokemon/164.png
Ledyba,bug,flying,40,20,30,40,80,55,https://raw.githubusercontent.com/PokeAPI/sprites/master/sprites/pokemon/165.png
Ledian,bug,flying,55,35,50,55,110,85,https://raw.githubusercontent.com/PokeAPI/sprites/master/sprites/pokemon/166.png
Spinarak,bug,poison,40,60,40,40,40,30,https://raw.githubusercontent.com/PokeAPI/sprites/master/sprites/pokemon/167.png
Ariados,bug,poison,70,90,70,60,70,40,https://raw.githubusercontent.com/PokeAPI/sprites/master/sprites/pokemon/168.png
Crobat,poison,flying,85,90,80,70,80,130,https://raw.githubusercontent.com/PokeAPI/sprites/master/sprites/pokemon/169.png
Chinchou,water,electric,75,38,38,56,56,67,https://raw.githubusercontent.com/PokeAPI/sprites/master/sprites/pokemon/170.png
Lanturn,water,electric,125,58,58,76,76,67,https://raw.githubusercontent.com/PokeAPI/sprites/master/sprites/pokemon/171.png
Pichu,electric,,20,40,15,35,35,60,https://raw.githubusercontent.com/PokeAPI/sprites/master/sprites/pokemon/172.png
Cleffa,fairy,,50,25,28,45,55,15,https://raw.githubusercontent.com/PokeAPI/sprites/master/sprites/pokemon/173.png
Igglybuff,normal,fairy,90,30,15,40,20,15,https://raw.githubusercontent.com/PokeAPI/sprites/master/sprites/pokemon/174.png
Togepi,fairy,,35,20,65,40,65,20,https://raw.githubusercontent.com/PokeAPI/sprites/master/sprites/pokemon/175.png
Togetic,fairy,flying,55,40,85,80,105,40,https://raw.githubusercontent.com/PokeAPI/sprites/master/sprites/pokemon/176.png
Natu,psychic,flying,40,50,45,70,45,70,https://raw.githubusercontent.com/PokeAPI/sprites/master/sprites/pokemon/177.png
Xatu,psychic,flying,65,75,70,95,70,95,https://raw.githubusercontent.com/PokeAPI/sprites/master/sprites/pokemon/178.png
Mareep,electric,,55,40,40,65,45,35,https://raw.githubusercontent.com/PokeAPI/sprites/master/sprites/pokemon/179.png
Flaaffy,electric,,70,55,55,80,60,45,https://raw.githubusercontent.com/PokeAPI/sprites/master/sprites/pokemon/180.png
Ampharos,electric,,90,75,85,115,90,55,https://raw.githubusercontent.com/PokeAPI/sprites/master/sprites/pokemon/181.png
Bellossom,grass,,75,80,95,90,100,50,https://raw.githubusercontent.com/PokeAPI/sprites/master/sprites/pokemon/182.png
Marill,water,fairy,70,20,50,20,50,40,https://raw.githubusercontent.com/PokeAPI/sprites/master/sprites/pokemon/183.png
Azumarill,water,fairy,100,50,80,60,80,50,https://raw.githubusercontent.com/PokeAPI/sprites/master/sprites/pokemon/184.png
Sudowoodo,rock,,70,100,115,30,65,30,https://raw.githubusercontent.com/PokeAPI/sprites/master/sprites/pokemon/185.png
Politoed,water,,90,75,75,90,100,70,https://raw.githubusercontent.com/PokeAPI/sprites/master/sprites/pokemon/186.png
Hoppip,grass,flying,35,35,40,35,55,50,https://raw.githubusercontent.com/PokeAPI/sprites/master/sprites/pokemon/187.png
Skiploom,grass,flying,55,45,50,45,65,80,https://raw.githubusercontent.com/PokeAPI/sprites/master/sprites/pokemon/188.png
Jumpluff,grass,flying,75,55,70,55,95,110,https://raw.githubusercontent.com/PokeAPI/sprites/master/sprites/pokemon/189.png
Aipom,normal,,55,70,55,40,55,85,https://raw.githubusercontent.com/PokeAPI/sprites/master/sprites/pokemon/190.png
Sunkern,grass,,30,30,30,30,30,30,https://raw.githubusercontent.com/PokeAPI/sprites/master/sprites/pokemon/191.png
Sunflora,grass,,75,75,55,105,85,30,https://raw.githubusercontent.com/PokeAPI/sprites/master/sprites/pokemon/192.png
Yanma,bug,flying,65,65,45,75,45,95,https://raw.githubusercontent.com/PokeAPI/sprites/master/sprites/pokemon/193.png
Wooper,water,ground,55,45,45,25,25,15,https://raw.githubusercontent.com/PokeAPI/sprites/master/sprites/pokemon/194.png
Quagsire,water,ground,95,85,85,65,65,35,https://raw.githubusercontent.com/PokeAPI/sprites/master/sprites/pokemon/195.png
Espeon,psychic,,65,65,60,130,95,110,https://raw.githubusercontent.com/PokeAPI/sprites/master/sprites/pokemon/196.png
Umbreon,dark,,95,65,110,60,130,65,https://raw.githubusercontent.com/PokeAPI/sprites/master/sprites/pokemon/197.png
Murkrow,dark,flying,60,85,42,85,42,91,https://raw.githubusercontent.com/PokeAPI/sprites/master/sprites/pokemon/198.png
Slowking,water,psychic,95,75,80,100,110,30,https://raw.githubusercontent.com/PokeAPI/sprites/master/sprites/pokemon/199.png
Misdreavus,ghost,,60,60,60,85,85,85,https://raw.githubusercontent.com/PokeAPI/sprites/master/sprites/pokemon/200.png
Unown,psychic,,48,72,48,72,48,48,https://raw.githubusercontent.com/PokeAPI/sprites/master/sprites/pokemon/201.png
Wobbuffet,psychic,,190,33,58,33,58,33,https://raw.githubusercontent.com/PokeAPI/sprites/master/sprites/pokemon/202.png
Girafarig,normal,psychic,70,80,65,90,65,85,https://raw.githubusercontent.com/PokeAPI/sprites/master/sprites/pokemon/203.png
Pineco,bug,,50,65,90,35,35,15,https://raw.githubusercontent.com/PokeAPI/sprites/master/sprites/pokemon/204.png
Forretress,bug,steel,75,90,140,60,60,40,https://raw.githubusercontent.com/PokeAPI/sprites/master/sprites/pokemon/205.png
Dunsparce,normal,,100,70,70,65,65,45,https://raw.githubusercontent.com/PokeAPI/sprites/master/sprites/pokemon/206.png
Gligar,ground,flying,65,75,105,35,65,85,https://raw.githubusercontent.com/PokeAPI/sprites/master/sprites/pokemon/207.png
Steelix,steel,ground,75,85,200,55,65,30,https://raw.githubusercontent.com/PokeAPI/sprites/master/sprites/pokemon/208.png
Snubbull,fairy,,60,80,50,40,40,30,https://raw.githubusercontent.com/PokeAPI/sprites/master/sprites/pokemon/209.png
Granbull,fairy,,90,120,75,60,60,45,https://raw.githubusercontent.com/PokeAPI/sprites/master/sprites/pokemon/210.png
Qwilfish,water,poison,65,95,85,55,55,85,https://raw.githubusercontent.com/PokeAPI/sprites/master/sprites/pokemon/211.png
Scizor,bug,steel,70,130,100,55,80,65,https://raw.githubusercontent.com/PokeAPI/sprites/master/sprites/pokemon/212.png
Shuckle,bug,rock,20,10,230,10,230,5,https://raw.githubusercontent.com/PokeAPI/sprites/master/sprites/pokemon/213.png
Heracross,bug,fighting,80,125,75,40,95,85,https://raw.githubusercontent.com/PokeAPI/sprites/master/sprites/pokemon/214.png
Sneasel,dark,ice,55,95,55,35,75,115,https://raw.githubusercontent.com/PokeAPI/sprites/master/sprites/pokemon/215.png
Teddiursa,normal,,60,80,50,50,50,40,https://raw.githubusercontent.com/PokeAPI/sprites/master/sprites/pokemon/216.png
Ursaring,normal,,90,130,75,75,75,55,https://raw.githubusercontent.com/PokeAPI/sprites/master/sprites/pokemon/217.png
Slugma,fire,,40,40,40,70,40,20,https://raw.githubusercontent.com/PokeAPI/sprites/master/sprites/pokemon/218.png
Magcargo,fire,rock,60,50,120,90,80,30,https://raw.githubusercontent.com/PokeAPI/sprites/master/sprites/pokemon/219.png
Swinub,ice,ground,50,50,40,30,30,50,https://raw.githubusercontent.com/PokeAPI/sprites/master/sprites/pokemon/220.png
Piloswine,ice,ground,100,100,80,60,60,50,https://raw.githubusercontent.com/PokeAPI/sprites/master/sprites/pokemon/221.png
Corsola,water,rock,65,55,95,65,95,35,https://raw.githubusercontent.com/PokeAPI/sprites/master/sprites/pokemon/222.png
Remoraid,water,,35,65,35,65,35,65,https://raw.githubusercontent.com/PokeAPI/sprites/master/sprites/pokemon/223.png
Octillery,water,,75,105,75,105,75,45,https://raw.githubusercontent.com/PokeAPI/sprites/master/sprites/pokemon/224.png
Delibird,ice,flying,45,55,45,65,45,75,https://raw.githubusercontent.com/PokeAPI/sprites/master/sprites/pokemon/225.png
Mantine,water,flying,85,40,70,80,140,70,https://raw.githubusercontent.com/PokeAPI/sprites/master/sprites/pokemon/226.png
Skarmory,steel,flying,65,80,140,40,70,70,https://raw.githubusercontent.com/PokeAPI/sprites/master/sprites/pokemon/227.png
Houndour,dark,fire,45,60,30,80,50,65,https://raw.githubusercontent.com/PokeAPI/sprites/master/sprites/pokemon/228.png
Houndoom,dark,fire,75,90,50,110,80,95,https://raw.githubusercontent.com/PokeAPI/sprites/master/sprites/pokemon/229.png
Kingdra,water,dragon,75,95,95,95,95,85,https://raw.githubusercontent.com/PokeAPI/sprites/master/sprites/pokemon/230.png
Phanpy,ground,,90,60,60,40,40,40,https://raw.githubusercontent.com/PokeAPI/sprites/master/sprites/pokemon/231.png
Donphan,ground,,90,120,120,60,60,50,https://raw.githubusercontent.com/PokeAPI/sprites/master/sprites/pokemon/232.png
Porygon2,normal,,85,80,90,105,95,60,https://raw.githubusercontent.com/PokeAPI/sprites/master/sprites/pokemon/233.png
Stantler,normal,,73,95,62,85,65,85,https://raw.githubusercontent.com/PokeAPI/sprites/master/sprites/pokemon/234.png
Smeargle,normal,,55,20,35,20,45,75,https://raw.githubusercontent.com/PokeAPI/sprites/master/sprites/pokemon/235.png
Tyrogue,fighting,,35,35,35,35,35,35,https://raw.githubusercontent.com/PokeAPI/sprites/master/sprites/pokemon/236.png
Hitmontop,fighting,,50,95,95,35,110,70,https://raw.githubusercontent.com/PokeAPI/sprites/master/sprites/pokemon/237.png
Smoochum,ice,psychic,45,30,15,85,65,65,https://raw.githubusercontent.com/PokeAPI/sprites/master/sprites/pokemon/238.png
Elekid,electric,,45,63,37,65,55,95,https://raw.githubusercontent.com/PokeAPI/sprites/master/sprites/pokemon/239.png
Magby,fire,,45,75,37,70,55,83,https://raw.githubusercontent.com/PokeAPI/sprites/master/sprites/pokemon/240.png
Miltank,normal,,95,80,105,40,70,100,https://raw.githubusercontent.com/PokeAPI/sprites/master/sprites/pokemon/241.png
Blissey,normal,,255,10,10,75,135,55,https://raw.githubusercontent.com/PokeAPI/sprites/master/sprites/pokemon/242.png
Raikou,electric,,90,85,75,115,100,115,https://raw.githubusercontent.com/PokeAPI/sprites/master/sprites/pokemon/243.png
Entei,fire,,115,115,85,90,75,100,https://raw.githubusercontent.com/PokeAPI/sprites/master/sprites/pokemon/244.png
Suicune,water,,100,75,115,90,115,85,https://raw.githubusercontent.com/PokeAPI/sprites/master/sprites/pokemon/245.png
Larvitar,rock,ground,50,64,50,45,50,41,https://raw.githubusercontent.com/PokeAPI/sprites/master/sprites/pokemon/246.png
Pupitar,rock,ground,70,84,70,65,70,51,https://raw.githubusercontent.com/PokeAPI/sprites/master/sprites/pokemon/247.png
Tyranitar,rock,dark,100,134,110,95,100,61,https://raw.githubusercontent.com/PokeAPI/sprites/master/sprites/pokemon/248.png
Lugia,psychic,flying,106,90,130,90,154,110,https://raw.githubusercontent.com/PokeAPI/sprites/master/sprites/pokemon/249.png
Ho-Oh,fire,flying,106,130,90,110,154,90,https://raw.githubusercontent.com/PokeAPI/sprites/master/sprites/pokemon/250.png
Celebi,psychic,grass,100,100,100,100,100,100,https://raw.githubusercontent.com/PokeAPI/sprites/master/sprites/pokemon/251.png
Treecko,grass,,40,45,35,65,55,70,https://raw.githubusercontent.com/PokeAPI/sprites/master/sprites/pokemon/252.png
Grovyle,grass,,50,65,45,85,65,95,https://raw.githubusercontent.com/PokeAPI/sprites/master/sprites/pokemon/253.png
Sceptile,grass,,70,85,65,105,85,120,https://raw.githubusercontent.com/PokeAPI/sprites/master/sprites/pokemon/254.png
Torchic,fire,,45,60,40,70,50,45,https://raw.githubusercontent.com/PokeAPI/sprites/master/sprites/pokemon/255.png
Combusken,fire,fighting,60,85,60,85,60,55,https://raw.githubusercontent.com/PokeAPI/sprites/master/sprites/pokemon/256.png
Blaziken,fire,fighting,80,120,70,110,70,80,https://raw.githubusercontent.com/PokeAPI/sprites/master/sprites/pokemon/257.png
Mudkip,water,,50,70,50,50,50,40,https://raw.githubusercontent.com/PokeAPI/sprites/master/sprites/pokemon/258.png
Marshtomp,water,ground,70,85,70,60,70,50,https://raw.githubusercontent.com/PokeAPI/sprites/master/sprites/pokemon/259.png
Swampert,water,ground,100,110,90,85,90,60,https://raw.githubusercontent.com/PokeAPI/sprites/master/sprites/pokemon/260.png
Poochyena,dark,,35,55,35,30,30,35,https://raw.githubusercontent.com/PokeAPI/sprites/master/sprites/pokemon/261.png
Mightyena,dark,,70,90,70,60,60,70,https://raw.githubusercontent.com/PokeAPI/sprites/master/sprites/pokemon/262.png
Zigzagoon,normal,,38,30,41,30,41,60,https://raw.githubusercontent.com/PokeAPI/sprites/master/sprites/pokemon/263.png
Linoone,normal,,78,70,61,50,61,100,https://raw.githubusercontent.com/PokeAPI/sprites/master/sprites/pokemon/264.png
Wurmple,bug,,45,45,35,20,30,20,https://raw.githubusercontent.com/PokeAPI/sprites/master/sprites/pokemon/265.png
Silcoon,bug,,50,35,55,25,25,15,https://raw.githubusercontent.com/PokeAPI/sprites/master/sprites/pokemon/266.png
Beautifly,bug,flying,60,70,50,100,50,65,https://raw.githubusercontent.com/PokeAPI/sprites/master/sprites/pokemon/267.png
Cascoon,bug,,50,35,55,25,25,15,https://raw.githubusercontent.com/PokeAPI/sprites/master/sprites/pokemon/268.png
Dustox,bug,poison,60,50,70,50,90,65,https://raw.githubusercontent.com/PokeAPI/sprites/master/sprites/pokemon/269.png
Lotad,water,grass,40,30,30,40,50,30,https://raw.githubusercontent.com/PokeAPI/sprites/master/sprites/pokemon/270.png
Lombre,water,grass,60,50,50,60,70,50,https://raw.githubusercontent.com/PokeAPI/sprites/master/sprites/pokemon/271.png
Ludicolo,water,grass,80,70,70,90,100,70,https://raw.githubusercontent.com/PokeAPI/sprites/master/sprites/pokemon/272.png
Seedot,grass,,40,40,50,30,30,30,https://raw.githubusercontent.com/PokeAPI/sprites/master/sprites/pokemon/273.png
Nuzleaf,grass,dark,70,70,40,60,40,60,https://raw.githubusercontent.com/PokeAPI/sprites/master/sprites/pokemon/274.png
Shiftry,grass,dark,90,100,60,90,60,80,https://raw.githubusercontent.com/PokeAPI/sprites/master/sprites/pokemon/275.png
Taillow,normal,flying,40,55,30,30,30,85,https://raw.githubusercontent.com/PokeAPI/sprites/master/sprites/pokemon/276.png
Swellow,normal,flying,60,85,60,75,50,125,https://raw.githubusercontent.com/PokeAPI/sprites/master/sprites/pokemon/277.png
Wingull,water,flying,40,30,30,55,30,85,https://raw.githubusercontent.com/PokeAPI/sprites/master/sprites/pokemon/278.png
Pelipper,water,flying,60,50,100,95,70,65,https://raw.githubusercontent.com/PokeAPI/sprites/master/sprites/pokemon/279.png
Ralts,psychic,fairy,28,25,25,45,35,40,https://raw.githubusercontent.com/PokeAPI/sprites/master/sprites/pokemon/280.png
Kirlia,psychic,fairy,38,35,35,65,55,50,https://raw.githubusercontent.com/PokeAPI/sprites/master/sprites/pokemon/281.png
Gardevoir,psychic,fairy,68,65,65,125,115,80,https://raw.githubusercontent.com/PokeAPI/sprites/master/sprites/pokemon/282.png
Surskit,bug,water,40,30,32,50,52,65,https://raw.githubusercontent.com/PokeAPI/sprites/master/sprites/pokemon/283.png
Masquerain,bug,flying,70,60,62,100,82,80,https://raw.githubusercontent.com/PokeAPI/sprites/master/sprites/pokemon/284.png
Shroomish,grass,,60,40,60,40,60,35,https://raw.githubusercontent.com/PokeAPI/sprites/master/sprites/pokemon/285.png
Breloom,grass,fighting,60,130,80,60,60,70,https://raw.githubusercontent.com/PokeAPI/sprites/master/sprites/pokemon/286.png
Slakoth,normal,,60,60,60,35,35,30,https://raw.githubusercontent.com/PokeAPI/sprites/master/sprites/pokemon/287.png
Vigoroth,normal,,80,80,80,55,55,90,https://raw.githubusercontent.com/PokeAPI/sprites/master/sprites/pokemon/288.png
Slaking,normal,,150,160,100,95,65,100,https://raw.githubusercontent.com/PokeAPI/sprites/master/sprites/pokemon/289.png
Nincada,bug,ground,31,45,90,30,30,40,https://raw.githubusercontent.com/PokeAPI/sprites/master/sprites/pokemon/290.png
Ninjask,bug,flying,61,90,45,50,50,160,https://raw.githubusercontent.com/PokeAPI/sprites/master/sprites/pokemon/291.png
Shedinja,bug,ghost,1,90,45,30,30,40,https://raw.githubusercontent.com/PokeAPI/sprites/master/sprites/pokemon/292.png
Whismur,normal,,64,51,23,51,23,28,https://raw.githubusercontent.com/PokeAPI/sprites/master/sprites/pokemon/293.png
Loudred,normal,,84,71,43,71,43,48,https://raw.githubusercontent.com/PokeAPI/sprites/master/sprites/pokemon/294.png
Exploud,normal,,104,91,63,91,73,68,https://raw.githubusercontent.com/PokeAPI/sprites/master/sprites/pokemon/295.png
Makuhita,fighting,,72,60,30,20,30,25,https://raw.githubusercontent.com/PokeAPI/sprites/master/sprites/pokemon/296.png
Hariyama,fighting,,144,120,60,40,60,50,https://raw.githubusercontent.com/PokeAPI/sprites/master/sprites/pokemon/297.png
Azurill,normal,fairy,50,20,40,20,40,20,https://raw.githubusercontent.com/PokeAPI/sprites/master/sprites/pokemon/298.png
Nosepass,rock,,30,45,135,45,90,30,https://raw.githubusercontent.com/PokeAPI/sprites/master/sprites/pokemon/299.png
Skitty,normal,,50,45,45,35,35,50,https://raw.githubusercontent.com/PokeAPI/sprites/master/sprites/pokemon/300.png
Delcatty,normal,,70,65,65,55,55,90,https://raw.githubusercontent.com/PokeAPI/sprites/master/sprites/pokemon/301.png
Sableye,dark,ghost,50,75,75,65,65,50,https://raw.githubusercontent.com/PokeAPI/sprites/master/sprites/pokemon/302.png
Mawile,steel,fairy,50,85,85,55,55,50,https://raw.githubusercontent.com/PokeAPI/sprites/master/sprites/pokemon/303.png
Aron,steel,rock,50,70,100,40,40,30,https://raw.githubusercontent.com/PokeAPI/sprites/master/sprites/pokemon/304.png
Lairon,steel,rock,60,90,140,50,50,40,https://raw.githubusercontent.com/PokeAPI/sprites/master/sprites/pokemon/305.png
Aggron,steel,rock,70,110,180,60,60,50,https://raw.githubusercontent.com/PokeAPI/sprites/master/sprites/pokemon/306.png
Meditite,fighting,psychic,30,40,55,40,55,60,https://raw.githubusercontent.com/PokeAPI/sprites/master/sprites/pokemon/307.png
Medicham,fighting,psychic,60,60,75,60,75,80,https://raw.githubusercontent.com/PokeAPI/sprites/master/sprites/pokemon/308.png
Electrike,electric,,40,45,40,65,40,65,https://raw.githubusercontent.com/PokeAPI/sprites/master/sprites/pokemon/309.png
Manectric,electric,,70,75,60,105,60,105,https://raw.githubusercontent.com/PokeAPI/sprites/master/sprites/pokemon/310.png
Plusle,electric,,60,50,40,85,75,95,https://raw.githubusercontent.com/PokeAPI/sprites/master/sprites/pokemon/311.png
Minun,electric,,60,40,50,75,85,95,https://raw.githubusercontent.com/PokeAPI/sprites/master/sprites/pokemon/312.png
Volbeat,bug,,65,73,75,47,85,85,https://raw.githubusercontent.com/PokeAPI/sprites/master/sprites/pokemon/313.png
Illumise,bug,,65,47,75,73,85,85,https://raw.githubusercontent.com/PokeAPI/sprites/master/sprites/pokemon/314.png
Roselia,grass,poison,50,60,45,100,80,65,https://raw.githubusercontent.com/PokeAPI/sprites/master/sprites/pokemon/315.png
Gulpin,poison,,70,43,53,43,53,40,https://raw.githubusercontent.com/PokeAPI/sprites/master/sprites/pokemon/316.png
Swalot,poison,,100,73,83,73,83,55,https://raw.githubusercontent.com/PokeAPI/sprites/master/sprites/pokemon/317.png
Carvanha,water,dark,45,90,20,65,20,65,https://raw.githubusercontent.com/PokeAPI/sprites/master/sprites/pokemon/318.png
Sharpedo,water,dark,70,120,40,95,40,95,https://raw.githubusercontent.com/PokeAPI/sprites/master/sprites/pokemon/319.png
Wailmer,water,,130,70,35,70,35,60,https://raw.githubusercontent.com/PokeAPI/sprites/master/sprites/pokemon/320.png
Wailord,water,,170,90,45,90,45,60,https://raw.githubusercontent.com/PokeAPI/sprites/master/sprites/pokemon/321.png
Numel,fire,ground,60,60,40,65,45,35,https://raw.githubusercontent.com/PokeAPI/sprites/master/sprites/pokemon/322.png
Camerupt,fire,ground,70,100,70,105,75,40,https://raw.githubusercontent.com/PokeAPI/sprites/master/sprites/pokemon/323.png
Torkoal,fire,,70,85,140,85,70,20,https://raw.githubusercontent.com/PokeAPI/sprites/master/sprites/pokemon/324.png
Spoink,psychic,,60,25,35,70,80,60,https://raw.githubusercontent.com/PokeAPI/sprites/master/sprites/pokemon/325.png
Grumpig,psychic,,80,45,65,90,110,80,https://raw.githubusercontent.com/PokeAPI/sprites/master/sprites/pokemon/326.png
Spinda,normal,,60,60,60,60,60,60,https://raw.githubusercontent.com/PokeAPI/sprites/master/sprites/pokemon/327.png
Trapinch,ground,,45,100,45,45,45,10,https://raw.githubusercontent.com/PokeAPI/sprites/master/sprites/pokemon/328.png
Vibrava,ground,dragon,50,70,50,50,50,70,https://raw.githubusercontent.com/PokeAPI/sprites/master/sprites/pokemon/329.png
Flygon,ground,dragon,80,100,80,80,80,100,https://raw.githubusercontent.com/PokeAPI/sprites/master/sprites/pokemon/330.png
Cacnea,grass,,50,85,40,85,40,35,https://raw.githubusercontent.com/PokeAPI/sprites/master/sprites/pokemon/331.png
Cacturne,grass,dark,70,115,60,115,60,55,https://raw.githubusercontent.com/PokeAPI/sprites/master/sprites/pokemon/332.png
Swablu,normal,flying,45,40,60,40,75,50,https://raw.githubusercontent.com/PokeAPI/sprites/master/sprites/pokemon/333.png
Altaria,dragon,flying,75,70,90,70,105,80,https://raw.githubusercontent.com/PokeAPI/sprites/master/sprites/pokemon/334.png
Zangoose,normal,,73,115,60,60,60,90,https://raw.githubusercontent.com/PokeAPI/sprites/master/sprites/pokemon/335.png
Seviper,poison,,73,100,60,100,60,65,https://raw.githubusercontent.com/PokeAPI/sprites/master/sprites/pokemon/336.png
Lunatone,rock,psychic,90,55,65,95,85,70,https://raw.githubusercontent.com/PokeAPI/sprites/master/sprites/pokemon/337.png
Solrock,rock,psychic,90,95,85,55,65,70,https://raw.githubusercontent.com/PokeAPI/sprites/master/sprites/pokemon/338.png
Barboach,water,ground,50,48,43,46,41,60,https://raw.githubusercontent.com/PokeAPI/sprites/master/sprites/pokemon/339.png
Whiscash,water,ground,110,78,73,76,71,60,https://raw.githubusercontent.com/PokeAPI/sprites/master/sprites/pokemon/340.png
Corphish,water,,43,80,65,50,35,35,https://raw.githubusercontent.com/PokeAPI/sprites/master/sprites/pokemon/341.png
Crawdaunt,water,dark,63,120,85,90,55,55,https://raw.githubusercontent.com/PokeAPI/sprites/master/sprites/pokemon/342.png
Baltoy,ground,psychic,40,40,55,40,70,55,https://raw.githubusercontent.com/PokeAPI/sprites/master/sprites/pokemon/343.png
Claydol,ground,psychic,60,70,105,70,120,75,https://raw.githubusercontent.com/PokeAPI/sprites/master/sprites/pokemon/344.png
Lileep,rock,grass,66,41,77,61,87,23,https://raw.githubusercontent.com/PokeAPI/sprites/master/sprites/pokemon/345.png
Cradily,rock,grass,86,81,97,81,107,43,https://raw.githubusercontent.com/PokeAPI/sprites/master/sprites/pokemon/346.png
Anorith,rock,bug,45,95,50,40,50,75,https://raw.githubusercontent.com/PokeAPI/sprites/master/sprites/pokemon/347.png
Armaldo,rock,bug,75,125,100,70,80,45,https://raw.githubusercontent.com/PokeAPI/sprites/master/sprites/pokemon/348.png
Feebas,water,,20,15,20,10,55,80,https://raw.githubusercontent.com/PokeAPI/sprites/master/sprites/pokemon/349.png
Milotic,water,,95,60,79,100,125,81,https://raw.githubusercontent.com/PokeAPI/sprites/master/sprites/pokemon/350.png
Castform,normal,,70,70,70,70,70,70,https://raw.githubusercontent.com/PokeAPI/sprites/master/sprites/pokemon/351.png
Kecleon,normal,,60,90,70,60,120,40,https://raw.githubusercontent.com/PokeAPI/sprites/master/sprites/pokemon/352.png
Shuppet,ghost,,44,75,35,63,33,45,https://raw.githubusercontent.com/PokeAPI/sprites/master/sprites/pokemon/353.png
Banette,ghost,,64,115,65,83,63,65,https://raw.githubusercontent.com/PokeAPI/sprites/master/sprites/pokemon/354.png
Duskull,ghost,,20,40,90,30,90,25,https://raw.githubusercontent.com/PokeAPI/sprites/master/sprites/pokemon/355.png
Dusclops,ghost,,40,70,130,60,130,25,https://raw.githubusercontent.com/PokeAPI/sprites/master/sprites/pokemon/356.png
Tropius,grass,flying,99,68,83,72,87,51,https://raw.githubusercontent.com/PokeAPI/sprites/master/sprites/pokemon/357.png
Chimecho,psychic,,75,50,80,95,90,65,https://raw.githubusercontent.com/PokeAPI/sprites/master/sprites/pokemon/358.png
Absol,dark,,65,130,60,75,60,75,https://raw.githubusercontent.com/PokeAPI/sprites/master/sprites/pokemon/359.png
Wynaut,psychic,,95,23,48,23,48,23,https://raw.githubusercontent.com/PokeAPI/sprites/master/sprites/pokemon/360.png
Snorunt,ice,,50,50,50,50,50,50,https://raw.githubusercontent.com/PokeAPI/sprites/master/sprites/pokemon/361.png
Glalie,ice,,80,80,80,80,80,80,https://raw.githubusercontent.com/PokeAPI/sprites/master/sprites/pokemon/362.png
Spheal,ice,water,70,40,50,55,50,25,https://raw.githubusercontent.com/PokeAPI/sprites/master/sprites/pokemon/363.png
Sealeo,ice,water,90,60,70,75,70,45,https://raw.githubusercontent.com/PokeAPI/sprites/master/sprites/pokemon/364.png
Walrein,ice,water,110,80,90,95,90,65,https://raw.githubusercontent.com/PokeAPI/sprites/master/sprites/pokemon/365.png
Clamperl,water,,35,64,85,74,55,32,https://raw.githubusercontent.com/PokeAPI/sprites/master/sprites/pokemon/366.png
Huntail,water,,55,104,105,94,75,52,https://raw.githubusercontent.com/PokeAPI/sprites/master/sprites/pokemon/367.png
Gorebyss,water,,55,84,105,114,75,52,https://raw.githubusercontent.com/PokeAPI/sprites/master/sprites/pokemon/368.png
Relicanth,water,rock,100,90,130,45,65,55,https://raw.githubusercontent.com/PokeAPI/sprites/master/sprites/pokemon/369.png
Luvdisc,water,,43,30,55,40,65,97,https://raw.githubusercontent.com/PokeAPI/sprites/master/sprites/pokemon/370.png
Bagon,dragon,,45,75,60,40,30,50,https://raw.githubusercontent.com/PokeAPI/sprites/master/sprites/pokemon/371.png
Shelgon,dragon,,65,95,100,60,50,50,https://raw.githubusercontent.com/PokeAPI/sprites/master/sprites/pokemon/372.png
Salamence,dragon,flying,95,135,80,110,80,100,https://raw.githubusercontent.com/PokeAPI/sprites/master/sprites/pokemon/373.png
Beldum,steel,psychic,40,55,80,35,60,30,https://raw.githubusercontent.com/PokeAPI/sprites/master/sprites/pokemon/374.png
Metang,steel,psychic,60,75,100,55,80,50,https://raw.githubusercontent.com/PokeAPI/sprites/master/sprites/pokemon/375.png
Metagross,steel,psychic,80,135,130,95,90,70,https://raw.githubusercontent.com/PokeAPI/sprites/master/sprites/pokemon/376.png
Regirock,rock,,80,100,200,50,100,50,https://raw.githubusercontent.com/PokeAPI/sprites/master/sprites/pokemon/377.png
Regice,ice,,80,50,100,100,200,50,https://raw.githubusercontent.com/PokeAPI/sprites/master/sprites/pokemon/378.png
Registeel,steel,,80,75,150,75,150,50,https://raw.githubusercontent.com/PokeAPI/sprites/master/sprites/pokemon/379.png
Latias,dragon,psychic,80,80,90,110,130,110,https://raw.githubusercontent.com/PokeAPI/sprites/master/sprites/pokemon/380.png
Latios,dragon,psychic,80,90,80,130,110,110,https://raw.githubusercontent.com/PokeAPI/sprites/master/sprites/pokemon/381.png
Kyogre,water,,100,100,90,150,140,90,https://raw.githubusercontent.com/PokeAPI/sprites/master/sprites/pokemon/382.png
Groudon,ground,,100,150,140,100,90,90,https://raw.githubusercontent.com/PokeAPI/sprites/master/sprites/pokemon/383.png
Rayquaza,dragon,flying,105,150,90,150,90,95,https://raw.githubusercontent.com/PokeAPI/sprites/master/sprites/pokemon/384.png
Jirachi,steel,psychic,100,100,100,100,100,100,https://raw.githubusercontent.com/PokeAPI/sprites/master/sprites/pokemon/385.png
Deoxys-Normal,psychic,,50,150,50,150,50,150,https://raw.githubusercontent.com/PokeAPI/sprites/master/sprites/pokemon/386.png
Turtwig,grass,,55,68,64,45,55,31,https://raw.githubusercontent.com/PokeAPI/sprites/master/sprites/pokemon/387.png
Grotle,grass,,75,89,85,55,65,36,https://raw.githubusercontent.com/PokeAPI/sprites/master/sprites/pokemon/388.png
Torterra,grass,ground,95,109,105,75,85,56,https://raw.githubusercontent.com/PokeAPI/sprites/master/sprites/pokemon/389.png
Chimchar,fire,,44,58,44,58,44,61,https://raw.githubusercontent.com/PokeAPI/sprites/master/sprites/pokemon/390.png
Monferno,fire,fighting,64,78,52,78,52,81,https://raw.githubusercontent.com/PokeAPI/sprites/master/sprites/pokemon/391.png
Infernape,fire,fighting,76,104,71,104,71,108,https://raw.githubusercontent.com/PokeAPI/sprites/master/sprites/pokemon/392.png
Piplup,water,,53,51,53,61,56,40,https://raw.githubusercontent.com/PokeAPI/sprites/master/sprites/pokemon/393.png
Prinplup,water,,64,66,68,81,76,50,https://raw.githubusercontent.com/PokeAPI/sprites/master/sprites/pokemon/394.png
Empoleon,water,steel,84,86,88,111,101,60,https://raw.githubusercontent.com/PokeAPI/sprites/master/sprites/pokemon/395.png
Starly,normal,flying,40,55,30,30,30,60,https://raw.githubusercontent.com/PokeAPI/sprites/master/sprites/pokemon/396.png
Staravia,normal,flying,55,75,50,40,40,80,https://raw.githubusercontent.com/PokeAPI/sprites/master/sprites/pokemon/397.png
Staraptor,normal,flying,85,120,70,50,60,100,https://raw.githubusercontent.com/PokeAPI/sprites/master/sprites/pokemon/398.png
Bidoof,normal,,59,45,40,35,40,31,https://raw.githubusercontent.com/PokeAPI/sprites/master/sprites/pokemon/399.png
Bibarel,normal,water,79,85,60,55,60,71,https://raw.githubusercontent.com/PokeAPI/sprites/master/sprites/pokemon/400.png
Kricketot,bug,,37,25,41,25,41,25,https://raw.githubusercontent.com/PokeAPI/sprites/master/sprites/pokemon/401.png
Kricketune,bug,,77,85,51,55,51,65,https://raw.githubusercontent.com/PokeAPI/sprites/master/sprites/pokemon/402.png
Shinx,electric,,45,65,34,40,34,45,https://raw.githubusercontent.com/PokeAPI/sprites/master/sprites/pokemon/403.png
Luxio,electric,,60,85,49,60,49,60,https://raw.githubusercontent.com/PokeAPI/sprites/master/sprites/pokemon/404.png
Luxray,electric,,80,120,79,95,79,70,https://raw.githubusercontent.com/PokeAPI/sprites/master/sprites/pokemon/405.png
Budew,grass,poison,40,30,35,50,70,55,https://raw.githubusercontent.com/PokeAPI/sprites/master/sprites/pokemon/406.png
Roserade,grass,poison,60,70,65,125,105,90,https://raw.githubusercontent.com/PokeAPI/sprites/master/sprites/pokemon/407.png
Cranidos,rock,,67,125,40,30,30,58,https://raw.githubusercontent.com/PokeAPI/sprites/master/sprites/pokemon/408.png
Rampardos,rock,,97,165,60,65,50,58,https://raw.githubusercontent.com/PokeAPI/sprites/master/sprites/pokemon/409.png
Shieldon,rock,steel,30,42,118,42,88,30,https://raw.githubusercontent.com/PokeAPI/sprites/master/sprites/pokemon/410.png
Bastiodon,rock,steel,60,52,168,47,138,30,https://raw.githubusercontent.com/PokeAPI/sprites/master/sprites/pokemon/411.png
Burmy,bug,,40,29,45,29,45,36,https://raw.githubusercontent.com/PokeAPI/sprites/master/sprites/pokemon/412.png
Wormadam-Plant,bug,grass,60,59,85,79,105,36,https://raw.githubusercontent.com/PokeAPI/sprites/master/sprites/pokemon/413.png
Mothim,bug,flying,70,94,50,94,50,66,https://raw.githubusercontent.com/PokeAPI/sprites/master/sprites/pokemon/414.png
Combee,bug,flying,30,30,42,30,42,70,https://raw.githubusercontent.com/PokeAPI/sprites/master/sprites/pokemon/415.png
Vespiquen,bug,flying,70,80,102,80,102,40,https://raw.githubusercontent.com/PokeAPI/sprites/master/sprites/pokemon/416.png
Pachirisu,electric,,60,45,70,45,90,95,https://raw.githubusercontent.com/PokeAPI/sprites/master/sprites/pokemon/417.png
Buizel,water,,55,65,35,60,30,85,https://raw.githubusercontent.com/PokeAPI/sprites/master/sprites/pokemon/418.png
Floatzel,water,,85,105,55,85,50,115,https://raw.githubusercontent.com/PokeAPI/sprites/master/sprites/pokemon/419.png
Cherubi,grass,,45,35,45,62,53,35,https://raw.githubusercontent.com/PokeAPI/sprites/master/sprites/pokemon/420.png
Cherrim,grass,,70,60,70,87,78,85,https://raw.githubusercontent.com/PokeAPI/sprites/master/sprites/pokemon/421.png
Shellos,water,,76,48,48,57,62,34,https://raw.githubusercontent.com/PokeAPI/sprites/master/sprites/pokemon/422.png
Gastrodon,water,ground,111,83,68,92,82,39,https://raw.githubusercontent.com/PokeAPI/sprites/master/sprites/pokemon/423.png
Ambipom,normal,,75,100,66,60,66,115,https://raw.githubusercontent.com/PokeAPI/sprites/master/sprites/pokemon/424.png
Drifloon,ghost,flying,90,50,34,60,44,70,https://raw.githubusercontent.com/PokeAPI/sprites/master/sprites/pokemon/425.png
Drifblim,ghost,flying,150,80,44,90,54,80,https://raw.githubusercontent.com/PokeAPI/sprites/master/sprites/pokemon/426.png
Buneary,normal,,55,66,44,44,56,85,https://raw.githubusercontent.com/PokeAPI/sprites/master/sprites/pokemon/427.png
Lopunny,normal,,65,76,84,54,96,105,https://raw.githubusercontent.com/PokeAPI/sprites/master/sprites/pokemon/428.png
Mismagius,ghost,,60,60,60,105,105,105,https://raw.githubusercontent.com/PokeAPI/sprites/master/sprites/pokemon/429.png
Honchkrow,dark,flying,100,125,52,105,52,71,https://raw.githubusercontent.com/PokeAPI/sprites/master/sprites/pokemon/430.png
Glameow,normal,,49,55,42,42,37,85,https://raw.githubusercontent.com/PokeAPI/sprites/master/sprites/pokemon/431.png
Purugly,normal,,71,82,64,64,59,112,https://raw.githubusercontent.com/PokeAPI/sprites/master/sprites/pokemon/432.png
Chingling,psychic,,45,30,50,65,50,45,https://raw.githubusercontent.com/PokeAPI/sprites/master/sprites/pokemon/433.png
Stunky,poison,dark,63,63,47,41,41,74,https://raw.githubusercontent.com/PokeAPI/sprites/master/sprites/pokemon/434.png
Skuntank,poison,dark,103,93,67,71,61,84,https://raw.githubusercontent.com/PokeAPI/sprites/master/sprites/pokemon/435.png
Bronzor,steel,psychic,57,24,86,24,86,23,https://raw.githubusercontent.com/PokeAPI/sprites/master/sprites/pokemon/436.png
Bronzong,steel,psychic,67,89,116,79,116,33,https://raw.githubusercontent.com/PokeAPI/sprites/master/sprites/pokemon/437.png
Bonsly,rock,,50,80,95,10,45,10,https://raw.githubusercontent.com/PokeAPI/sprites/master/sprites/pokemon/438.png
Mime-Jr,psychic,fairy,20,25,45,70,90,60,https://raw.githubusercontent.com/PokeAPI/sprites/master/sprites/pokemon/439.png
Happiny,normal,,100,5,5,15,65,30,https://raw.githubusercontent.com/PokeAPI/sprites/master/sprites/pokemon/440.png
Chatot,normal,flying,76,65,45,92,42,91,https://raw.githubusercontent.com/PokeAPI/sprites/master/sprites/pokemon/441.png
Spiritomb,ghost,dark,50,92,108,92,108,35,https://raw.githubusercontent.com/PokeAPI/sprites/master/sprites/pokemon/442.png
Gible,dragon,ground,58,70,45,40,45,42,https://raw.githubusercontent.com/PokeAPI/sprites/master/sprites/pokemon/443.png
Gabite,dragon,ground,68,90,65,50,55,82,https://raw.githubusercontent.com/PokeAPI/sprites/master/sprites/pokemon/444.png
Garchomp,dragon,ground,108,130,95,80,85,102,https://raw.githubusercontent.com/PokeAPI/sprites/master/sprites/pokemon/445.png
Munchlax,normal,,135,85,40,40,85,5,https://raw.githubusercontent.com/PokeAPI/sprites/master/sprites/pokemon/446.png
Riolu,fighting,,40,70,40,35,40,60,https://raw.githubusercontent.com/PokeAPI/sprites/master/sprites/pokemon/447.png
Lucario,fighting,steel,70,110,70,115,70,90,https://raw.githubusercontent.com/PokeAPI/sprites/master/sprites/pokemon/448.png
Hippopotas,ground,,68,72,78,38,42,32,https://raw.githubusercontent.com/PokeAPI/sprites/master/sprites/pokemon/449.png
Hippowdon,ground,,108,112,118,68,72,47,https://raw.githubusercontent.com/PokeAPI/sprites/master/sprites/pokemon/450.png
Skorupi,poison,bug,40,50,90,30,55,65,https://raw.githubusercontent.com/PokeAPI/sprites/master/sprites/pokemon/451.png
Drapion,poison,dark,70,90,110,60,75,95,https://raw.githubusercontent.com/PokeAPI/sprites/master/sprites/pokemon/452.png
Croagunk,poison,fighting,48,61,40,61,40,50,https://raw.githubusercontent.com/PokeAPI/sprites/master/sprites/pokemon/453.png
Toxicroak,poison,fighting,83,106,65,86,65,85,https://raw.githubusercontent.com/PokeAPI/sprites/master/sprites/pokemon/454.png
Carnivine,grass,,74,100,72,90,72,46,https://raw.githubusercontent.com/PokeAPI/sprites/master/sprites/pokemon/455.png
Finneon,water,,49,49,56,49,61,66,https://raw.githubusercontent.com/PokeAPI/sprites/master/sprites/pokemon/456.png
Lumineon,water,,69,69,76,69,86,91,https://raw.githubusercontent.com/PokeAPI/sprites/master/sprites/pokemon/457.png
Mantyke,water,flying,45,20,50,60,120,50,https://raw.githubusercontent.com/PokeAPI/sprites/master/sprites/pokemon/458.png
Snover,grass,ice,60,62,50,62,60,40,https://raw.githubusercontent.com/PokeAPI/sprites/master/sprites/pokemon/459.png
Abomasnow,grass,ice,90,92,75,92,85,60,https://raw.githubusercontent.com/PokeAPI/sprites/master/sprites/pokemon/460.png
Weavile,dark,ice,70,120,65,45,85,125,https://raw.githubusercontent.com/PokeAPI/sprites/master/sprites/pokemon/461.png
Magnezone,electric,steel,70,70,115,130,90,60,https://raw.githubusercontent.com/PokeAPI/sprites/master/sprites/pokemon/462.png
Lickilicky,normal,,110,85,95,80,95,50,https://raw.githubusercontent.com/PokeAPI/sprites/master/sprites/pokemon/463.png
Rhyperior,ground,rock,115,140,130,55,55,40,https://raw.githubusercontent.com/PokeAPI/sprites/master/sprites/pokemon/464.png
Tangrowth,grass,,100,100,125,110,50,50,https://raw.githubusercontent.com/PokeAPI/sprites/master/sprites/pokemon/465.png
Electivire,electric,,75,123,67,95,85,95,https://raw.githubusercontent.com/PokeAPI/sprites/master/sprites/pokemon/466.png
Magmortar,fire,,75,95,67,125,95,83,https://raw.githubusercontent.com/PokeAPI/sprites/master/sprites/pokemon/467.png
Togekiss,fairy,flying,85,50,95,120,115,80,https://raw.githubusercontent.com/PokeAPI/sprites/master/sprites/pokemon/468.png
Yanmega,bug,flying,86,76,86,116,56,95,https://raw.githubusercontent.com/PokeAPI/sprites/master/sprites/pokemon/469.png
Leafeon,grass,,65,110,130,60,65,95,https://raw.githubusercontent.com/PokeAPI/sprites/master/sprites/pokemon/470.png
Glaceon,ice,,65,60,110,130,95,65,https://raw.githubusercontent.com/PokeAPI/sprites/master/sprites/pokemon/471.png
Gliscor,ground,flying,75,95,125,45,75,95,https://raw.githubusercontent.com/PokeAPI/sprites/master/sprites/pokemon/472.png
Mamoswine,ice,ground,110,130,80,70,60,80,https://raw.githubusercontent.com/PokeAPI/sprites/master/sprites/pokemon/473.png
Porygon-Z,normal,,85,80,70,135,75,90,https://raw.githubusercontent.com/PokeAPI/sprites/master/sprites/pokemon/474.png
Gallade,psychic,fighting,68,125,65,65,115,80,https://raw.githubusercontent.com/PokeAPI/sprites/master/sprites/pokemon/475.png
Probopass,rock,steel,60,55,145,75,150,40,https://raw.githubusercontent.com/PokeAPI/sprites/master/sprites/pokemon/476.png
Dusknoir,ghost,,45,100,135,65,135,45,https://raw.githubusercontent.com/PokeAPI/sprites/master/sprites/pokemon/477.png
Froslass,ice,ghost,70,80,70,80,70,110,https://raw.githubusercontent.com/PokeAPI/sprites/master/sprites/pokemon/478.png
Rotom,electric,ghost,50,50,77,95,77,91,https://raw.githubusercontent.com/PokeAPI/sprites/master/sprites/pokemon/479.png
Uxie,psychic,,75,75,130,75,130,95,https://raw.githubusercontent.com/PokeAPI/sprites/master/sprites/pokemon/480.png
Mesprit,psychic,,80,105,105,105,105,80,https://raw.githubusercontent.com/PokeAPI/sprites/master/sprites/pokemon/481.png
Azelf,psychic,,75,125,70,125,70,115,https://raw.githubusercontent.com/PokeAPI/sprites/master/sprites/pokemon/482.png
Dialga,steel,dragon,100,120,120,150,100,90,https://raw.githubusercontent.com/PokeAPI/sprites/master/sprites/pokemon/483.png
Palkia,water,dragon,90,120,100,150,120,100,https://raw.githubusercontent.com/PokeAPI/sprites/master/sprites/pokemon/484.png
Heatran,fire,steel,91,90,106,130,106,77,https://raw.githubusercontent.com/PokeAPI/sprites/master/sprites/pokemon/485.png
Regigigas,normal,,110,160,110,80,110,100,https://raw.githubusercontent.com/PokeAPI/sprites/master/sprites/pokemon/486.png
Giratina-Altered,ghost,dragon,150,100,120,100,120,90,https://raw.githubusercontent.com/PokeAPI/sprites/master/sprites/pokemon/487.png
Cresselia,psychic,,120,70,110,75,120,85,https://raw.githubusercontent.com/PokeAPI/sprites/master/sprites/pokemon/488.png
Phione,water,,80,80,80,80,80,80,https://raw.githubusercontent.com/PokeAPI/sprites/master/sprites/pokemon/489.png
Manaphy,water,,100,100,100,100,100,100,https://raw.githubusercontent.com/PokeAPI/sprites/master/sprites/pokemon/490.png
Darkrai,dark,,70,90,90,135,90,125,https://raw.githubusercontent.com/PokeAPI/sprites/master/sprites/pokemon/491.png
Shaymin-Land,grass,,100,100,100,100,100,100,https://raw.githubusercontent.com/PokeAPI/sprites/master/sprites/pokemon/492.png
Arceus,normal,,120,120,120,120,120,120,https://raw.githubusercontent.com/PokeAPI/sprites/master/sprites/pokemon/493.png
Victini,psychic,fire,100,100,100,100,100,100,https://raw.githubusercontent.com/PokeAPI/sprites/master/sprites/pokemon/494.png
Snivy,grass,,45,45,55,45,55,63,https://raw.githubusercontent.com/PokeAPI/sprites/master/sprites/pokemon/495.png
Servine,grass,,60,60,75,60,75,83,https://raw.githubusercontent.com/PokeAPI/sprites/master/sprites/pokemon/496.png
Serperior,grass,,75,75,95,75,95,113,https://raw.githubusercontent.com/PokeAPI/sprites/master/sprites/pokemon/497.png
Tepig,fire,,65,63,45,45,45,45,https://raw.githubusercontent.com/PokeAPI/sprites/master/sprites/pokemon/498.png
Pignite,fire,fighting,90,93,55,70,55,55,https://raw.githubusercontent.com/PokeAPI/sprites/master/sprites/pokemon/499.png
Emboar,fire,fighting,110,123,65,100,65,65,https://raw.githubusercontent.com/PokeAPI/sprites/master/sprites/pokemon/500.png
Oshawott,water,,55,55,45,63,45,45,https://raw.githubusercontent.com/PokeAPI/sprites/master/sprites/pokemon/501.png
Dewott,water,,75,75,60,83,60,60,https://raw.githubusercontent.com/PokeAPI/sprites/master/sprites/pokemon/502.png
Samurott,water,,95,100,85,108,70,70,https://raw.githubusercontent.com/PokeAPI/sprites/master/sprites/pokemon/503.png
Patrat,normal,,45,55,39,35,39,42,https://raw.githubusercontent.com/PokeAPI/sprites/master/sprites/pokemon/504.png
Watchog,normal,,60,85,69,60,69,77,https://raw.githubusercontent.com/PokeAPI/sprites/master/sprites/pokemon/505.png
Lillipup,normal,,45,60,45,25,45,55,https://raw.githubusercontent.com/PokeAPI/sprites/master/sprites/pokemon/506.png
Herdier,normal,,65,80,65,35,65,60,https://raw.githubusercontent.com/PokeAPI/sprites/master/sprites/pokemon/507.png
Stoutland,normal,,85,110,90,45,90,80,https://raw.githubusercontent.com/PokeAPI/sprites/master/sprites/pokemon/508.png
Purrloin,dark,,41,50,37,50,37,66,https://raw.githubusercontent.com/PokeAPI/sprites/master/sprites/pokemon/509.png
Liepard,dark,,64,88,50,88,50,106,https://raw.githubusercontent.com/PokeAPI/sprites/master/sprites/pokemon/510.png
Pansage,grass,,50,53,48,53,48,64,https://raw.githubusercontent.com/PokeAPI/sprites/master/sprites/pokemon/511.png
Simisage,grass,,75,98,63,98,63,101,https://raw.githubusercontent.com/PokeAPI/sprites/master/sprites/pokemon/512.png
Pansear,fire,,50,53,48,53,48,64,https://raw.githubusercontent.com/PokeAPI/sprites/master/sprites/pokemon/513.png
Simisear,fire,,75,98,63,98,63,101,https://raw.githubusercontent.com/PokeAPI/sprites/master/sprites/pokemon/514.png
Panpour,water,,50,53,48,53,48,64,https://raw.githubusercontent.com/PokeAPI/sprites/master/sprites/pokemon/515.png
Simipour,water,,75,98,63,98,63,101,https://raw.githubusercontent.com/PokeAPI/sprites/master/sprites/pokemon/516.png
Munna,psychic,,76,25,45,67,55,24,https://raw.githubusercontent.com/PokeAPI/sprites/master/sprites/pokemon/517.png
Musharna,psychic,,116,55,85,107,95,29,https://raw.githubusercontent.com/PokeAPI/sprites/master/sprites/pokemon/518.png
Pidove,normal,flying,50,55,50,36,30,43,https://raw.githubusercontent.com/PokeAPI/sprites/master/sprites/pokemon/519.png
Tranquill,normal,flying,62,77,62,50,42,65,https://raw.githubusercontent.com/PokeAPI/sprites/master/sprites/pokemon/520.png
Unfezant,normal,flying,80,115,80,65,55,93,https://raw.githubusercontent.com/PokeAPI/sprites/master/sprites/pokemon/521.png
Blitzle,electric,,45,60,32,50,32,76,https://raw.githubusercontent.com/PokeAPI/sprites/master/sprites/pokemon/522.png
Zebstrika,electric,,75,100,63,80,63,116,https://raw.githubusercontent.com/PokeAPI/sprites/master/sprites/pokemon/523.png
Roggenrola,rock,,55,75,85,25,25,15,https://raw.githubusercontent.com/PokeAPI/sprites/master/sprites/pokemon/524.png
Boldore,rock,,70,105,105,50,40,20,https://raw.githubusercontent.com/PokeAPI/sprites/master/sprites/pokemon/525.png
Gigalith,rock,,85,135,130,60,80,25,https://raw.githubusercontent.com/PokeAPI/sprites/master/sprites/pokemon/526.png
Woobat,psychic,flying,65,45,43,55,43,72,https://raw.githubusercontent.com/PokeAPI/sprites/master/sprites/pokemon/527.png
Swoobat,psychic,flying,67,57,55,77,55,114,https://raw.githubusercontent.com/PokeAPI/sprites/master/sprites/pokemon/528.png
Drilbur,ground,,60,85,40,30,45,68,https://raw.githubusercontent.com/PokeAPI/sprites/master/sprites/pokemon/529.png
Excadrill,ground,steel,110,135,60,50,65,88,https://raw.githubusercontent.com/PokeAPI/sprites/master/sprites/pokemon/530.png
Audino,normal,,103,60,86,60,86,50,https://raw.githubusercontent.com/PokeAPI/sprites/master/sprites/pokemon/531.png
Timburr,fighting,,75,80,55,25,35,35,https://raw.githubusercontent.com/PokeAPI/sprites/master/sprites/pokemon/532.png
Gurdurr,fighting,,85,105,85,40,50,40,https://raw.githubusercontent.com/PokeAPI/sprites/master/sprites/pokemon/533.png
Conkeldurr,fighting,,105,140,95,55,65,45,https://raw.githubusercontent.com/PokeAPI/sprites/master/sprites/pokemon/534.png
Tympole,water,,50,50,40,50,40,64,https://raw.githubusercontent.com/PokeAPI/sprites/master/sprites/pokemon/535.png
Palpitoad,water,ground,75,65,55,65,55,69,https://raw.githubusercontent.com/PokeAPI/sprites/master/sprites/pokemon/536.png
Seismitoad,water,ground,105,95,75,85,75,74,https://raw.githubusercontent.com/PokeAPI/sprites/master/sprites/pokemon/537.png
Throh,fighting,,120,100,85,30,85,45,https://raw.githubusercontent.com/PokeAPI/sprites/master/sprites/pokemon/538.png
Sawk,fighting,,75,125,75,30,75,85,https://raw.githubusercontent.com/PokeAPI/sprites/master/sprites/pokemon/539.png
Sewaddle,bug,grass,45,53,70,40,60,42,https://raw.githubusercontent.com/PokeAPI/sprites/master/sprites/pokemon/540.png
Swadloon,bug,grass,55,63,90,50,80,42,https://raw.githubusercontent.com/PokeAPI/sprites/master/sprites/pokemon/541.png
Leavanny,bug,grass,75,103,80,70,80,92,https://raw.githubusercontent.com/PokeAPI/sprites/master/sprites/pokemon/542.png
Venipede,bug,poison,30,45,59,30,39,57,https://raw.githubusercontent.com/PokeAPI/sprites/master/sprites/pokemon/543.png
Whirlipede,bug,poison,40,55,99,40,79,47,https://raw.githubusercontent.com/PokeAPI/sprites/master/sprites/pokemon/544.png
Scolipede,bug,poison,60,100,89,55,69,112,https://raw.githubusercontent.com/PokeAPI/sprites/master/sprites/pokemon/545.png
Cottonee,grass,fairy,40,27,60,37,50,66,https://raw.githubusercontent.com/PokeAPI/sprites/master/sprites/pokemon/546.png
Whimsicott,grass,fairy,60,67,85,77,75,116,https://raw.githubusercontent.com/PokeAPI/sprites/master/sprites/pokemon/547.png
Petilil,grass,,45,35,50,70,50,30,https://raw.githubusercontent.com/PokeAPI/sprites/master/sprites/pokemon/548.png
Lilligant,grass,,70,60,75,110,75,90,https://raw.githubusercontent.com/PokeAPI/sprites/master/sprites/pokemon/549.png
Basculin-Red-Striped,water,,70,92,65,80,55,98,https://raw.githubusercontent.com/PokeAPI/sprites/master/sprites/pokemon/550.png
Sandile,ground,dark,50,72,35,35,35,65,https://raw.githubusercontent.com/PokeAPI/sprites/master/sprites/pokemon/551.png
Krokorok,ground,dark,60,82,45,45,45,74,https://raw.githubusercontent.com/PokeAPI/sprites/master/sprites/pokemon/552.png
Krookodile,ground,dark,95,117,80,65,70,92,https://raw.githubusercontent.com/PokeAPI/sprites/master/sprites/pokemon/553.png
Darumaka,fire,,70,90,45,15,45,50,https://raw.githubusercontent.com/PokeAPI/sprites/master/sprites/pokemon/554.png
Darmanitan-Standard,fire,,105,140,55,30,55,95,https://raw.githubusercontent.com/PokeAPI/sprites/master/sprites/pokemon/555.png
Maractus,grass,,75,86,67,106,67,60,https://raw.githubusercontent.com/PokeAPI/sprites/master/sprites/pokemon/556.png
Dwebble,bug,rock,50,65,85,35,35,55,https://raw.githubusercontent.com/PokeAPI/sprites/master/sprites/pokemon/557.png
Crustle,bug,rock,70,105,125,65,75,45,https://raw.githubusercontent.com/PokeAPI/sprites/master/sprites/pokemon/558.png
Scraggy,dark,fighting,50,75,70,35,70,48,https://raw.githubusercontent.com/PokeAPI/sprites/master/sprites/pokemon/559.png
Scrafty,dark,fighting,65,90,115,45,115,58,https://raw.githubusercontent.com/PokeAPI/sprites/master/sprites/pokemon/560.png
Sigilyph,psychic,flying,72,58,80,103,80,97,https://raw.githubusercontent.com/PokeAPI/sprites/master/sprites/pokemon/561.png
Yamask,ghost,,38,30,85,55,65,30,https://raw.githubusercontent.com/PokeAPI/sprites/master/sprites/pokemon/562.png
Cofagrigus,ghost,,58,50,145,95,105,30,https://raw.githubusercontent.com/PokeAPI/sprites/master/sprites/pokemon/563.png
Tirtouga,water,rock,54,78,103,53,45,22,https://raw.githubusercontent.com/PokeAPI/sprites/master/sprites/pokemon/564.png
Carracosta,water,rock,74,108,133,83,65,32,https://raw.githubusercontent.com/PokeAPI/sprites/master/sprites/pokemon/565.png
Archen,rock,flying,55,112,45,74,45,70,https://raw.githubusercontent.com/PokeAPI/sprites/master/sprites/pokemon/566.png
Archeops,rock,flying,75,140,65,112,65,110,https://raw.githubusercontent.com/PokeAPI/sprites/master/sprites/pokemon/567.png
Trubbish,poison,,50,50,62,40,62,65,https://raw.githubusercontent.com/PokeAPI/sprites/master/sprites/pokemon/568.png
Garbodor,poison,,80,95,82,60,82,75,https://raw.githubusercontent.com/PokeAPI/sprites/master/sprites/pokemon/569.png
Zorua,dark,,40,65,40,80,40,65,https://raw.githubusercontent.com/PokeAPI/sprites/master/sprites/pokemon/570.png
Zoroark,dark,,60,105,60,120,60,105,https://raw.githubusercontent.com/PokeAPI/sprites/master/sprites/pokemon/571.png
Minccino,normal,,55,50,40,40,40,75,https://raw.githubusercontent.com/PokeAPI/sprites/master/sprites/pokemon/572.png
Cinccino,normal,,75,95,60,65,60,115,https://raw.githubusercontent.com/PokeAPI/sprites/master/sprites/pokemon/573.png
Gothita,psychic,,45,30,50,55,65,45,https://raw.githubusercontent.com/PokeAPI/sprites/master/sprites/pokemon/574.png
Gothorita,psychic,,60,45,70,75,85,55,https://raw.githubusercontent.com/PokeAPI/sprites/master/sprites/pokemon/575.png
Gothitelle,psychic,,70,55,95,95,110,65,https://raw.githubusercontent.com/PokeAPI/sprites/master/sprites/pokemon/576.png
Solosis,psychic,,45,30,40,105,50,20,https://raw.githubusercontent.com/PokeAPI/sprites/master/sprites/pokemon/577.png
Duosion,psychic,,65,40,50,125,60,30,https://raw.githubusercontent.com/PokeAPI/sprites/master/sprites/pokemon/578.png
Reuniclus,psychic,,110,65,75,125,85,30,https://raw.githubusercontent.com/PokeAPI/sprites/master/sprites/pokemon/579.png
Ducklett,water,flying,62,44,50,44,50,55,https://raw.githubusercontent.com/PokeAPI/sprites/master/sprites/pokemon/580.png
Swanna,water,flying,75,87,63,87,63,98,https://raw.githubusercontent.com/PokeAPI/sprites/master/sprites/pokemon/581.png
Vanillite,ice,,36,50,50,65,60,44,https://raw.githubusercontent.com/PokeAPI/sprites/master/sprites/pokemon/582.png
Vanillish,ice,,51,65,65,80,75,59,https://raw.githubusercontent.com/PokeAPI/sprites/master/sprites/pokemon/583.png
Vanilluxe,ice,,71,95,85,110,95,79,https://raw.githubusercontent.com/PokeAPI/sprites/master/sprites/pokemon/584.png
Deerling,normal,grass,60,60,50,40,50,75,https://raw.githubusercontent.com/PokeAPI/sprites/master/sprites/pokemon/585.png
Sawsbuck,normal,grass,80,100,70,60,70,95,https://raw.githubusercontent.com/PokeAPI/sprites/master/sprites/pokemon/586.png
Emolga,electric,flying,55,75,60,75,60,103,https://raw.githubusercontent.com/PokeAPI/sprites/master/sprites/pokemon/587.png
Karrablast,bug,,50,75,45,40,45,60,https://raw.githubusercontent.com/PokeAPI/sprites/master/sprites/pokemon/588.png
Escavalier,bug,steel,70,135,105,60,105,20,https://raw.githubusercontent.com/PokeAPI/sprites/master/sprites/pokemon/589.png
Foongus,grass,poison,69,55,45,55,55,15,https://raw.githubusercontent.com/PokeAPI/sprites/master/sprites/pokemon/590.png
Amoonguss,grass,poison,114,85,70,85,80,30,https://raw.githubusercontent.com/PokeAPI/sprites/master/sprites/pokemon/591.png
Frillish-Male,water,ghost,55,40,50,65,85,40,https://raw.githubusercontent.com/PokeAPI/sprites/master/sprites/pokemon/592.png
Jellicent-Male,water,ghost,100,60,70,85,105,60,https://raw.githubusercontent.com/PokeAPI/sprites/master/sprites/pokemon/593.png
Alomomola,water,,165,75,80,40,45,65,https://raw.githubusercontent.com/PokeAPI/sprites/master/sprites/pokemon/594.png
Joltik,bug,electric,50,47,50,57,50,65,https://raw.githubusercontent.com/PokeAPI/sprites/master/sprites/pokemon/595.png
Galvantula,bug,electric,70,77,60,97,60,108,https://raw.githubusercontent.com/PokeAPI/sprites/master/sprites/pokemon/596.png
Ferroseed,grass,steel,44,50,91,24,86,10,https://raw.githubusercontent.com/PokeAPI/sprites/master/sprites/pokemon/597.png
Ferrothorn,grass,steel,74,94,131,54,116,20,https://raw.githubusercontent.com/PokeAPI/sprites/master/sprites/pokemon/598.png
Klink,steel,,40,55,70,45,60,30,https://raw.githubusercontent.com/PokeAPI/sprites/master/sprites/pokemon/599.png
Klang,steel,,60,80,95,70,85,50,https://raw.githubusercontent.com/PokeAPI/sprites/master/sprites/pokemon/600.png
Klinklang,steel,,60,100,115,70,85,90,https://raw.githubusercontent.com/PokeAPI/sprites/master/sprites/pokemon/601.png
Tynamo,electric,,35,55,40,45,40,60,https://raw.githubusercontent.com/PokeAPI/sprites/master/sprites/pokemon/602.png
Eelektrik,electric,,65,85,70,75,70,40,https://raw.githubusercontent.com/PokeAPI/sprites/master/sprites/pokemon/603.png
Eelektross,electric,,85,115,80,105,80,50,https://raw.githubusercontent.com/PokeAPI/sprites/master/sprites/pokemon/604.png
Elgyem,psychic,,55,55,55,85,55,30,https://raw.githubusercontent.com/PokeAPI/sprites/master/sprites/pokemon/605.png
Beheeyem,psychic,,75,75,75,125,95,40,https://raw.githubusercontent.com/PokeAPI/sprites/master/sprites/pokemon/606.png
Litwick,ghost,fire,50,30,55,65,55,20,https://raw.githubusercontent.com/PokeAPI/sprites/master/sprites/pokemon/607.png
Lampent,ghost,fire,60,40,60,95,60,55,https://raw.githubusercontent.com/PokeAPI/sprites/master/sprites/pokemon/608.png
Chandelure,ghost,fire,60,55,90,145,90,80,https://raw.githubusercontent.com/PokeAPI/sprites/master/sprites/pokemon/609.png
Axew,dragon,,46,87,60,30,40,57,https://raw.githubusercontent.com/PokeAPI/sprites/master/sprites/pokemon/610.png
Fraxure,dragon,,66,117,70,40,50,67,https://raw.githubusercontent.com/PokeAPI/sprites/master/sprites/pokemon/611.png
Haxorus,dragon,,76,147,90,60,70,97,https://raw.githubusercontent.com/PokeAPI/sprites/master/sprites/pokemon/612.png
Cubchoo,ice,,55,70,40,60,40,40,https://raw.githubusercontent.com/PokeAPI/sprites/master/sprites/pokemon/613.png
Beartic,ice,,95,130,80,70,80,50,https://raw.githubusercontent.com/PokeAPI/sprites/master/sprites/pokemon/614.png
Cryogonal,ice,,80,50,50,95,135,105,https://raw.githubusercontent.com/PokeAPI/sprites/master/sprites/pokemon/615.png
Shelmet,bug,,50,40,85,40,65,25,https://raw.githubusercontent.com/PokeAPI/sprites/master/sprites/pokemon/616.png
Accelgor,bug,,80,70,40,100,60,145,https://raw.githubusercontent.com/PokeAPI/sprites/master/sprites/pokemon/617.png
Stunfisk,ground,electric,109,66,84,81,99,32,https://raw.githubusercontent.com/PokeAPI/sprites/master/sprites/pokemon/618.png
Mienfoo,fighting,,45,85,50,55,50,65,https://raw.githubusercontent.com/PokeAPI/sprites/master/sprites/pokemon/619.png
Mienshao,fighting,,65,125,60,95,60,105,https://raw.githubusercontent.com/PokeAPI/sprites/master/sprites/pokemon/620.png
Druddigon,dragon,,77,120,90,60,90,48,https://raw.githubusercontent.com/PokeAPI/sprites/master/sprites/pokemon/621.png
Golett,ground,ghost,59,74,50,35,50,35,https://raw.githubusercontent.com/PokeAPI/sprites/master/sprites/pokemon/622.png
Golurk,ground,ghost,89,124,80,55,80,55,https://raw.githubusercontent.com/PokeAPI/sprites/master/sprites/pokemon/623.png
Pawniard,dark,steel,45,85,70,40,40,60,https://raw.githubusercontent.com/PokeAPI/sprites/master/sprites/pokemon/624.png
Bisharp,dark,steel,65,125,100,60,70,70,https://raw.githubusercontent.com/PokeAPI/sprites/master/sprites/pokemon/625.png
Bouffalant,normal,,95,110,95,40,95,55,https://raw.githubusercontent.com/PokeAPI/sprites/master/sprites/pokemon/626.png
Rufflet,normal,flying,70,83,50,37,50,60,https://raw.githubusercontent.com/PokeAPI/sprites/master/sprites/pokemon/627.png
Braviary,normal,flying,100,123,75,57,75,80,https://raw.githubusercontent.com/PokeAPI/sprites/master/sprites/pokemon/628.png
Vullaby,dark,flying,70,55,75,45,65,60,https://raw.githubusercontent.com/PokeAPI/sprites/master/sprites/pokemon/629.png
Mandibuzz,dark,flying,110,65,105,55,95,80,https://raw.githubusercontent.com/PokeAPI/sprites/master/sprites/pokemon/630.png
Heatmor,fire,,85,97,66,105,66,65,https://raw.githubusercontent.com/PokeAPI/sprites/master/sprites/pokemon/631.png
Durant,bug,steel,58,109,112,48,48,109,https://raw.githubusercontent.com/PokeAPI/sprites/master/sprites/pokemon/632.png
Deino,dark,dragon,52,65,50,45,50,38,https://raw.githubusercontent.com/PokeAPI/sprites/master/sprites/pokemon/633.png
Zweilous,dark,dragon,72,85,70,65,70,58,https://raw.githubusercontent.com/PokeAPI/sprites/master/sprites/pokemon/634.png
Hydreigon,dark,dragon,92,105,90,125,90,98,https://raw.githubusercontent.com/PokeAPI/sprites/master/sprites/pokemon/635.png
Larvesta,bug,fire,55,85,55,50,55,60,https://raw.githubusercontent.com/PokeAPI/sprites/master/sprites/pokemon/636.png
Volcarona,bug,fire,85,60,65,135,105,100,https://raw.githubusercontent.com/PokeAPI/sprites/master/sprites/pokemon/637.png
Cobalion,steel,fighting,91,90,129,90,72,108,https://raw.githubusercontent.com/PokeAPI/sprites/master/sprites/pokemon/638.png
Terrakion,rock,fighting,91,129,90,72,90,108,https://raw.githubusercontent.com/PokeAPI/sprites/master/sprites/pokemon/639.png
Virizion,grass,fighting,91,90,72,90,129,108,https://raw.githubusercontent.com/PokeAPI/sprites/master/sprites/pokemon/640.png
Tornadus-Incarnate,flying,,79,115,70,125,80,111,https://raw.githubusercontent.com/PokeAPI/sprites/master/sprites/pokemon/641.png
Thundurus-Incarnate,electric,flying,79,115,70,125,80,111,https://raw.githubusercontent.com/PokeAPI/sprites/master/sprites/pokemon/642.png
Reshiram,dragon,fire,100,120,100,150,120,90,https://raw.githubusercontent.com/PokeAPI/sprites/master/sprites/pokemon/643.png
Zekrom,dragon,electric,100,150,120,120,100,90,https://raw.githubusercontent.com/PokeAPI/sprites/master/sprites/pokemon/644.png
Landorus-Incarnate,ground,flying,89,125,90,115,80,101,https://raw.githubusercontent.com/PokeAPI/sprites/master/sprites/pokemon/645.png
Kyurem,dragon,ice,125,130,90,130,90,95,https://raw.githubusercontent.com/PokeAPI/sprites/master/sprites/pokemon/646.png
Keldeo-Ordinary,water,fighting,91,72,90,129,90,108,https://raw.githubusercontent.com/PokeAPI/sprites/master/sprites/pokemon/647.png
Meloetta-Aria,normal,psychic,100,77,77,128,128,90,https://raw.githubusercontent.com/PokeAPI/sprites/master/sprites/pokemon/648.png
Genesect,bug,steel,71,120,95,120,95,99,https://raw.githubusercontent.com/PokeAPI/sprites/master/sprites/pokemon/649.png
Chespin,grass,,56,61,65,48,45,38,https://raw.githubusercontent.com/PokeAPI/sprites/master/sprites/pokemon/650.png
Quilladin,grass,,61,78,95,56,58,57,https://raw.githubusercontent.com/PokeAPI/sprites/master/sprites/pokemon/651.png
Chesnaught,grass,fighting,88,107,122,74,75,64,https://raw.githubusercontent.com/PokeAPI/sprites/master/sprites/pokemon/652.png
Fennekin,fire,,40,45,40,62,60,60,https://raw.githubusercontent.com/PokeAPI/sprites/master/sprites/pokemon/653.png
Braixen,fire,,59,59,58,90,70,73,https://raw.githubusercontent.com/PokeAPI/sprites/master/sprites/pokemon/654.png
Delphox,fire,psychic,75,69,72,114,100,104,https://raw.githubusercontent.com/PokeAPI/sprites/master/sprites/pokemon/655.png
Froakie,water,,41,56,40,62,44,71,https://raw.githubusercontent.com/PokeAPI/sprites/master/sprites/pokemon/656.png
Frogadier,water,,54,63,52,83,56,97,https://raw.githubusercontent.com/PokeAPI/sprites/master/sprites/pokemon/657.png
Greninja,water,dark,72,95,67,103,71,122,https://raw.githubusercontent.com/PokeAPI/sprites/master/sprites/pokemon/658.png
Bunnelby,normal,,38,36,38,32,36,57,https://raw.githubusercontent.com/PokeAPI/sprites/master/sprites/pokemon/659.png
Diggersby,normal,ground,85,56,77,50,77,78,https://raw.githubusercontent.com/PokeAPI/sprites/master/sprites/pokemon/660.png
Fletchling,normal,flying,45,50,43,40,38,62,https://raw.githubusercontent.com/PokeAPI/sprites/master/sprites/pokemon/661.png
Fletchinder,fire,flying,62,73,55,56,52,84,https://raw.githubusercontent.com/PokeAPI/sprites/master/sprites/pokemon/662.png
Talonflame,fire,flying,78,81,71,74,69,126,https://raw.githubusercontent.com/PokeAPI/sprites/master/sprites/pokemon/663.png
Scatterbug,bug,,38,35,40,27,25,35,https://raw.githubusercontent.com/PokeAPI/sprites/master/sprites/pokemon/664.png
Spewpa,bug,,45,22,60,27,30,29,https://raw.githubusercontent.com/PokeAPI/sprites/master/sprites/pokemon/665.png
Vivillon,bug,flying,80,52,50,90,50,89,https://raw.githubusercontent.com/PokeAPI/sprites/master/sprites/pokemon/666.png
Litleo,fire,normal,62,50,58,73,54,72,https://raw.githubusercontent.com/PokeAPI/sprites/master/sprites/pokemon/667.png
Pyroar-Male,fire,normal,86,68,72,109,66,106,https://raw.githubusercontent.com/PokeAPI/sprites/master/sprites/pokemon/668.png
Flabebe,fairy,,44,38,39,61,79,42,https://raw.githubusercontent.com/PokeAPI/sprites/master/sprites/pokemon/669.png
Floette,fairy,,54,45,47,75,98,52,https://raw.githubusercontent.com/PokeAPI/sprites/master/sprites/pokemon/670.png
Florges,fairy,,78,65,68,112,154,75,https://raw.githubusercontent.com/PokeAPI/sprites/master/sprites/pokemon/671.png
Skiddo,grass,,66,65,48,62,57,52,https://raw.githubusercontent.com/PokeAPI/sprites/master/sprites/pokemon/672.png
Gogoat,grass,,123,100,62,97,81,68,https://raw.githubusercontent.com/PokeAPI/sprites/master/sprites/pokemon/673.png
Pancham,fighting,,67,82,62,46,48,43,https://raw.githubusercontent.com/PokeAPI/sprites/master/sprites/pokemon/674.png
Pangoro,fighting,dark,95,124,78,69,71,58,https://raw.githubusercontent.com/PokeAPI/sprites/master/sprites/pokemon/675.png
Furfrou,normal,,75,80,60,65,90,102,https://raw.githubusercontent.com/PokeAPI/sprites/master/sprites/pokemon/676.png
Espurr,psychic,,62,48,54,63,60,68,https://raw.githubusercontent.com/PokeAPI/sprites/master/sprites/pokemon/677.png
Meowstic-Male,psychic,,74,48,76,83,81,104,https://raw.githubusercontent.com/PokeAPI/sprites/master/sprites/pokemon/678.png
Honedge,steel,ghost,45,80,100,35,37,28,https://raw.githubusercontent.com/PokeAPI/sprites/master/sprites/pokemon/679.png
Doublade,steel,ghost,59,110,150,45,49,35,https://raw.githubusercontent.com/PokeAPI/sprites/master/sprites/pokemon/680.png
Aegislash-Shield,steel,ghost,60,50,140,50,140,60,https://raw.githubusercontent.com/PokeAPI/sprites/master/sprites/pokemon/681.png
Spritzee,fairy,,78,52,60,63,65,23,https://raw.githubusercontent.com/PokeAPI/sprites/master/sprites/pokemon/682.png
Aromatisse,fairy,,101,72,72,99,89,29,https://raw.githubusercontent.com/PokeAPI/sprites/master/sprites/pokemon/683.png
Swirlix,fairy,,62,48,66,59,57,49,https://raw.githubusercontent.com/PokeAPI/sprites/master/sprites/pokemon/684.png
Slurpuff,fairy,,82,80,86,85,75,72,https://raw.githubusercontent.com/PokeAPI/sprites/master/sprites/pokemon/685.png
Inkay,dark,psychic,53,54,53,37,46,45,https://raw.githubusercontent.com/PokeAPI/sprites/master/sprites/pokemon/686.png
Malamar,dark,psychic,86,92,88,68,75,73,https://raw.githubusercontent.com/PokeAPI/sprites/master/sprites/pokemon/687.png
Binacle,rock,water,42,52,67,39,56,50,https://raw.githubusercontent.com/PokeAPI/sprites/master/sprites/pokemon/688.png
Barbaracle,rock,water,72,105,115,54,86,68,https://raw.githubusercontent.com/PokeAPI/sprites/master/sprites/pokemon/689.png
Skrelp,poison,water,50,60,60,60,60,30,https://raw.githubusercontent.com/PokeAPI/sprites/master/sprites/pokemon/690.png
Dragalge,poison,dragon,65,75,90,97,123,44,https://raw.githubusercontent.com/PokeAPI/sprites/master/sprites/pokemon/691.png
Clauncher,water,,50,53,62,58,63,44,https://raw.githubusercontent.com/PokeAPI/sprites/master/sprites/pokemon/692.png
Clawitzer,water,,71,73,88,120,89,59,https://raw.githubusercontent.com/PokeAPI/sprites/master/sprites/pokemon/693.png
Helioptile,electric,normal,44,38,33,61,43,70,https://raw.githubusercontent.com/PokeAPI/sprites/master/sprites/pokemon/694.png
Heliolisk,electric,normal,62,55,52,109,94,109,https://raw.githubusercontent.com/PokeAPI/sprites/master/sprites/pokemon/695.png
Tyrunt,rock,dragon,58,89,77,45,45,48,https://raw.githubusercontent.com/PokeAPI/sprites/master/sprites/pokemon/696.png
Tyrantrum,rock,dragon,82,121,119,69,59,71,https://raw.githubusercontent.com/PokeAPI/sprites/master/sprites/pokemon/697.png
Amaura,rock,ice,77,59,50,67,63,46,https://raw.githubusercontent.com/PokeAPI/sprites/master/sprites/pokemon/698.png
Aurorus,rock,ice,123,77,72,99,92,58,https://raw.githubusercontent.com/PokeAPI/sprites/master/sprites/pokemon/699.png
Sylveon,fairy,,95,65,65,110,130,60,https://raw.githubusercontent.com/PokeAPI/sprites/master/sprites/pokemon/700.png
Hawlucha,fighting,flying,78,92,75,74,63,118,https://raw.githubusercontent.com/PokeAPI/sprites/master/sprites/pokemon/701.png
Dedenne,electric,fairy,67,58,57,81,67,101,https://raw.githubusercontent.com/PokeAPI/sprites/master/sprites/pokemon/702.png
Carbink,rock,fairy,50,50,150,50,150,50,https://raw.githubusercontent.com/PokeAPI/sprites/master/sprites/pokemon/703.png
Goomy,dragon,,45,50,35,55,75,40,https://raw.githubusercontent.com/PokeAPI/sprites/master/sprites/pokemon/704.png
Sliggoo,dragon,,68,75,53,83,113,60,https://raw.githubusercontent.com/PokeAPI/sprites/master/sprites/pokemon/705.png
Goodra,dragon,,90,100,70,110,150,80,https://raw.githubusercontent.com/PokeAPI/sprites/master/sprites/pokemon/706.png
Klefki,steel,fairy,57,80,91,80,87,75,https://raw.githubusercontent.com/PokeAPI/sprites/master/sprites/pokemon/707.png
Phantump,ghost,grass,43,70,48,50,60,38,https://raw.githubusercontent.com/PokeAPI/sprites/master/sprites/pokemon/708.png
Trevenant,ghost,grass,85,110,76,65,82,56,https://raw.githubusercontent.com/PokeAPI/sprites/master/sprites/pokemon/709.png
Pumpkaboo-Average,ghost,grass,49,66,70,44,55,51,https://raw.githubusercontent.com/PokeAPI/sprites/master/sprites/pokemon/710.png
Gourgeist-Average,ghost,grass,65,90,122,58,75,84,https://raw.githubusercontent.com/PokeAPI/sprites/master/sprites/pokemon/711.png
Bergmite,ice,,55,69,85,32,35,28,https://raw.githubusercontent.com/PokeAPI/sprites/master/sprites/pokemon/712.png
Avalugg,ice,,95,117,184,44,46,28,https://raw.githubusercontent.com/PokeAPI/sprites/master/sprites/pokemon/713.png
Noibat,flying,dragon,40,30,35,45,40,55,https://raw.githubusercontent.com/PokeAPI/sprites/master/sprites/pokemon/714.png
Noivern,flying,dragon,85,70,80,97,80,123,https://raw.githubusercontent.com/PokeAPI/sprites/master/sprites/pokemon/715.png
Xerneas,fairy,,126,131,95,131,98,99,https://raw.githubusercontent.com/PokeAPI/sprites/master/sprites/pokemon/716.png
Yveltal,dark,flying,126,131,95,131,98,99,https://raw.githubusercontent.com/PokeAPI/sprites/master/sprites/pokemon/717.png
Zygarde-50,dragon,ground,108,100,121,81,95,95,https://raw.githubusercontent.com/PokeAPI/sprites/master/sprites/pokemon/718.png
Diancie,rock,fairy,50,100,150,100,150,50,https://raw.githubusercontent.com/PokeAPI/sprites/master/sprites/pokemon/719.png
Hoopa,psychic,ghost,80,110,60,150,130,70,https://raw.githubusercontent.com/PokeAPI/sprites/master/sprites/pokemon/720.png
Volcanion,fire,water,80,110,120,130,90,70,https://raw.githubusercontent.com/PokeAPI/sprites/master/sprites/pokemon/721.png
Rowlet,grass,flying,68,55,55,50,50,42,https://raw.githubusercontent.com/PokeAPI/sprites/master/sprites/pokemon/722.png
Dartrix,grass,flying,78,75,75,70,70,52,https://raw.githubusercontent.com/PokeAPI/sprites/master/sprites/pokemon/723.png
Decidueye,grass,ghost,78,107,75,100,100,70,https://raw.githubusercontent.com/PokeAPI/sprites/master/sprites/pokemon/724.png
Litten,fire,,45,65,40,60,40,70,https://raw.githubusercontent.com/PokeAPI/sprites/master/sprites/pokemon/725.png
Torracat,fire,,65,85,50,80,50,90,https://raw.githubusercontent.com/PokeAPI/sprites/master/sprites/pokemon/726.png
Incineroar,fire,dark,95,115,90,80,90,60,https://raw.githubusercontent.com/PokeAPI/sprites/master/sprites/pokemon/727.png
Popplio,water,,50,54,54,66,56,40,https://raw.githubusercontent.com/PokeAPI/sprites/master/sprites/pokemon/728.png
Brionne,water,,60,69,69,91,81,50,https://raw.githubusercontent.com/PokeAPI/sprites/master/sprites/pokemon/729.png
Primarina,water,fairy,80,74,74,126,116,60,https://raw.githubusercontent.com/PokeAPI/sprites/master/sprites/pokemon/730.png
Pikipek,normal,flying,35,75,30,30,30,65,https://raw.githubusercontent.com/PokeAPI/sprites/master/sprites/pokemon/731.png
Trumbeak,normal,flying,55,85,50,40,50,75,https://raw.githubusercontent.com/PokeAPI/sprites/master/sprites/pokemon/732.png
Toucannon,normal,flying,80,120,75,75,75,60,https://raw.githubusercontent.com/PokeAPI/sprites/master/sprites/pokemon/733.png
Yungoos,normal,,48,70,30,30,30,45,https://raw.githubusercontent.com/PokeAPI/sprites/master/sprites/pokemon/734.png
Gumshoos,normal,,88,110,60,55,60,45,https://raw.githubusercontent.com/PokeAPI/sprites/master/sprites/pokemon/735.png
Grubbin,bug,,47,62,45,55,45,46,https://raw.githubusercontent.com/PokeAPI/sprites/master/sprites/pokemon/736.png
Charjabug,bug,electric,57,82,95,55,75,36,https://raw.githubusercontent.com/PokeAPI/sprites/master/sprites/pokemon/737.png
Vikavolt,bug,electric,77,70,90,145,75,43,https://raw.githubusercontent.com/PokeAPI/sprites/master/sprites/pokemon/738.png
Crabrawler,fighting,,47,82,57,42,47,63,https://raw.githubusercontent.com/PokeAPI/sprites/master/sprites/pokemon/739.png
Crabominable,fighting,ice,97,132,77,62,67,43,https://raw.githubusercontent.com/PokeAPI/sprites/master/sprites/pokemon/740.png
Oricorio-Baile,fire,flying,75,70,70,98,70,93,https://raw.githubusercontent.com/PokeAPI/sprites/master/sprites/pokemon/741.png
Cutiefly,bug,fairy,40,45,40,55,40,84,https://raw.githubusercontent.com/PokeAPI/sprites/master/sprites/pokemon/742.png
Ribombee,bug,fairy,60,55,60,95,70,124,https://raw.githubusercontent.com/PokeAPI/sprites/master/sprites/pokemon/743.png
Rockruff,rock,,45,65,40,30,40,60,https://raw.githubusercontent.com/PokeAPI/sprites/master/sprites/pokemon/744.png
Lycanroc-Midday,rock,,75,115,65,55,65,112,https://raw.githubusercontent.com/PokeAPI/sprites/master/sprites/pokemon/745.png
Wishiwashi-Solo,water,,45,20,20,25,25,40,https://raw.githubusercontent.com/PokeAPI/sprites/master/sprites/pokemon/746.png
Mareanie,poison,water,50,53,62,43,52,45,https://raw.githubusercontent.com/PokeAPI/sprites/master/sprites/pokemon/747.png
Toxapex,poison,water,50,63,152,53,142,35,https://raw.githubusercontent.com/PokeAPI/sprites/master/sprites/pokemon/748.png
Mudbray,ground,,70,100,70,45,55,45,https://raw.githubusercontent.com/PokeAPI/sprites/master/sprites/pokemon/749.png
Mudsdale,ground,,100,125,100,55,85,35,https://raw.githubusercontent.com/PokeAPI/sprites/master/sprites/pokemon/750.png
Dewpider,water,bug,38,40,52,40,72,27,https://raw.githubusercontent.com/PokeAPI/sprites/master/sprites/pokemon/751.png
Araquanid,water,bug,68,70,92,50,132,42,https://raw.githubusercontent.com/PokeAPI/sprites/master/sprites/pokemon/752.png
Fomantis,grass,,40,55,35,50,35,35,https://raw.githubusercontent.com/PokeAPI/sprites/master/sprites/pokemon/753.png
Lurantis,grass,,70,105,90,80,90,45,https://raw.githubusercontent.com/PokeAPI/sprites/master/sprites/pokemon/754.png
Morelull,grass,fairy,40,35,55,65,75,15,https://raw.githubusercontent.com/PokeAPI/sprites/master/sprites/pokemon/755.png
Shiinotic,grass,fairy,60,45,80,90,100,30,https://raw.githubusercontent.com/PokeAPI/sprites/master/sprites/pokemon/756.png
Salandit,poison,fire,48,44,40,71,40,77,https://raw.githubusercontent.com/PokeAPI/sprites/master/sprites/pokemon/757.png
Salazzle,poison,fire,68,64,60,111,60,117,https://raw.githubusercontent.com/PokeAPI/sprites/master/sprites/pokemon/758.png
Stufful,normal,fighting,70,75,50,45,50,50,https://raw.githubusercontent.com/PokeAPI/sprites/master/sprites/pokemon/759.png
Bewear,normal,fighting,120,125,80,55,60,60,https://raw.githubusercontent.com/PokeAPI/sprites/master/sprites/pokemon/760.png
Bounsweet,grass,,42,30,38,30,38,32,https://raw.githubusercontent.com/PokeAPI/sprites/master/sprites/pokemon/761.png
Steenee,grass,,52,40,48,40,48,62,https://raw.githubusercontent.com/PokeAPI/sprites/master/sprites/pokemon/762.png
Tsareena,grass,,72,120,98,50,98,72,https://raw.githubusercontent.com/PokeAPI/sprites/master/sprites/pokemon/763.png
Comfey,fairy,,51,52,90,82,110,100,https://raw.githubusercontent.com/PokeAPI/sprites/master/sprites/pokemon/764.png
Oranguru,normal,psychic,90,60,80,90,110,60,https://raw.githubusercontent.com/PokeAPI/sprites/master/sprites/pokemon/765.png
Passimian,fighting,,100,120,90,40,60,80,https://raw.githubusercontent.com/PokeAPI/sprites/master/sprites/pokemon/766.png
Wimpod,bug,water,25,35,40,20,30,80,https://raw.githubusercontent.com/PokeAPI/sprites/master/sprites/pokemon/767.png
Golisopod,bug,water,75,125,140,60,90,40,https://raw.githubusercontent.com/PokeAPI/sprites/master/sprites/pokemon/768.png
Sandygast,ghost,ground,55,55,80,70,45,15,https://raw.githubusercontent.com/PokeAPI/sprites/master/sprites/pokemon/769.png
Palossand,ghost,ground,85,75,110,100,75,35,https://raw.githubusercontent.com/PokeAPI/sprites/master/sprites/pokemon/770.png
Pyukumuku,water,,55,60,130,30,130,5,https://raw.githubusercontent.com/PokeAPI/sprites/master/sprites/pokemon/771.png
Type-Null,normal,,95,95,95,95,95,59,https://raw.githubusercontent.com/PokeAPI/sprites/master/sprites/pokemon/772.png
Silvally,normal,,95,95,95,95,95,95,https://raw.githubusercontent.com/PokeAPI/sprites/master/sprites/pokemon/773.png
Minior-Red-Meteor,rock,flying,60,60,100,60,100,60,https://raw.githubusercontent.com/PokeAPI/sprites/master/sprites/pokemon/774.png
Komala,normal,,65,115,65,75,95,65,https://raw.githubusercontent.com/PokeAPI/sprites/master/sprites/pokemon/775.png
Turtonator,fire,dragon,60,78,135,91,85,36,https://raw.githubusercontent.com/PokeAPI/sprites/master/sprites/pokemon/776.png
Togedemaru,electric,steel,65,98,63,40,73,96,https://raw.githubusercontent.com/PokeAPI/sprites/master/sprites/pokemon/777.png
Mimikyu-Disguised,ghost,fairy,55,90,80,50,105,96,https://raw.githubusercontent.com/PokeAPI/sprites/master/sprites/pokemon/778.png
Bruxish,water,psychic,68,105,70,70,70,92,https://raw.githubusercontent.com/PokeAPI/sprites/master/sprites/pokemon/779.png
Drampa,normal,dragon,78,60,85,135,91,36,https://raw.githubusercontent.com/PokeAPI/sprites/master/sprites/pokemon/780.png
Dhelmise,ghost,grass,70,131,100,86,90,40,https://raw.githubusercontent.com/PokeAPI/sprites/master/sprites/pokemon/781.png
Jangmo-O,dragon,,45,55,65,45,45,45,https://raw.githubusercontent.com/PokeAPI/sprites/master/sprites/pokemon/782.png
Hakamo-O,dragon,fighting,55,75,90,65,70,65,https://raw.githubusercontent.com/PokeAPI/sprites/master/sprites/pokemon/783.png
Kommo-O,dragon,fighting,75,110,125,100,105,85,https://raw.githubusercontent.com/PokeAPI/sprites/master/sprites/pokemon/784.png
Tapu-Koko,electric,fairy,70,115,85,95,75,130,https://raw.githubusercontent.com/PokeAPI/sprites/master/sprites/pokemon/785.png
Tapu-Lele,psychic,fairy,70,85,75,130,115,95,https://raw.githubusercontent.com/PokeAPI/sprites/master/sprites/pokemon/786.png
Tapu-Bulu,grass,fairy,70,130,115,85,95,75,https://raw.githubusercontent.com/PokeAPI/sprites/master/sprites/pokemon/787.png
Tapu-Fini,water,fairy,70,75,115,95,130,85,https://raw.githubusercontent.com/PokeAPI/sprites/master/sprites/pokemon/788.png
Cosmog,psychic,,43,29,31,29,31,37,https://raw.githubusercontent.com/PokeAPI/sprites/master/sprites/pokemon/789.png
Cosmoem,psychic,,43,29,131,29,131,37,https://raw.githubusercontent.com/PokeAPI/sprites/master/sprites/pokemon/790.png
Solgaleo,psychic,steel,137,137,107,113,89,97,https://raw.githubusercontent.com/PokeAPI/sprites/master/sprites/pokemon/791.png
Lunala,psychic,ghost,137,113,89,137,107,97,https://raw.githubusercontent.com/PokeAPI/sprites/master/sprites/pokemon/792.png
Nihilego,rock,poison,109,53,47,127,131,103,https://raw.githubusercontent.com/PokeAPI/sprites/master/sprites/pokemon/793.png
Buzzwole,bug,fighting,107,139,139,53,53,79,https://raw.githubusercontent.com/PokeAPI/sprites/master/sprites/pokemon/794.png
Pheromosa,bug,fighting,71,137,37,137,37,151,https://raw.githubusercontent.com/PokeAPI/sprites/master/sprites/pokemon/795.png
Xurkitree,electric,,83,89,71,173,71,83,https://raw.githubusercontent.com/PokeAPI/sprites/master/sprites/pokemon/796.png
Celesteela,steel,flying,97,101,103,107,101,61,https://raw.githubusercontent.com/PokeAPI/sprites/master/sprites/pokemon/797.png
Kartana,grass,steel,59,181,131,59,31,109,https://raw.githubusercontent.com/PokeAPI/sprites/master/sprites/pokemon/798.png
Guzzlord,dark,dragon,223,101,53,97,53,43,https://raw.githubusercontent.com/PokeAPI/sprites/master/sprites/pokemon/799.png
Necrozma,psychic,,97,107,101,127,89,79,https://raw.githubusercontent.com/PokeAPI/sprites/master/sprites/pokemon/800.png
Magearna,steel,fairy,80,95,115,130,115,65,https://raw.githubusercontent.com/PokeAPI/sprites/master/sprites/pokemon/801.png
Marshadow,fighting,ghost,90,125,80,90,90,125,https://raw.githubusercontent.com/PokeAPI/sprites/master/sprites/pokemon/802.png
Poipole,poison,,67,73,67,73,67,73,https://raw.githubusercontent.com/PokeAPI/sprites/master/sprites/pokemon/803.png
Naganadel,poison,dragon,73,73,73,127,73,121,https://raw.githubusercontent.com/PokeAPI/sprites/master/sprites/pokemon/804.png
Stakataka,rock,steel,61,131,211,53,101,13,https://raw.githubusercontent.com/PokeAPI/sprites/master/sprites/pokemon/805.png
Blacephalon,fire,ghost,53,127,53,151,79,107,https://raw.githubusercontent.com/PokeAPI/sprites/master/sprites/pokemon/806.png
Zeraora,electric,,88,112,75,102,80,143,https://raw.githubusercontent.com/PokeAPI/sprites/master/sprites/pokemon/807.png
Meltan,steel,,46,65,65,55,35,34,https://raw.githubusercontent.com/PokeAPI/sprites/master/sprites/pokemon/808.png
Melmetal,steel,,135,143,143,80,65,34,https://raw.githubusercontent.com/PokeAPI/sprites/master/sprites/pokemon/809.png
Grookey,grass,,50,65,50,40,40,65,https://raw.githubusercontent.com/PokeAPI/sprites/master/sprites/pokemon/810.png
Thwackey,grass,,70,85,70,55,60,80,https://raw.githubusercontent.com/PokeAPI/sprites/master/sprites/pokemon/811.png
Rillaboom,grass,,100,125,90,60,70,85,https://raw.githubusercontent.com/PokeAPI/sprites/master/sprites/pokemon/812.png
Scorbunny,fire,,50,71,40,40,40,69,https://raw.githubusercontent.com/PokeAPI/sprites/master/sprites/pokemon/813.png
Raboot,fire,,65,86,60,55,60,94,https://raw.githubusercontent.com/PokeAPI/sprites/master/sprites/pokemon/814.png
Cinderace,fire,,80,116,75,65,75,119,https://raw.githubusercontent.com/PokeAPI/sprites/master/sprites/pokemon/815.png
Sobble,water,,50,40,40,70,40,70,https://raw.githubusercontent.com/PokeAPI/sprites/master/sprites/pokemon/816.png
Drizzile,water,,65,60,55,95,55,90,https://raw.githubusercontent.com/PokeAPI/sprites/master/sprites/pokemon/817.png
Inteleon,water,,70,85,65,125,65,120,https://raw.githubusercontent.com/PokeAPI/sprites/master/sprites/pokemon/818.png
Skwovet,normal,,70,55,55,35,35,25,https://raw.githubusercontent.com/PokeAPI/sprites/master/sprites/pokemon/819.png
Greedent,normal,,120,95,95,55,75,20,https://raw.githubusercontent.com/PokeAPI/sprites/master/sprites/pokemon/820.png
Rookidee,flying,,38,47,35,33,35,57,https://raw.githubusercontent.com/PokeAPI/sprites/master/sprites/pokemon/821.png
Corvisquire,flying,,68,67,55,43,55,77,https://raw.githubusercontent.com/PokeAPI/sprites/master/sprites/pokemon/822.png
Corviknight,flying,steel,98,87,105,53,85,67,https://raw.githubusercontent.com/PokeAPI/sprites/master/sprites/pokemon/823.png
Blipbug,bug,,25,20,20,25,45,45,https://raw.githubusercontent.com/PokeAPI/sprites/master/sprites/pokemon/824.png
Dottler,bug,psychic,50,35,80,50,90,30,https://raw.githubusercontent.com/PokeAPI/sprites/master/sprites/pokemon/825.png
Orbeetle,bug,psychic,60,45,110,80,120,90,https://raw.githubusercontent.com/PokeAPI/sprites/master/sprites/pokemon/826.png
Nickit,dark,,40,28,28,47,52,50,https://raw.githubusercontent.com/PokeAPI/sprites/master/sprites/pokemon/827.png
Thievul,dark,,70,58,58,87,92,90,https://raw.githubusercontent.com/PokeAPI/sprites/master/sprites/pokemon/828.png
Gossifleur,grass,,40,40,60,40,60,10,https://raw.githubusercontent.com/PokeAPI/sprites/master/sprites/pokemon/829.png
Eldegoss,grass,,60,50,90,80,120,60,https://raw.githubusercontent.com/PokeAPI/sprites/master/sprites/pokemon/830.png
Wooloo,normal,,42,40,55,40,45,48,https://raw.githubusercontent.com/PokeAPI/sprites/master/sprites/pokemon/831.png
Dubwool,normal,,72,80,100,60,90,88,https://raw.githubusercontent.com/PokeAPI/sprites/master/sprites/pokemon/832.png
Chewtle,water,,50,64,50,38,38,44,https://raw.githubusercontent.com/PokeAPI/sprites/master/sprites/pokemon/833.png
Drednaw,water,rock,90,115,90,48,68,74,https://raw.githubusercontent.com/PokeAPI/sprites/master/sprites/pokemon/834.png
Yamper,electric,,59,45,50,40,50,26,https://raw.githubusercontent.com/PokeAPI/sprites/master/sprites/pokemon/835.png
Boltund,electric,,69,90,60,90,60,121,https://raw.githubusercontent.com/PokeAPI/sprites/master/sprites/pokemon/836.png
Rolycoly,rock,,30,40,50,40,50,30,https://raw.githubusercontent.com/PokeAPI/sprites/master/sprites/pokemon/837.png
Carkol,rock,fire,80,60,90,60,70,50,https://raw.githubusercontent.com/PokeAPI/sprites/master/sprites/pokemon/838.png
Coalossal,rock,fire,110,80,120,80,90,30,https://raw.githubusercontent.com/PokeAPI/sprites/master/sprites/pokemon/839.png
Applin,grass,dragon,40,40,80,40,40,20,https://raw.githubusercontent.com/PokeAPI/sprites/master/sprites/pokemon/840.png
Flapple,grass,dragon,70,110,80,95,60,70,https://raw.githubusercontent.com/PokeAPI/sprites/master/sprites/pokemon/841.png
Appletun,grass,dragon,110,85,80,100,80,30,https://raw.githubusercontent.com/PokeAPI/sprites/master/sprites/pokemon/842.png
Silicobra,ground,,52,57,75,35,50,46,https://raw.githubusercontent.com/PokeAPI/sprites/master/sprites/pokemon/843.png
Sandaconda,ground,,72,107,125,65,70,71,https://raw.githubusercontent.com/PokeAPI/sprites/master/sprites/pokemon/844.png
Cramorant,flying,water,70,85,55,85,95,85,https://raw.githubusercontent.com/PokeAPI/sprites/master/sprites/pokemon/845.png
Arrokuda,water,,41,63,40,40,30,66,https://raw.githubusercontent.com/PokeAPI/sprites/master/sprites/pokemon/846.png
Barraskewda,water,,61,123,60,60,50,136,https://raw.githubusercontent.com/PokeAPI/sprites/master/sprites/pokemon/847.png
Toxel,electric,poison,40,38,35,54,35,40,https://raw.githubusercontent.com/PokeAPI/sprites/master/sprites/pokemon/848.png
Toxtricity-Amped,electric,poison,75,98,70,114,70,75,https://raw.githubusercontent.com/PokeAPI/sprites/master/sprites/pokemon/849.png
Sizzlipede,fire,bug,50,65,45,50,50,45,https://raw.githubusercontent.com/PokeAPI/sprites/master/sprites/pokemon/850.png
Centiskorch,fire,bug,100,115,65,90,90,65,https://raw.githubusercontent.com/PokeAPI/sprites/master/sprites/pokemon/851.png
Clobbopus,fighting,,50,68,60,50,50,32,https://raw.githubusercontent.com/PokeAPI/sprites/master/sprites/pokemon/852.png
Grapploct,fighting,,80,118,90,70,80,42,https://raw.githubusercontent.com/PokeAPI/sprites/master/sprites/pokemon/853.png
Sinistea,ghost,,40,45,45,74,54,50,https://raw.githubusercontent.com/PokeAPI/sprites/master/sprites/pokemon/854.png
Polteageist,ghost,,60,65,65,134,114,70,https://raw.githubusercontent.com/PokeAPI/sprites/master/sprites/pokemon/855.png
Hatenna,psychic,,42,30,45,56,53,39,https://raw.githubusercontent.com/PokeAPI/sprites/master/sprites/pokemon/856.png
Hattrem,psychic,,57,40,65,86,73,49,https://raw.githubusercontent.com/PokeAPI/sprites/master/sprites/pokemon/857.png
Hatterene,psychic,fairy,57,90,95,136,103,29,https://raw.githubusercontent.com/PokeAPI/sprites/master/sprites/pokemon/858.png
Impidimp,dark,fairy,45,45,30,55,40,50,https://raw.githubusercontent.com/PokeAPI/sprites/master/sprites/pokemon/859.png
Morgrem,dark,fairy,65,60,45,75,55,70,https://raw.githubusercontent.com/PokeAPI/sprites/master/sprites/pokemon/860.png
Grimmsnarl,dark,fairy,95,120,65,95,75,60,https://raw.githubusercontent.com/PokeAPI/sprites/master/sprites/pokemon/861.png
Obstagoon,dark,normal,93,90,101,60,81,95,https://raw.githubusercontent.com/PokeAPI/sprites/master/sprites/pokemon/862.png
Perrserker,steel,,70,110,100,50,60,50,https://raw.githubusercontent.com/PokeAPI/sprites/master/sprites/pokemon/863.png
Cursola,ghost,,60,95,50,145,130,30,https://raw.githubusercontent.com/PokeAPI/sprites/master/sprites/pokemon/864.png
Sirfetchd,fighting,,62,135,95,68,82,65,https://raw.githubusercontent.com/PokeAPI/sprites/master/sprites/pokemon/865.png
Mr-Rime,ice,psychic,80,85,75,110,100,70,https://raw.githubusercontent.com/PokeAPI/sprites/master/sprites/pokemon/866.png
Runerigus,ground,ghost,58,95,145,50,105,30,https://raw.githubusercontent.com/PokeAPI/sprites/master/sprites/pokemon/867.png
Milcery,fairy,,45,40,40,50,61,34,https://raw.githubusercontent.com/PokeAPI/sprites/master/sprites/pokemon/868.png
Alcremie,fairy,,65,60,75,110,121,64,https://raw.githubusercontent.com/PokeAPI/sprites/master/sprites/pokemon/869.png
Falinks,fighting,,65,100,100,70,60,75,https://raw.githubusercontent.com/PokeAPI/sprites/master/sprites/pokemon/870.png
Pincurchin,electric,,48,101,95,91,85,15,https://raw.githubusercontent.com/PokeAPI/sprites/master/sprites/pokemon/871.png
Snom,ice,bug,30,25,35,45,30,20,https://raw.githubusercontent.com/PokeAPI/sprites/master/sprites/pokemon/872.png
Frosmoth,ice,bug,70,65,60,125,90,65,https://raw.githubusercontent.com/PokeAPI/sprites/master/sprites/pokemon/873.png
Stonjourner,rock,,100,125,135,20,20,70,https://raw.githubusercontent.com/PokeAPI/sprites/master/sprites/pokemon/874.png
Eiscue-Ice,ice,,75,80,110,65,90,50,https://raw.githubusercontent.com/PokeAPI/sprites/master/sprites/pokemon/875.png
Indeedee-Male,psychic,normal,60,65,55,105,95,95,https://raw.githubusercontent.com/PokeAPI/sprites/master/sprites/pokemon/876.png
Morpeko-Full-Belly,electric,dark,58,95,58,70,58,97,https://raw.githubusercontent.com/PokeAPI/sprites/master/sprites/pokemon/877.png
Cufant,steel,,72,80,49,40,49,40,https://raw.githubusercontent.com/PokeAPI/sprites/master/sprites/pokemon/878.png
Copperajah,steel,,122,130,69,80,69,30,https://raw.githubusercontent.com/PokeAPI/sprites/master/sprites/pokemon/879.png
Dracozolt,electric,dragon,90,100,90,80,70,75,https://raw.githubusercontent.com/PokeAPI/sprites/master/sprites/pokemon/880.png
Arctozolt,electric,ice,90,100,90,90,80,55,https://raw.githubusercontent.com/PokeAPI/sprites/master/sprites/pokemon/881.png
Dracovish,water,dragon,90,90,100,70,80,75,https://raw.githubusercontent.com/PokeAPI/sprites/master/sprites/pokemon/882.png
Arctovish,water,ice,90,90,100,80,90,55,https://raw.githubusercontent.com/PokeAPI/sprites/master/sprites/pokemon/883.png
Duraludon,steel,dragon,70,95,115,120,50,85,https://raw.githubusercontent.com/PokeAPI/sprites/master/sprites/pokemon/884.png
Dreepy,dragon,ghost,28,60,30,40,30,82,https://raw.githubusercontent.com/PokeAPI/sprites/master/sprites/pokemon/885.png
Drakloak,dragon,ghost,68,80,50,60,50,102,https://raw.githubusercontent.com/PokeAPI/sprites/master/sprites/pokemon/886.png
Dragapult,dragon,ghost,88,120,75,100,75,142,https://raw.githubusercontent.com/PokeAPI/sprites/master/sprites/pokemon/887.png
Zacian,fairy,,92,120,115,80,115,138,https://raw.githubusercontent.com/PokeAPI/sprites/master/sprites/pokemon/888.png
Zamazenta,fighting,,92,120,115,80,115,138,https://raw.githubusercontent.com/PokeAPI/sprites/master/sprites/pokemon/889.png
Eternatus,poison,dragon,140,85,95,145,95,130,https://raw.githubusercontent.com/PokeAPI/sprites/master/sprites/pokemon/890.png
Kubfu,fighting,,60,90,60,53,50,72,https://raw.githubusercontent.com/PokeAPI/sprites/master/sprites/pokemon/891.png
Urshifu-Single-Strike,fighting,dark,100,130,100,63,60,97,https://raw.githubusercontent.com/PokeAPI/sprites/master/sprites/pokemon/892.png
Zarude,dark,grass,105,120,105,70,95,105,https://raw.githubusercontent.com/PokeAPI/sprites/master/sprites/pokemon/893.png
Regieleki,electric,,80,100,50,100,50,200,https://raw.githubusercontent.com/PokeAPI/sprites/master/sprites/pokemon/894.png
Regidrago,dragon,,200,100,50,100,50,80,https://raw.githubusercontent.com/PokeAPI/sprites/master/sprites/pokemon/895.png
Glastrier,ice,,100,145,130,65,110,30,https://raw.githubusercontent.com/PokeAPI/sprites/master/sprites/pokemon/896.png
Spectrier,ghost,,100,65,60,145,80,130,https://raw.githubusercontent.com/PokeAPI/sprites/master/sprites/pokemon/897.png
Calyrex,psychic,grass,100,80,80,80,80,80,https://raw.githubusercontent.com/PokeAPI/sprites/master/sprites/pokemon/898.png
Wyrdeer,normal,psychic,103,105,72,105,75,65,https://raw.githubusercontent.com/PokeAPI/sprites/master/sprites/pokemon/899.png
Kleavor,bug,rock,70,135,95,45,70,85,https://raw.githubusercontent.com/PokeAPI/sprites/master/sprites/pokemon/900.png
Ursaluna,ground,normal,130,140,105,45,80,50,https://raw.githubusercontent.com/PokeAPI/sprites/master/sprites/pokemon/901.png
Basculegion-Male,water,ghost,120,112,65,80,75,78,https://raw.githubusercontent.com/PokeAPI/sprites/master/sprites/pokemon/902.png
Sneasler,fighting,poison,80,130,60,40,80,120,https://raw.githubusercontent.com/PokeAPI/sprites/master/sprites/pokemon/903.png
Overqwil,dark,poison,85,115,95,65,65,85,https://raw.githubusercontent.com/PokeAPI/sprites/master/sprites/pokemon/904.png
Enamorus-Incarnate,fairy,flying,74,115,70,135,80,106,https://raw.githubusercontent.com/PokeAPI/sprites/master/sprites/pokemon/905.png
Sprigatito,grass,,40,61,54,45,45,65,https://raw.githubusercontent.com/PokeAPI/sprites/master/sprites/pokemon/906.png
Floragato,grass,,61,80,63,60,63,83,https://raw.githubusercontent.com/PokeAPI/sprites/master/sprites/pokemon/907.png
Meowscarada,grass,dark,76,110,70,81,70,123,https://raw.githubusercontent.com/PokeAPI/sprites/master/sprites/pokemon/908.png
Fuecoco,fire,,67,45,59,63,40,36,https://raw.githubusercontent.com/PokeAPI/sprites/master/sprites/pokemon/909.png
Crocalor,fire,,81,55,78,90,58,49,https://raw.githubusercontent.com/PokeAPI/sprites/master/sprites/pokemon/910.png
Skeledirge,fire,ghost,104,75,100,110,75,66,https://raw.githubusercontent.com/PokeAPI/sprites/master/sprites/pokemon/911.png
Quaxly,water,,55,65,45,50,45,50,https://raw.githubusercontent.com/PokeAPI/sprites/master/sprites/pokemon/912.png
Quaxwell,water,,70,85,65,65,60,65,https://raw.githubusercontent.com/PokeAPI/sprites/master/sprites/pokemon/913.png
Quaquaval,water,fighting,85,120,80,85,75,85,https://raw.githubusercontent.com/PokeAPI/sprites/master/sprites/pokemon/914.png
Lechonk,normal,,54,45,40,35,45,35,https://raw.githubusercontent.com/PokeAPI/sprites/master/sprites/pokemon/915.png
Oinkologne-Male,normal,,110,100,75,59,80,65,https://raw.githubusercontent.com/PokeAPI/sprites/master/sprites/pokemon/916.png
Tarountula,bug,,35,41,45,29,40,20,https://raw.githubusercontent.com/PokeAPI/sprites/master/sprites/pokemon/917.png
Spidops,bug,,60,79,92,52,86,35,https://raw.githubusercontent.com/PokeAPI/sprites/master/sprites/pokemon/918.png
Nymble,bug,,33,46,40,21,25,45,https://raw.githubusercontent.com/PokeAPI/sprites/master/sprites/pokemon/919.png
Lokix,bug,dark,71,102,78,52,55,92,https://raw.githubusercontent.com/PokeAPI/sprites/master/sprites/pokemon/920.png
Pawmi,electric,,45,50,20,40,25,60,https://raw.githubusercontent.com/PokeAPI/sprites/master/sprites/pokemon/921.png
Pawmo,electric,fighting,60,75,40,50,40,85,https://raw.githubusercontent.com/PokeAPI/sprites/master/sprites/pokemon/922.png
Pawmot,electric,fighting,70,115,70,70,60,105,https://raw.githubusercontent.com/PokeAPI/sprites/master/sprites/pokemon/923.png
Tandemaus,normal,,50,50,45,40,45,75,https://raw.githubusercontent.com/PokeAPI/sprites/master/sprites/pokemon/924.png
Maushold-Family-Of-Four,normal,,74,75,70,65,75,111,https://raw.githubusercontent.com/PokeAPI/sprites/master/sprites/pokemon/925.png
Fidough,fairy,,37,55,70,30,55,65,https://raw.githubusercontent.com/PokeAPI/sprites/master/sprites/pokemon/926.png
Dachsbun,fairy,,57,80,115,50,80,95,https://raw.githubusercontent.com/PokeAPI/sprites/master/sprites/pokemon/927.png
Smoliv,grass,normal,41,35,45,58,51,30,https://raw.githubusercontent.com/PokeAPI/sprites/master/sprites/pokemon/928.png
Dolliv,grass,normal,52,53,60,78,78,33,https://raw.githubusercontent.com/PokeAPI/sprites/master/sprites/pokemon/929.png
Arboliva,grass,normal,78,69,90,125,109,39,https://raw.githubusercontent.com/PokeAPI/sprites/master/sprites/pokemon/930.png
Squawkabilly-Green-Plumage,normal,flying,82,96,51,45,51,92,https://raw.githubusercontent.com/PokeAPI/sprites/master/sprites/pokemon/931.png
Nacli,rock,,55,55,75,35,35,25,https://raw.githubusercontent.com/PokeAPI/sprites/master/sprites/pokemon/932.png
Naclstack,rock,,60,60,100,35,65,35,https://raw.githubusercontent.com/PokeAPI/sprites/master/sprites/pokemon/933.png
Garganacl,rock,,100,100,130,45,90,35,https://raw.githubusercontent.com/PokeAPI/sprites/master/sprites/pokemon/934.png
Charcadet,fire,,40,50,40,50,40,35,https://raw.githubusercontent.com/PokeAPI/sprites/master/sprites/pokemon/935.png
Armarouge,fire,psychic,85,60,100,125,80,75,https://raw.githubusercontent.com/PokeAPI/sprites/master/sprites/pokemon/936.png
Ceruledge,fire,ghost,75,125,80,60,100,85,https://raw.githubusercontent.com/PokeAPI/sprites/master/sprites/pokemon/937.png
Tadbulb,electric,,61,31,41,59,35,45,https://raw.githubusercontent.com/PokeAPI/sprites/master/sprites/pokemon/938.png
Bellibolt,electric,,109,64,91,103,83,45,https://raw.githubusercontent.com/PokeAPI/sprites/master/sprites/pokemon/939.png
Wattrel,electric,flying,40,40,35,55,40,70,https://raw.githubusercontent.com/PokeAPI/sprites/master/sprites/pokemon/940.png
Kilowattrel,electric,flying,70,70,60,105,60,125,https://raw.githubusercontent.com/PokeAPI/sprites/master/sprites/pokemon/941.png
Maschiff,dark,,60,78,60,40,51,51,https://raw.githubusercontent.com/PokeAPI/sprites/master/sprites/pokemon/942.png
Mabosstiff,dark,,80,120,90,60,70,85,https://raw.githubusercontent.com/PokeAPI/sprites/master/sprites/pokemon/943.png
Shroodle,poison,normal,40,65,35,40,35,75,https://raw.githubusercontent.com/PokeAPI/sprites/master/sprites/pokemon/944.png
Grafaiai,poison,normal,63,95,65,80,72,110,https://raw.githubusercontent.com/PokeAPI/sprites/master/sprites/pokemon/945.png
Bramblin,grass,ghost,40,65,30,45,35,60,https://raw.githubusercontent.com/PokeAPI/sprites/master/sprites/pokemon/946.png
Brambleghast,grass,ghost,55,115,70,80,70,90,https://raw.githubusercontent.com/PokeAPI/sprites/master/sprites/pokemon/947.png
Toedscool,ground,grass,40,40,35,50,100,70,https://raw.githubusercontent.com/PokeAPI/sprites/master/sprites/pokemon/948.png
Toedscruel,ground,grass,80,70,65,80,120,100,https://raw.githubusercontent.com/PokeAPI/sprites/master/sprites/pokemon/949.png
Klawf,rock,,70,100,115,35,55,75,https://raw.githubusercontent.com/PokeAPI/sprites/master/sprites/pokemon/950.png
Capsakid,grass,,50,62,40,62,40,50,https://raw.githubusercontent.com/PokeAPI/sprites/master/sprites/pokemon/951.png
Scovillain,grass,fire,65,108,65,108,65,75,https://raw.githubusercontent.com/PokeAPI/sprites/master/sprites/pokemon/952.png
Rellor,bug,,41,50,60,31,58,30,https://raw.githubusercontent.com/PokeAPI/sprites/master/sprites/pokemon/953.png
Rabsca,bug,psychic,75,50,85,115,100,45,https://raw.githubusercontent.com/PokeAPI/sprites/master/sprites/pokemon/954.png
Flittle,psychic,,30,35,30,55,30,75,https://raw.githubusercontent.com/PokeAPI/sprites/master/sprites/pokemon/955.png
Espathra,psychic,,95,60,60,101,60,105,https://raw.githubusercontent.com/PokeAPI/sprites/master/sprites/pokemon/956.png
Tinkatink,fairy,steel,50,45,45,35,64,58,https://raw.githubusercontent.com/PokeAPI/sprites/master/sprites/pokemon/957.png
Tinkatuff,fairy,steel,65,55,55,45,82,78,https://raw.githubusercontent.com/PokeAPI/sprites/master/sprites/pokemon/958.png
Tinkaton,fairy,steel,85,75,77,70,105,94,https://raw.githubusercontent.com/PokeAPI/sprites/master/sprites/pokemon/959.png
Wiglett,water,,10,55,25,35,25,95,https://raw.githubusercontent.com/PokeAPI/sprites/master/sprites/pokemon/960.png
Wugtrio,water,,35,100,50,50,70,120,https://raw.githubusercontent.com/PokeAPI/sprites/master/sprites/pokemon/961.png
Bombirdier,flying,dark,70,103,85,60,85,82,https://raw.githubusercontent.com/PokeAPI/sprites/master/sprites/pokemon/962.png
Finizen,water,,70,45,40,45,40,75,https://raw.githubusercontent.com/PokeAPI/sprites/master/sprites/pokemon/963.png
Palafin-Zero,water,,100,70,72,53,62,100,https://raw.githubusercontent.com/PokeAPI/sprites/master/sprites/pokemon/964.png
Varoom,steel,poison,45,70,63,30,45,47,https://raw.githubusercontent.com/PokeAPI/sprites/master/sprites/pokemon/965.png
Revavroom,steel,poison,80,119,90,54,67,90,https://raw.githubusercontent.com/PokeAPI/sprites/master/sprites/pokemon/966.png
Cyclizar,dragon,normal,70,95,65,85,65,121,https://raw.githubusercontent.com/PokeAPI/sprites/master/sprites/pokemon/967.png
Orthworm,steel,,70,85,145,60,55,65,https://raw.githubusercontent.com/PokeAPI/sprites/master/sprites/pokemon/968.png
Glimmet,rock,poison,48,35,42,105,60,60,https://raw.githubusercontent.com/PokeAPI/sprites/master/sprites/pokemon/969.png
Glimmora,rock,poison,83,55,90,130,81,86,https://raw.githubusercontent.com/PokeAPI/sprites/master/sprites/pokemon/970.png
Greavard,ghost,,50,61,60,30,55,34,https://raw.githubusercontent.com/PokeAPI/sprites/master/sprites/pokemon/971.png
Houndstone,ghost,,72,101,100,50,97,68,https://raw.githubusercontent.com/PokeAPI/sprites/master/sprites/pokemon/972.png
Flamigo,flying,fighting,82,115,74,75,64,90,https://raw.githubusercontent.com/PokeAPI/sprites/master/sprites/pokemon/973.png
Cetoddle,ice,,108,68,45,30,40,43,https://raw.githubusercontent.com/PokeAPI/sprites/master/sprites/pokemon/974.png
Cetitan,ice,,170,113,65,45,55,73,https://raw.githubusercontent.com/PokeAPI/sprites/master/sprites/pokemon/975.png
Veluza,water,psychic,90,102,73,78,65,70,https://raw.githubusercontent.com/PokeAPI/sprites/master/sprites/pokemon/976.png
Dondozo,water,,150,100,115,65,65,35,https://raw.githubusercontent.com/PokeAPI/sprites/master/sprites/pokemon/977.png
Tatsugiri-Curly,dragon,water,68,50,60,120,95,82,https://raw.githubusercontent.com/PokeAPI/sprites/master/sprites/pokemon/978.png
Annihilape,fighting,ghost,110,115,80,50,90,90,https://raw.githubusercontent.com/PokeAPI/sprites/master/sprites/pokemon/979.png
Clodsire,poison,ground,130,75,60,45,100,20,https://raw.githubusercontent.com/PokeAPI/sprites/master/sprites/pokemon/980.png
Farigiraf,normal,psychic,120,90,70,110,70,60,https://raw.githubusercontent.com/PokeAPI/sprites/master/sprites/pokemon/981.png
Dudunsparce-Two-Segment,normal,,125,100,80,85,75,55,https://raw.githubusercontent.com/PokeAPI/sprites/master/sprites/pokemon/982.png
Kingambit,dark,steel,100,135,120,60,85,50,https://raw.githubusercontent.com/PokeAPI/sprites/master/sprites/pokemon/983.png
Great-Tusk,ground,fighting,115,131,131,53,53,87,https://raw.githubusercontent.com/PokeAPI/sprites/master/sprites/pokemon/984.png
Scream-Tail,fairy,psychic,115,65,99,65,115,111,https://raw.githubusercontent.com/PokeAPI/sprites/master/sprites/pokemon/985.png
Brute-Bonnet,grass,dark,111,127,99,79,99,55,https://raw.githubusercontent.com/PokeAPI/sprites/master/sprites/pokemon/986.png
Flutter-Mane,ghost,fairy,55,55,55,135,135,135,https://raw.githubusercontent.com/PokeAPI/sprites/master/sprites/pokemon/987.png
Slither-Wing,bug,fighting,85,135,79,85,105,81,https://raw.githubusercontent.com/PokeAPI/sprites/master/sprites/pokemon/988.png
Sandy-Shocks,electric,ground,85,81,97,121,85,101,https://raw.githubusercontent.com/PokeAPI/sprites/master/sprites/pokemon/989.png
Iron-Treads,ground,steel,90,112,120,72,70,106,https://raw.githubusercontent.com/PokeAPI/sprites/master/sprites/pokemon/990.png
Iron-Bundle,ice,water,56,80,114,124,60,136,https://raw.githubusercontent.com/PokeAPI/sprites/master/sprites/pokemon/991.png
Iron-Hands,fighting,electric,154,140,108,50,68,50,https://raw.githubusercontent.com/PokeAPI/sprites/master/sprites/pokemon/992.png
Iron-Jugulis,dark,flying,94,80,86,122,80,108,https://raw.githubusercontent.com/PokeAPI/sprites/master/sprites/pokemon/993.png
Iron-Moth,fire,poison,80,70,60,140,110,110,https://raw.githubusercontent.com/PokeAPI/sprites/master/sprites/pokemon/994.png
Iron-Thorns,rock,electric,100,134,110,70,84,72,https://raw.githubusercontent.com/PokeAPI/sprites/master/sprites/pokemon/995.png
Frigibax,dragon,ice,65,75,45,35,45,55,https://raw.githubusercontent.com/PokeAPI/sprites/master/sprites/pokemon/996.png
Arctibax,dragon,ice,90,95,66,45,65,62,https://raw.githubusercontent.com/PokeAPI/sprites/master/sprites/pokemon/997.png
Baxcalibur,dragon,ice,115,145,92,75,86,87,https://raw.githubusercontent.com/PokeAPI/sprites/master/sprites/pokemon/998.png
Gimmighoul,ghost,,45,30,70,75,70,10,https://raw.githubusercontent.com/PokeAPI/sprites/master/sprites/pokemon/999.png
Gholdengo,steel,ghost,87,60,95,133,91,84,https://raw.githubusercontent.com/PokeAPI/sprites/master/sprites/pokemon/1000.png
Wo-Chien,dark,grass,85,85,100,95,135,70,https://raw.githubusercontent.com/PokeAPI/sprites/master/sprites/pokemon/1001.png
Chien-Pao,dark,ice,80,120,80,90,65,135,https://raw.githubusercontent.com/PokeAPI/sprites/master/sprites/pokemon/1002.png
Ting-Lu,dark,ground,155,110,125,55,80,45,https://raw.githubusercontent.com/PokeAPI/sprites/master/sprites/pokemon/1003.png
Chi-Yu,dark,fire,55,80,80,135,120,100,https://raw.githubusercontent.com/PokeAPI/sprites/master/sprites/pokemon/1004.png
Roaring-Moon,dragon,dark,105,139,71,55,101,119,https://raw.githubusercontent.com/PokeAPI/sprites/master/sprites/pokemon/1005.png
Iron-Valiant,fairy,fighting,74,130,90,120,60,116,https://raw.githubusercontent.com/PokeAPI/sprites/master/sprites/pokemon/1006.png
Koraidon,fighting,dragon,100,135,115,85,100,135,https://raw.githubusercontent.com/PokeAPI/sprites/master/sprites/pokemon/1007.png
Miraidon,electric,dragon,100,85,100,135,115,135,https://raw.githubusercontent.com/PokeAPI/sprites/master/sprites/pokemon/1008.png
Walking-Wake,water,dragon,99,83,91,125,83,109,https://raw.githubusercontent.com/PokeAPI/sprites/master/sprites/pokemon/1009.png
Iron-Leaves,grass,psychic,90,130,88,70,108,104,https://raw.githubusercontent.com/PokeAPI/sprites/master/sprites/pokemon/1010.png
Dipplin,grass,dragon,80,80,110,95,80,40,https://raw.githubusercontent.com/PokeAPI/sprites/master/sprites/pokemon/1011.png
Poltchageist,grass,ghost,40,45,45,74,54,50,https://raw.githubusercontent.com/PokeAPI/sprites/master/sprites/pokemon/1012.png
Sinistcha,grass,ghost,71,60,106,121,80,70,https://raw.githubusercontent.com/PokeAPI/sprites/master/sprites/pokemon/1013.png
Okidogi,poison,fighting,88,128,115,58,86,80,https://raw.githubusercontent.com/PokeAPI/sprites/master/sprites/pokemon/1014.png
Munkidori,poison,psychic,88,75,66,130,90,106,https://raw.githubusercontent.com/PokeAPI/sprites/master/sprites/pokemon/1015.png
Fezandipiti,poison,fairy,88,91,82,70,125,99,https://raw.githubusercontent.com/PokeAPI/sprites/master/sprites/pokemon/1016.png
Ogerpon,grass,,80,120,84,60,96,110,https://raw.githubusercontent.com/PokeAPI/sprites/master/sprites/pokemon/1017.png
Archaludon,steel,dragon,90,105,130,125,65,85,https://raw.githubusercontent.com/PokeAPI/sprites/master/sprites/pokemon/1018.png
Hydrapple,grass,dragon,106,80,110,120,80,44,https://raw.githubusercontent.com/PokeAPI/sprites/master/sprites/pokemon/1019.png
Gouging-Fire,fire,dragon,105,115,121,65,93,91,https://raw.githubusercontent.com/PokeAPI/sprites/master/sprites/pokemon/1020.png
Raging-Bolt,electric,dragon,125,73,91,137,89,75,https://raw.githubusercontent.com/PokeAPI/sprites/master/sprites/pokemon/1021.png
Iron-Boulder,rock,psychic,90,120,80,68,108,124,https://raw.githubusercontent.com/PokeAPI/sprites/master/sprites/pokemon/1022.png
Iron-Crown,steel,psychic,90,72,100,122,108,98,https://raw.githubusercontent.com/PokeAPI/sprites/master/sprites/pokemon/1023.png
Terapagos,normal,,90,65,85,65,85,60,https://raw.githubusercontent.com/PokeAPI/sprites/master/sprites/pokemon/1024.png
Pecharunt,poison,ghost,88,88,160,88,88,88,https://raw.githubusercontent.com/PokeAPI/sprites/master/sprites/pokemon/1025.png
